[{"_path":"/uni-use/api/usestoragesync","_dir":"api","_draft":false,"_partial":false,"_locale":"","title":"useStorageSync","description":"uni-app 关于 同步 storage 操作 的封装。","_type":"markdown","_id":"content:uni-use:2.api:useStorageSync.md","_source":"content","_file":"uni-use/2.api/useStorageSync.md","_stem":"uni-use/2.api/useStorageSync","_extension":"md"},{"_path":"/uni-use/api/useuploadfile","_dir":"api","_draft":false,"_partial":false,"_locale":"","title":"useUploadFile","description":"uni.uploadFile 的封装，对标 @vueuse/core v10.7.1。使用方法参见 https://vueuse.org/integrations/useAxios/。","_type":"markdown","_id":"content:uni-use:2.api:useUploadFile.md","_source":"content","_file":"uni-use/2.api/useUploadFile.md","_stem":"uni-use/2.api/useUploadFile","_extension":"md"}]