[{"_path":"/uni-use/api/usepagescroll","_dir":"api","_draft":false,"_partial":false,"_locale":"","title":"usePageScroll","description":"控制与监听页面滚动。","_type":"markdown","_id":"content:uni-use:2.api:usePageScroll.md","_source":"content","_file":"uni-use/2.api/usePageScroll.md","_stem":"uni-use/2.api/usePageScroll","_extension":"md"},{"_path":"/uni-use/api/usepreferredlanguage","_dir":"api","_draft":false,"_partial":false,"_locale":"","title":"usePreferredLanguage","description":"响应式的语言偏好。","_type":"markdown","_id":"content:uni-use:2.api:usePreferredLanguage.md","_source":"content","_file":"uni-use/2.api/usePreferredLanguage.md","_stem":"uni-use/2.api/usePreferredLanguage","_extension":"md"}]