{"_path":"/uni-typed/guide/uni-cloud-types","_dir":"guide","_draft":false,"_partial":false,"_locale":"","title":"uni-cloud-types","description":"为 Vue v3 uni-cloud 组件提供 TypeScript 类型","icon":"hugeicons:typescript-01","navTruncate":false,"badges":[{"value":"npm","to":"https://www.npmjs.com/package/@uni-helper//uni-cloud-types","target":"_blank"},{"value":"source","icon":"lucide:code","to":"https://github.com/uni-helper/uni-typed","target":"_blank"}],"body":{"type":"root","children":[{"type":"element","tag":"h2","props":{"id":"安装与配置"},"children":[{"type":"text","value":"安装与配置"}]},{"type":"element","tag":"h3","props":{"id":"配置编辑器ide"},"children":[{"type":"text","value":"配置编辑器/IDE"}]},{"type":"element","tag":"p","props":{},"children":[{"type":"text","value":"请参考 "},{"type":"element","tag":"a","props":{"href":"https://cn.vuejs.org/guide/typescript/overview.html","rel":["nofollow"]},"children":[{"type":"text","value":"搭配 TypeScript 使用 Vue"}]},{"type":"text","value":" 配置你的编辑器或 IDE 以及 tsconfig.json，配置完毕后请重启你的编辑器或 IDE 以确保服务启动。"}]},{"type":"element","tag":"h3","props":{"id":"模板"},"children":[{"type":"text","value":"模板"}]},{"type":"element","tag":"h4","props":{"id":"官方模板"},"children":[{"type":"text","value":"官方模板"}]},{"type":"element","tag":"p","props":{},"children":[{"type":"text","value":"根据 "},{"type":"element","tag":"a","props":{"href":"https://uniapp.dcloud.net.cn/quickstart-cli.html","rel":["nofollow"]},"children":[{"type":"text","value":"官方文档"}]},{"type":"text","value":"，你可以使用以下命令获取官方模板。"}]},{"type":"element","tag":"pre","props":{"className":"language-shell shiki shiki-themes github-light github-dark","code":"npx degit dcloudio/uni-preset-vue#vite-ts my-vue3-project\n","language":"shell","meta":"","style":""},"children":[{"type":"element","tag":"code","props":{"__ignoreMap":""},"children":[{"type":"element","tag":"span","props":{"class":"line","line":1},"children":[{"type":"element","tag":"span","props":{"style":"--shiki-default:#6F42C1;--shiki-dark:#B392F0"},"children":[{"type":"text","value":"npx"}]},{"type":"element","tag":"span","props":{"style":"--shiki-default:#032F62;--shiki-dark:#9ECBFF"},"children":[{"type":"text","value":" degit"}]},{"type":"element","tag":"span","props":{"style":"--shiki-default:#032F62;--shiki-dark:#9ECBFF"},"children":[{"type":"text","value":" dcloudio/uni-preset-vue#vite-ts"}]},{"type":"element","tag":"span","props":{"style":"--shiki-default:#032F62;--shiki-dark:#9ECBFF"},"children":[{"type":"text","value":" my-vue3-project\n"}]}]}]}]},{"type":"element","tag":"p","props":{},"children":[{"type":"text","value":"如果网络不好，可以直接访问 "},{"type":"element","tag":"a","props":{"href":"https://gitee.com/dcloud/uni-preset-vue/repository/archive/vite-ts.zip","rel":["nofollow"]},"children":[{"type":"text","value":"这里"}]},{"type":"text","value":" 获取。"}]},{"type":"element","tag":"alert","props":{},"children":[{"type":"element","tag":"p","props":{},"children":[{"type":"text","value":"截至 2024-07-28，官方模板依赖版本相对落后，如果你正在使用它，必须升级相关依赖版本才能正常获取相关 TypeScript 类型提示，请参考 "},{"type":"element","tag":"a","props":{"href":"#%E5%B7%B2%E6%9C%89%E9%A1%B9%E7%9B%AE"},"children":[{"type":"text","value":"已有项目"}]},{"type":"text","value":" 章节调整。"}]}]},{"type":"element","tag":"h4","props":{"id":"社区模板"},"children":[{"type":"text","value":"社区模板"}]},{"type":"element","tag":"p","props":{},"children":[{"type":"text","value":"我们推荐使用 "},{"type":"element","tag":"a","props":{"href":"/create-uni"},"children":[{"type":"text","value":"create-uni"}]},{"type":"text","value":" 来创建一个模板，你也可以在 "},{"type":"element","tag":"a","props":{"href":"https://github.com/uni-helper/awesome-uni-app#%E6%A8%A1%E6%9D%BF","rel":["nofollow"]},"children":[{"type":"text","value":"这里"}]},{"type":"text","value":" 查看其它社区模板并挑选一个适合自己的。"}]},{"type":"element","tag":"h3","props":{"id":"已有项目"},"children":[{"type":"text","value":"已有项目"}]},{"type":"element","tag":"h4","props":{"id":"安装依赖"},"children":[{"type":"text","value":"安装依赖"}]},{"type":"element","tag":"pm-install","props":{"name":"-D @uni-helper/uni-cloud-types"},"children":[]},{"type":"element","tag":"p","props":{},"children":[{"type":"text","value":"同时，你需要保证项目内已经安装了 Vue v3 和 TypeScript v5 相关依赖。"}]},{"type":"element","tag":"alert","props":{"icon":"lucide:triangle-alert","type":"warning"},"children":[{"type":"element","tag":"p","props":{},"children":[{"type":"text","value":"为了避免幽灵依赖（又称幻影依赖，详见 "},{"type":"element","tag":"a","props":{"href":"https://rushjs.io/zh-cn/pages/advanced/phantom_deps/","rel":["nofollow"]},"children":[{"type":"text","value":"这篇文章"}]},{"type":"text","value":"），请检查你的包管理器。"}]},{"type":"element","tag":"p","props":{},"children":[{"type":"text","value":"如果你正在使用 yarn v2 或以上版本，请参考 "},{"type":"element","tag":"a","props":{"href":"https://yarnpkg.com/configuration/yarnrc/#nodeLinker","rel":["nofollow"]},"children":[{"type":"text","value":"文档"}]},{"type":"text","value":" 设置 "},{"type":"element","tag":"code","props":{"className":[]},"children":[{"type":"text","value":"nodeLinker"}]},{"type":"text","value":" 为 "},{"type":"element","tag":"code","props":{"className":[]},"children":[{"type":"text","value":"node_modules"}]},{"type":"text","value":"。"}]},{"type":"element","tag":"p","props":{},"children":[{"type":"text","value":"如果你正在使用 pnpm，请参考 "},{"type":"element","tag":"a","props":{"href":"https://pnpm.io/npmrc#shamefully-hoist","rel":["nofollow"]},"children":[{"type":"text","value":"文档"}]},{"type":"text","value":" 设置 "},{"type":"element","tag":"code","props":{"className":[]},"children":[{"type":"text","value":"shamefully-hoist"}]},{"type":"text","value":" 为 "},{"type":"element","tag":"code","props":{"className":[]},"children":[{"type":"text","value":"true"}]},{"type":"text","value":"。"}]}]},{"type":"element","tag":"h4","props":{"id":"配置-typescript"},"children":[{"type":"text","value":"配置 TypeScript"}]},{"type":"element","tag":"p","props":{},"children":[{"type":"text","value":"更新 "},{"type":"element","tag":"code","props":{"className":[]},"children":[{"type":"text","value":"tsconfig.json"}]},{"type":"text","value":"，确保："}]},{"type":"element","tag":"ul","props":{},"children":[{"type":"element","tag":"li","props":{},"children":[{"type":"element","tag":"code","props":{"className":[]},"children":[{"type":"text","value":"compilerOptions.moduleResolution"}]},{"type":"text","value":" 为 Bundler"}]},{"type":"element","tag":"li","props":{},"children":[{"type":"element","tag":"code","props":{"className":[]},"children":[{"type":"text","value":"compilerOptions.types"}]},{"type":"text","value":" 包含 @uni-helper/uni-cloud-types"}]},{"type":"element","tag":"li","props":{},"children":[{"type":"element","tag":"code","props":{"className":[]},"children":[{"type":"text","value":"include"}]},{"type":"text","value":" 包含 Vue 相关源码文件"}]}]},{"type":"element","tag":"p","props":{},"children":[{"type":"text","value":"以下是一个 "},{"type":"element","tag":"code","props":{"className":[]},"children":[{"type":"text","value":"tsconfig.json"}]},{"type":"text","value":" 示例，你可以直接复制它并粘贴到项目内。请注意，你可能需要稍微调整以匹配你的开发需求，相关依赖需要自行安装。"}]},{"type":"element","tag":"pre","props":{"className":"language-jsonc shiki shiki-themes github-light github-dark","code":"{\n  // 对应 @vue/tsconfig v0.5.1\n  \"compilerOptions\": {\n    \"lib\": [\"DOM\", \"DOM.Iterable\", \"ESNext\"],\n    \"module\": \"ESNext\",\n    \"moduleResolution\": \"Bundler\",\n    \"resolveJsonModule\": true,\n    \"jsx\": \"preserve\",\n    \"jsxImportSource\": \"vue\",\n    \"noImplicitThis\": true,\n    \"strict\": true,\n    \"verbatimModuleSyntax\": true,\n    \"target\": \"ESNext\",\n    \"useDefineForClassFields\": true,\n    \"esModuleInterop\": true,\n    \"forceConsistentCasingInFileNames\": true,\n    \"skipLibCheck\": true,\n    \"types\": [\n      // uni-app + Vue 3 使用 Vite 构建，需要安装 vite\n      \"vite/client\",\n      // uni API 相关的 TypeScript 类型，需要安装 @dcloudio/types\n      \"@dcloudio/types\",\n      // my API 相关的 TypeScript 类型，需要安装 @mini-types/alipay\n      \"@mini-types/alipay\",\n      // wx API 相关的 TypeScript 类型，需要安装 miniprogram-api-typings\n      \"miniprogram-api-typings\",\n      // 为 uni-app 组件提供 TypeScript 类型，需要安装 @uni-helper/uni-cloud-types\n      \"@uni-helper/uni-cloud-types\"\n    ]\n  },\n  \"include\": [\"src/**/*.ts\", \"src/**/*.d.ts\", \"src/**/*.tsx\", \"src/**/*.vue\", \"*.d.ts\"]\n}\n","filename":"tsconfig.json","language":"jsonc","meta":"","style":""},"children":[{"type":"element","tag":"code","props":{"__ignoreMap":""},"children":[{"type":"element","tag":"span","props":{"class":"line","line":1},"children":[{"type":"element","tag":"span","props":{"style":"--shiki-default:#24292E;--shiki-dark:#E1E4E8"},"children":[{"type":"text","value":"{\n"}]}]},{"type":"element","tag":"span","props":{"class":"line","line":2},"children":[{"type":"element","tag":"span","props":{"style":"--shiki-default:#6A737D;--shiki-dark:#6A737D"},"children":[{"type":"text","value":"  // 对应 @vue/tsconfig v0.5.1\n"}]}]},{"type":"element","tag":"span","props":{"class":"line","line":3},"children":[{"type":"element","tag":"span","props":{"style":"--shiki-default:#005CC5;--shiki-dark:#79B8FF"},"children":[{"type":"text","value":"  \"compilerOptions\""}]},{"type":"element","tag":"span","props":{"style":"--shiki-default:#24292E;--shiki-dark:#E1E4E8"},"children":[{"type":"text","value":": {\n"}]}]},{"type":"element","tag":"span","props":{"class":"line","line":4},"children":[{"type":"element","tag":"span","props":{"style":"--shiki-default:#005CC5;--shiki-dark:#79B8FF"},"children":[{"type":"text","value":"    \"lib\""}]},{"type":"element","tag":"span","props":{"style":"--shiki-default:#24292E;--shiki-dark:#E1E4E8"},"children":[{"type":"text","value":": ["}]},{"type":"element","tag":"span","props":{"style":"--shiki-default:#032F62;--shiki-dark:#9ECBFF"},"children":[{"type":"text","value":"\"DOM\""}]},{"type":"element","tag":"span","props":{"style":"--shiki-default:#24292E;--shiki-dark:#E1E4E8"},"children":[{"type":"text","value":", "}]},{"type":"element","tag":"span","props":{"style":"--shiki-default:#032F62;--shiki-dark:#9ECBFF"},"children":[{"type":"text","value":"\"DOM.Iterable\""}]},{"type":"element","tag":"span","props":{"style":"--shiki-default:#24292E;--shiki-dark:#E1E4E8"},"children":[{"type":"text","value":", "}]},{"type":"element","tag":"span","props":{"style":"--shiki-default:#032F62;--shiki-dark:#9ECBFF"},"children":[{"type":"text","value":"\"ESNext\""}]},{"type":"element","tag":"span","props":{"style":"--shiki-default:#24292E;--shiki-dark:#E1E4E8"},"children":[{"type":"text","value":"],\n"}]}]},{"type":"element","tag":"span","props":{"class":"line","line":5},"children":[{"type":"element","tag":"span","props":{"style":"--shiki-default:#005CC5;--shiki-dark:#79B8FF"},"children":[{"type":"text","value":"    \"module\""}]},{"type":"element","tag":"span","props":{"style":"--shiki-default:#24292E;--shiki-dark:#E1E4E8"},"children":[{"type":"text","value":": "}]},{"type":"element","tag":"span","props":{"style":"--shiki-default:#032F62;--shiki-dark:#9ECBFF"},"children":[{"type":"text","value":"\"ESNext\""}]},{"type":"element","tag":"span","props":{"style":"--shiki-default:#24292E;--shiki-dark:#E1E4E8"},"children":[{"type":"text","value":",\n"}]}]},{"type":"element","tag":"span","props":{"class":"line","line":6},"children":[{"type":"element","tag":"span","props":{"style":"--shiki-default:#005CC5;--shiki-dark:#79B8FF"},"children":[{"type":"text","value":"    \"moduleResolution\""}]},{"type":"element","tag":"span","props":{"style":"--shiki-default:#24292E;--shiki-dark:#E1E4E8"},"children":[{"type":"text","value":": "}]},{"type":"element","tag":"span","props":{"style":"--shiki-default:#032F62;--shiki-dark:#9ECBFF"},"children":[{"type":"text","value":"\"Bundler\""}]},{"type":"element","tag":"span","props":{"style":"--shiki-default:#24292E;--shiki-dark:#E1E4E8"},"children":[{"type":"text","value":",\n"}]}]},{"type":"element","tag":"span","props":{"class":"line","line":7},"children":[{"type":"element","tag":"span","props":{"style":"--shiki-default:#005CC5;--shiki-dark:#79B8FF"},"children":[{"type":"text","value":"    \"resolveJsonModule\""}]},{"type":"element","tag":"span","props":{"style":"--shiki-default:#24292E;--shiki-dark:#E1E4E8"},"children":[{"type":"text","value":": "}]},{"type":"element","tag":"span","props":{"style":"--shiki-default:#005CC5;--shiki-dark:#79B8FF"},"children":[{"type":"text","value":"true"}]},{"type":"element","tag":"span","props":{"style":"--shiki-default:#24292E;--shiki-dark:#E1E4E8"},"children":[{"type":"text","value":",\n"}]}]},{"type":"element","tag":"span","props":{"class":"line","line":8},"children":[{"type":"element","tag":"span","props":{"style":"--shiki-default:#005CC5;--shiki-dark:#79B8FF"},"children":[{"type":"text","value":"    \"jsx\""}]},{"type":"element","tag":"span","props":{"style":"--shiki-default:#24292E;--shiki-dark:#E1E4E8"},"children":[{"type":"text","value":": "}]},{"type":"element","tag":"span","props":{"style":"--shiki-default:#032F62;--shiki-dark:#9ECBFF"},"children":[{"type":"text","value":"\"preserve\""}]},{"type":"element","tag":"span","props":{"style":"--shiki-default:#24292E;--shiki-dark:#E1E4E8"},"children":[{"type":"text","value":",\n"}]}]},{"type":"element","tag":"span","props":{"class":"line","line":9},"children":[{"type":"element","tag":"span","props":{"style":"--shiki-default:#005CC5;--shiki-dark:#79B8FF"},"children":[{"type":"text","value":"    \"jsxImportSource\""}]},{"type":"element","tag":"span","props":{"style":"--shiki-default:#24292E;--shiki-dark:#E1E4E8"},"children":[{"type":"text","value":": "}]},{"type":"element","tag":"span","props":{"style":"--shiki-default:#032F62;--shiki-dark:#9ECBFF"},"children":[{"type":"text","value":"\"vue\""}]},{"type":"element","tag":"span","props":{"style":"--shiki-default:#24292E;--shiki-dark:#E1E4E8"},"children":[{"type":"text","value":",\n"}]}]},{"type":"element","tag":"span","props":{"class":"line","line":10},"children":[{"type":"element","tag":"span","props":{"style":"--shiki-default:#005CC5;--shiki-dark:#79B8FF"},"children":[{"type":"text","value":"    \"noImplicitThis\""}]},{"type":"element","tag":"span","props":{"style":"--shiki-default:#24292E;--shiki-dark:#E1E4E8"},"children":[{"type":"text","value":": "}]},{"type":"element","tag":"span","props":{"style":"--shiki-default:#005CC5;--shiki-dark:#79B8FF"},"children":[{"type":"text","value":"true"}]},{"type":"element","tag":"span","props":{"style":"--shiki-default:#24292E;--shiki-dark:#E1E4E8"},"children":[{"type":"text","value":",\n"}]}]},{"type":"element","tag":"span","props":{"class":"line","line":11},"children":[{"type":"element","tag":"span","props":{"style":"--shiki-default:#005CC5;--shiki-dark:#79B8FF"},"children":[{"type":"text","value":"    \"strict\""}]},{"type":"element","tag":"span","props":{"style":"--shiki-default:#24292E;--shiki-dark:#E1E4E8"},"children":[{"type":"text","value":": "}]},{"type":"element","tag":"span","props":{"style":"--shiki-default:#005CC5;--shiki-dark:#79B8FF"},"children":[{"type":"text","value":"true"}]},{"type":"element","tag":"span","props":{"style":"--shiki-default:#24292E;--shiki-dark:#E1E4E8"},"children":[{"type":"text","value":",\n"}]}]},{"type":"element","tag":"span","props":{"class":"line","line":12},"children":[{"type":"element","tag":"span","props":{"style":"--shiki-default:#005CC5;--shiki-dark:#79B8FF"},"children":[{"type":"text","value":"    \"verbatimModuleSyntax\""}]},{"type":"element","tag":"span","props":{"style":"--shiki-default:#24292E;--shiki-dark:#E1E4E8"},"children":[{"type":"text","value":": "}]},{"type":"element","tag":"span","props":{"style":"--shiki-default:#005CC5;--shiki-dark:#79B8FF"},"children":[{"type":"text","value":"true"}]},{"type":"element","tag":"span","props":{"style":"--shiki-default:#24292E;--shiki-dark:#E1E4E8"},"children":[{"type":"text","value":",\n"}]}]},{"type":"element","tag":"span","props":{"class":"line","line":13},"children":[{"type":"element","tag":"span","props":{"style":"--shiki-default:#005CC5;--shiki-dark:#79B8FF"},"children":[{"type":"text","value":"    \"target\""}]},{"type":"element","tag":"span","props":{"style":"--shiki-default:#24292E;--shiki-dark:#E1E4E8"},"children":[{"type":"text","value":": "}]},{"type":"element","tag":"span","props":{"style":"--shiki-default:#032F62;--shiki-dark:#9ECBFF"},"children":[{"type":"text","value":"\"ESNext\""}]},{"type":"element","tag":"span","props":{"style":"--shiki-default:#24292E;--shiki-dark:#E1E4E8"},"children":[{"type":"text","value":",\n"}]}]},{"type":"element","tag":"span","props":{"class":"line","line":14},"children":[{"type":"element","tag":"span","props":{"style":"--shiki-default:#005CC5;--shiki-dark:#79B8FF"},"children":[{"type":"text","value":"    \"useDefineForClassFields\""}]},{"type":"element","tag":"span","props":{"style":"--shiki-default:#24292E;--shiki-dark:#E1E4E8"},"children":[{"type":"text","value":": "}]},{"type":"element","tag":"span","props":{"style":"--shiki-default:#005CC5;--shiki-dark:#79B8FF"},"children":[{"type":"text","value":"true"}]},{"type":"element","tag":"span","props":{"style":"--shiki-default:#24292E;--shiki-dark:#E1E4E8"},"children":[{"type":"text","value":",\n"}]}]},{"type":"element","tag":"span","props":{"class":"line","line":15},"children":[{"type":"element","tag":"span","props":{"style":"--shiki-default:#005CC5;--shiki-dark:#79B8FF"},"children":[{"type":"text","value":"    \"esModuleInterop\""}]},{"type":"element","tag":"span","props":{"style":"--shiki-default:#24292E;--shiki-dark:#E1E4E8"},"children":[{"type":"text","value":": "}]},{"type":"element","tag":"span","props":{"style":"--shiki-default:#005CC5;--shiki-dark:#79B8FF"},"children":[{"type":"text","value":"true"}]},{"type":"element","tag":"span","props":{"style":"--shiki-default:#24292E;--shiki-dark:#E1E4E8"},"children":[{"type":"text","value":",\n"}]}]},{"type":"element","tag":"span","props":{"class":"line","line":16},"children":[{"type":"element","tag":"span","props":{"style":"--shiki-default:#005CC5;--shiki-dark:#79B8FF"},"children":[{"type":"text","value":"    \"forceConsistentCasingInFileNames\""}]},{"type":"element","tag":"span","props":{"style":"--shiki-default:#24292E;--shiki-dark:#E1E4E8"},"children":[{"type":"text","value":": "}]},{"type":"element","tag":"span","props":{"style":"--shiki-default:#005CC5;--shiki-dark:#79B8FF"},"children":[{"type":"text","value":"true"}]},{"type":"element","tag":"span","props":{"style":"--shiki-default:#24292E;--shiki-dark:#E1E4E8"},"children":[{"type":"text","value":",\n"}]}]},{"type":"element","tag":"span","props":{"class":"line","line":17},"children":[{"type":"element","tag":"span","props":{"style":"--shiki-default:#005CC5;--shiki-dark:#79B8FF"},"children":[{"type":"text","value":"    \"skipLibCheck\""}]},{"type":"element","tag":"span","props":{"style":"--shiki-default:#24292E;--shiki-dark:#E1E4E8"},"children":[{"type":"text","value":": "}]},{"type":"element","tag":"span","props":{"style":"--shiki-default:#005CC5;--shiki-dark:#79B8FF"},"children":[{"type":"text","value":"true"}]},{"type":"element","tag":"span","props":{"style":"--shiki-default:#24292E;--shiki-dark:#E1E4E8"},"children":[{"type":"text","value":",\n"}]}]},{"type":"element","tag":"span","props":{"class":"line","line":18},"children":[{"type":"element","tag":"span","props":{"style":"--shiki-default:#005CC5;--shiki-dark:#79B8FF"},"children":[{"type":"text","value":"    \"types\""}]},{"type":"element","tag":"span","props":{"style":"--shiki-default:#24292E;--shiki-dark:#E1E4E8"},"children":[{"type":"text","value":": [\n"}]}]},{"type":"element","tag":"span","props":{"class":"line","line":19},"children":[{"type":"element","tag":"span","props":{"style":"--shiki-default:#6A737D;--shiki-dark:#6A737D"},"children":[{"type":"text","value":"      // uni-app + Vue 3 使用 Vite 构建，需要安装 vite\n"}]}]},{"type":"element","tag":"span","props":{"class":"line","line":20},"children":[{"type":"element","tag":"span","props":{"style":"--shiki-default:#032F62;--shiki-dark:#9ECBFF"},"children":[{"type":"text","value":"      \"vite/client\""}]},{"type":"element","tag":"span","props":{"style":"--shiki-default:#24292E;--shiki-dark:#E1E4E8"},"children":[{"type":"text","value":",\n"}]}]},{"type":"element","tag":"span","props":{"class":"line","line":21},"children":[{"type":"element","tag":"span","props":{"style":"--shiki-default:#6A737D;--shiki-dark:#6A737D"},"children":[{"type":"text","value":"      // uni API 相关的 TypeScript 类型，需要安装 @dcloudio/types\n"}]}]},{"type":"element","tag":"span","props":{"class":"line","line":22},"children":[{"type":"element","tag":"span","props":{"style":"--shiki-default:#032F62;--shiki-dark:#9ECBFF"},"children":[{"type":"text","value":"      \"@dcloudio/types\""}]},{"type":"element","tag":"span","props":{"style":"--shiki-default:#24292E;--shiki-dark:#E1E4E8"},"children":[{"type":"text","value":",\n"}]}]},{"type":"element","tag":"span","props":{"class":"line","line":23},"children":[{"type":"element","tag":"span","props":{"style":"--shiki-default:#6A737D;--shiki-dark:#6A737D"},"children":[{"type":"text","value":"      // my API 相关的 TypeScript 类型，需要安装 @mini-types/alipay\n"}]}]},{"type":"element","tag":"span","props":{"class":"line","line":24},"children":[{"type":"element","tag":"span","props":{"style":"--shiki-default:#032F62;--shiki-dark:#9ECBFF"},"children":[{"type":"text","value":"      \"@mini-types/alipay\""}]},{"type":"element","tag":"span","props":{"style":"--shiki-default:#24292E;--shiki-dark:#E1E4E8"},"children":[{"type":"text","value":",\n"}]}]},{"type":"element","tag":"span","props":{"class":"line","line":25},"children":[{"type":"element","tag":"span","props":{"style":"--shiki-default:#6A737D;--shiki-dark:#6A737D"},"children":[{"type":"text","value":"      // wx API 相关的 TypeScript 类型，需要安装 miniprogram-api-typings\n"}]}]},{"type":"element","tag":"span","props":{"class":"line","line":26},"children":[{"type":"element","tag":"span","props":{"style":"--shiki-default:#032F62;--shiki-dark:#9ECBFF"},"children":[{"type":"text","value":"      \"miniprogram-api-typings\""}]},{"type":"element","tag":"span","props":{"style":"--shiki-default:#24292E;--shiki-dark:#E1E4E8"},"children":[{"type":"text","value":",\n"}]}]},{"type":"element","tag":"span","props":{"class":"line","line":27},"children":[{"type":"element","tag":"span","props":{"style":"--shiki-default:#6A737D;--shiki-dark:#6A737D"},"children":[{"type":"text","value":"      // 为 uni-app 组件提供 TypeScript 类型，需要安装 @uni-helper/uni-cloud-types\n"}]}]},{"type":"element","tag":"span","props":{"class":"line","line":28},"children":[{"type":"element","tag":"span","props":{"style":"--shiki-default:#032F62;--shiki-dark:#9ECBFF"},"children":[{"type":"text","value":"      \"@uni-helper/uni-cloud-types\"\n"}]}]},{"type":"element","tag":"span","props":{"class":"line","line":29},"children":[{"type":"element","tag":"span","props":{"style":"--shiki-default:#24292E;--shiki-dark:#E1E4E8"},"children":[{"type":"text","value":"    ]\n"}]}]},{"type":"element","tag":"span","props":{"class":"line","line":30},"children":[{"type":"element","tag":"span","props":{"style":"--shiki-default:#24292E;--shiki-dark:#E1E4E8"},"children":[{"type":"text","value":"  },\n"}]}]},{"type":"element","tag":"span","props":{"class":"line","line":31},"children":[{"type":"element","tag":"span","props":{"style":"--shiki-default:#005CC5;--shiki-dark:#79B8FF"},"children":[{"type":"text","value":"  \"include\""}]},{"type":"element","tag":"span","props":{"style":"--shiki-default:#24292E;--shiki-dark:#E1E4E8"},"children":[{"type":"text","value":": ["}]},{"type":"element","tag":"span","props":{"style":"--shiki-default:#032F62;--shiki-dark:#9ECBFF"},"children":[{"type":"text","value":"\"src/**/*.ts\""}]},{"type":"element","tag":"span","props":{"style":"--shiki-default:#24292E;--shiki-dark:#E1E4E8"},"children":[{"type":"text","value":", "}]},{"type":"element","tag":"span","props":{"style":"--shiki-default:#032F62;--shiki-dark:#9ECBFF"},"children":[{"type":"text","value":"\"src/**/*.d.ts\""}]},{"type":"element","tag":"span","props":{"style":"--shiki-default:#24292E;--shiki-dark:#E1E4E8"},"children":[{"type":"text","value":", "}]},{"type":"element","tag":"span","props":{"style":"--shiki-default:#032F62;--shiki-dark:#9ECBFF"},"children":[{"type":"text","value":"\"src/**/*.tsx\""}]},{"type":"element","tag":"span","props":{"style":"--shiki-default:#24292E;--shiki-dark:#E1E4E8"},"children":[{"type":"text","value":", "}]},{"type":"element","tag":"span","props":{"style":"--shiki-default:#032F62;--shiki-dark:#9ECBFF"},"children":[{"type":"text","value":"\"src/**/*.vue\""}]},{"type":"element","tag":"span","props":{"style":"--shiki-default:#24292E;--shiki-dark:#E1E4E8"},"children":[{"type":"text","value":", "}]},{"type":"element","tag":"span","props":{"style":"--shiki-default:#032F62;--shiki-dark:#9ECBFF"},"children":[{"type":"text","value":"\"*.d.ts\""}]},{"type":"element","tag":"span","props":{"style":"--shiki-default:#24292E;--shiki-dark:#E1E4E8"},"children":[{"type":"text","value":"]\n"}]}]},{"type":"element","tag":"span","props":{"class":"line","line":32},"children":[{"type":"element","tag":"span","props":{"style":"--shiki-default:#24292E;--shiki-dark:#E1E4E8"},"children":[{"type":"text","value":"}\n"}]}]}]}]},{"type":"element","tag":"p","props":{},"children":[{"type":"text","value":"再次重启你的编辑器或 IDE 以确保服务启动并正确加载配置。如果一切顺利，你应该可以看到类似的 TypeScript 类型提示。"}]},{"type":"element","tag":"p","props":{},"children":[{"type":"element","tag":"img","props":{"alt":"示例","src":"uni-typed/uni-cloud-types-example.png"},"children":[]}]},{"type":"element","tag":"h2","props":{"id":"使用"},"children":[{"type":"text","value":"使用"}]},{"type":"element","tag":"h3","props":{"id":"template"},"children":[{"type":"text","value":"Template"}]},{"type":"element","tag":"p","props":{},"children":[{"type":"text","value":"自动为 Template 内对应组件附加 TypeScript 类型提示。"}]},{"type":"element","tag":"p","props":{},"children":[{"type":"element","tag":"img","props":{"alt":"示例","src":"uni-typed/uni-cloud-types-example.png"},"children":[]}]},{"type":"element","tag":"h3","props":{"id":"script"},"children":[{"type":"text","value":"Script"}]},{"type":"element","tag":"p","props":{},"children":[{"type":"text","value":"推荐使用导出的 TypeScript 类型为变量标注类型。"}]},{"type":"element","tag":"pre","props":{"className":"language-vue shiki shiki-themes github-light github-dark","code":"<script setup lang=\"ts\">\nimport type {\n  UnicloudDbOnLoad,\n  UnicloudDbSpaceInfoProvider,\n} from '@uni-helper/uni-cloud-types'\nimport { ref } from 'vue'\n\nconst spaceInfoProvider = ref<UnicloudDbSpaceInfoProvider>('aliyun')\nconst onLoad: UnicloudDbOnLoad = (event) => {\n  // ...\n}\n</script>\n\n<template>\n  <unicloud-db @load=\"onLoad\" />\n</template>\n","filename":"index.vue","language":"vue","meta":"","style":""},"children":[{"type":"element","tag":"code","props":{"__ignoreMap":""},"children":[{"type":"element","tag":"span","props":{"class":"line","line":1},"children":[{"type":"element","tag":"span","props":{"style":"--shiki-default:#24292E;--shiki-dark:#E1E4E8"},"children":[{"type":"text","value":"<"}]},{"type":"element","tag":"span","props":{"style":"--shiki-default:#22863A;--shiki-dark:#85E89D"},"children":[{"type":"text","value":"script"}]},{"type":"element","tag":"span","props":{"style":"--shiki-default:#6F42C1;--shiki-dark:#B392F0"},"children":[{"type":"text","value":" setup"}]},{"type":"element","tag":"span","props":{"style":"--shiki-default:#6F42C1;--shiki-dark:#B392F0"},"children":[{"type":"text","value":" lang"}]},{"type":"element","tag":"span","props":{"style":"--shiki-default:#24292E;--shiki-dark:#E1E4E8"},"children":[{"type":"text","value":"="}]},{"type":"element","tag":"span","props":{"style":"--shiki-default:#032F62;--shiki-dark:#9ECBFF"},"children":[{"type":"text","value":"\"ts\""}]},{"type":"element","tag":"span","props":{"style":"--shiki-default:#24292E;--shiki-dark:#E1E4E8"},"children":[{"type":"text","value":">\n"}]}]},{"type":"element","tag":"span","props":{"class":"line","line":2},"children":[{"type":"element","tag":"span","props":{"style":"--shiki-default:#D73A49;--shiki-dark:#F97583"},"children":[{"type":"text","value":"import"}]},{"type":"element","tag":"span","props":{"style":"--shiki-default:#D73A49;--shiki-dark:#F97583"},"children":[{"type":"text","value":" type"}]},{"type":"element","tag":"span","props":{"style":"--shiki-default:#24292E;--shiki-dark:#E1E4E8"},"children":[{"type":"text","value":" {\n"}]}]},{"type":"element","tag":"span","props":{"class":"line","line":3},"children":[{"type":"element","tag":"span","props":{"style":"--shiki-default:#24292E;--shiki-dark:#E1E4E8"},"children":[{"type":"text","value":"  UnicloudDbOnLoad,\n"}]}]},{"type":"element","tag":"span","props":{"class":"line","line":4},"children":[{"type":"element","tag":"span","props":{"style":"--shiki-default:#24292E;--shiki-dark:#E1E4E8"},"children":[{"type":"text","value":"  UnicloudDbSpaceInfoProvider,\n"}]}]},{"type":"element","tag":"span","props":{"class":"line","line":5},"children":[{"type":"element","tag":"span","props":{"style":"--shiki-default:#24292E;--shiki-dark:#E1E4E8"},"children":[{"type":"text","value":"} "}]},{"type":"element","tag":"span","props":{"style":"--shiki-default:#D73A49;--shiki-dark:#F97583"},"children":[{"type":"text","value":"from"}]},{"type":"element","tag":"span","props":{"style":"--shiki-default:#032F62;--shiki-dark:#9ECBFF"},"children":[{"type":"text","value":" '@uni-helper/uni-cloud-types'\n"}]}]},{"type":"element","tag":"span","props":{"class":"line","line":6},"children":[{"type":"element","tag":"span","props":{"style":"--shiki-default:#D73A49;--shiki-dark:#F97583"},"children":[{"type":"text","value":"import"}]},{"type":"element","tag":"span","props":{"style":"--shiki-default:#24292E;--shiki-dark:#E1E4E8"},"children":[{"type":"text","value":" { ref } "}]},{"type":"element","tag":"span","props":{"style":"--shiki-default:#D73A49;--shiki-dark:#F97583"},"children":[{"type":"text","value":"from"}]},{"type":"element","tag":"span","props":{"style":"--shiki-default:#032F62;--shiki-dark:#9ECBFF"},"children":[{"type":"text","value":" 'vue'\n"}]}]},{"type":"element","tag":"span","props":{"class":"line","line":7},"children":[{"type":"element","tag":"span","props":{"emptyLinePlaceholder":true},"children":[{"type":"text","value":"\n"}]}]},{"type":"element","tag":"span","props":{"class":"line","line":8},"children":[{"type":"element","tag":"span","props":{"style":"--shiki-default:#D73A49;--shiki-dark:#F97583"},"children":[{"type":"text","value":"const"}]},{"type":"element","tag":"span","props":{"style":"--shiki-default:#005CC5;--shiki-dark:#79B8FF"},"children":[{"type":"text","value":" spaceInfoProvider"}]},{"type":"element","tag":"span","props":{"style":"--shiki-default:#D73A49;--shiki-dark:#F97583"},"children":[{"type":"text","value":" ="}]},{"type":"element","tag":"span","props":{"style":"--shiki-default:#6F42C1;--shiki-dark:#B392F0"},"children":[{"type":"text","value":" ref"}]},{"type":"element","tag":"span","props":{"style":"--shiki-default:#24292E;--shiki-dark:#E1E4E8"},"children":[{"type":"text","value":"<"}]},{"type":"element","tag":"span","props":{"style":"--shiki-default:#6F42C1;--shiki-dark:#B392F0"},"children":[{"type":"text","value":"UnicloudDbSpaceInfoProvider"}]},{"type":"element","tag":"span","props":{"style":"--shiki-default:#24292E;--shiki-dark:#E1E4E8"},"children":[{"type":"text","value":">("}]},{"type":"element","tag":"span","props":{"style":"--shiki-default:#032F62;--shiki-dark:#9ECBFF"},"children":[{"type":"text","value":"'aliyun'"}]},{"type":"element","tag":"span","props":{"style":"--shiki-default:#24292E;--shiki-dark:#E1E4E8"},"children":[{"type":"text","value":")\n"}]}]},{"type":"element","tag":"span","props":{"class":"line","line":9},"children":[{"type":"element","tag":"span","props":{"style":"--shiki-default:#D73A49;--shiki-dark:#F97583"},"children":[{"type":"text","value":"const"}]},{"type":"element","tag":"span","props":{"style":"--shiki-default:#6F42C1;--shiki-dark:#B392F0"},"children":[{"type":"text","value":" onLoad"}]},{"type":"element","tag":"span","props":{"style":"--shiki-default:#D73A49;--shiki-dark:#F97583"},"children":[{"type":"text","value":":"}]},{"type":"element","tag":"span","props":{"style":"--shiki-default:#6F42C1;--shiki-dark:#B392F0"},"children":[{"type":"text","value":" UnicloudDbOnLoad"}]},{"type":"element","tag":"span","props":{"style":"--shiki-default:#D73A49;--shiki-dark:#F97583"},"children":[{"type":"text","value":" ="}]},{"type":"element","tag":"span","props":{"style":"--shiki-default:#24292E;--shiki-dark:#E1E4E8"},"children":[{"type":"text","value":" ("}]},{"type":"element","tag":"span","props":{"style":"--shiki-default:#E36209;--shiki-dark:#FFAB70"},"children":[{"type":"text","value":"event"}]},{"type":"element","tag":"span","props":{"style":"--shiki-default:#24292E;--shiki-dark:#E1E4E8"},"children":[{"type":"text","value":") "}]},{"type":"element","tag":"span","props":{"style":"--shiki-default:#D73A49;--shiki-dark:#F97583"},"children":[{"type":"text","value":"=>"}]},{"type":"element","tag":"span","props":{"style":"--shiki-default:#24292E;--shiki-dark:#E1E4E8"},"children":[{"type":"text","value":" {\n"}]}]},{"type":"element","tag":"span","props":{"class":"line","line":10},"children":[{"type":"element","tag":"span","props":{"style":"--shiki-default:#6A737D;--shiki-dark:#6A737D"},"children":[{"type":"text","value":"  // ...\n"}]}]},{"type":"element","tag":"span","props":{"class":"line","line":11},"children":[{"type":"element","tag":"span","props":{"style":"--shiki-default:#24292E;--shiki-dark:#E1E4E8"},"children":[{"type":"text","value":"}\n"}]}]},{"type":"element","tag":"span","props":{"class":"line","line":12},"children":[{"type":"element","tag":"span","props":{"style":"--shiki-default:#24292E;--shiki-dark:#E1E4E8"},"children":[{"type":"text","value":"</"}]},{"type":"element","tag":"span","props":{"style":"--shiki-default:#22863A;--shiki-dark:#85E89D"},"children":[{"type":"text","value":"script"}]},{"type":"element","tag":"span","props":{"style":"--shiki-default:#24292E;--shiki-dark:#E1E4E8"},"children":[{"type":"text","value":">\n"}]}]},{"type":"element","tag":"span","props":{"class":"line","line":13},"children":[{"type":"element","tag":"span","props":{"emptyLinePlaceholder":true},"children":[{"type":"text","value":"\n"}]}]},{"type":"element","tag":"span","props":{"class":"line","line":14},"children":[{"type":"element","tag":"span","props":{"style":"--shiki-default:#24292E;--shiki-dark:#E1E4E8"},"children":[{"type":"text","value":"<"}]},{"type":"element","tag":"span","props":{"style":"--shiki-default:#22863A;--shiki-dark:#85E89D"},"children":[{"type":"text","value":"template"}]},{"type":"element","tag":"span","props":{"style":"--shiki-default:#24292E;--shiki-dark:#E1E4E8"},"children":[{"type":"text","value":">\n"}]}]},{"type":"element","tag":"span","props":{"class":"line","line":15},"children":[{"type":"element","tag":"span","props":{"style":"--shiki-default:#24292E;--shiki-dark:#E1E4E8"},"children":[{"type":"text","value":"  <"}]},{"type":"element","tag":"span","props":{"style":"--shiki-default:#22863A;--shiki-dark:#85E89D"},"children":[{"type":"text","value":"unicloud-db"}]},{"type":"element","tag":"span","props":{"style":"--shiki-default:#6F42C1;--shiki-dark:#B392F0"},"children":[{"type":"text","value":" @load"}]},{"type":"element","tag":"span","props":{"style":"--shiki-default:#24292E;--shiki-dark:#E1E4E8"},"children":[{"type":"text","value":"="}]},{"type":"element","tag":"span","props":{"style":"--shiki-default:#032F62;--shiki-dark:#9ECBFF"},"children":[{"type":"text","value":"\"onLoad\""}]},{"type":"element","tag":"span","props":{"style":"--shiki-default:#24292E;--shiki-dark:#E1E4E8"},"children":[{"type":"text","value":" />\n"}]}]},{"type":"element","tag":"span","props":{"class":"line","line":16},"children":[{"type":"element","tag":"span","props":{"style":"--shiki-default:#24292E;--shiki-dark:#E1E4E8"},"children":[{"type":"text","value":"</"}]},{"type":"element","tag":"span","props":{"style":"--shiki-default:#22863A;--shiki-dark:#85E89D"},"children":[{"type":"text","value":"template"}]},{"type":"element","tag":"span","props":{"style":"--shiki-default:#24292E;--shiki-dark:#E1E4E8"},"children":[{"type":"text","value":">\n"}]}]}]}]},{"type":"element","tag":"p","props":{},"children":[{"type":"text","value":"也可以直接使用命名空间来为变量标注类型。"}]},{"type":"element","tag":"alert","props":{"icon":"lucide:triangle-alert","type":"warning"},"children":[{"type":"element","tag":"p","props":{},"children":[{"type":"text","value":"不推荐这种做法，详见 "},{"type":"element","tag":"a","props":{"href":"https://typescript-eslint.io/rules/no-namespace/","rel":["nofollow"]},"children":[{"type":"text","value":"typescript-eslint - no-namespace"}]},{"type":"text","value":"。"}]}]},{"type":"element","tag":"pre","props":{"className":"language-vue shiki shiki-themes github-light github-dark","code":"<script setup lang=\"ts\">\nimport { ref } from 'vue'\n\nconst spaceInfoProvider = ref<UniHelper.UnicloudDbSpaceInfoProvider>('aliyun')\nconst onLoad: UniHelper.UnicloudDbOnLoad = (event) => {\n  // ...\n}\n</script>\n\n<template>\n  <unicloud-db @load=\"onLoad\" />\n</template>\n","filename":"index.vue","language":"vue","meta":"","style":""},"children":[{"type":"element","tag":"code","props":{"__ignoreMap":""},"children":[{"type":"element","tag":"span","props":{"class":"line","line":1},"children":[{"type":"element","tag":"span","props":{"style":"--shiki-default:#24292E;--shiki-dark:#E1E4E8"},"children":[{"type":"text","value":"<"}]},{"type":"element","tag":"span","props":{"style":"--shiki-default:#22863A;--shiki-dark:#85E89D"},"children":[{"type":"text","value":"script"}]},{"type":"element","tag":"span","props":{"style":"--shiki-default:#6F42C1;--shiki-dark:#B392F0"},"children":[{"type":"text","value":" setup"}]},{"type":"element","tag":"span","props":{"style":"--shiki-default:#6F42C1;--shiki-dark:#B392F0"},"children":[{"type":"text","value":" lang"}]},{"type":"element","tag":"span","props":{"style":"--shiki-default:#24292E;--shiki-dark:#E1E4E8"},"children":[{"type":"text","value":"="}]},{"type":"element","tag":"span","props":{"style":"--shiki-default:#032F62;--shiki-dark:#9ECBFF"},"children":[{"type":"text","value":"\"ts\""}]},{"type":"element","tag":"span","props":{"style":"--shiki-default:#24292E;--shiki-dark:#E1E4E8"},"children":[{"type":"text","value":">\n"}]}]},{"type":"element","tag":"span","props":{"class":"line","line":2},"children":[{"type":"element","tag":"span","props":{"style":"--shiki-default:#D73A49;--shiki-dark:#F97583"},"children":[{"type":"text","value":"import"}]},{"type":"element","tag":"span","props":{"style":"--shiki-default:#24292E;--shiki-dark:#E1E4E8"},"children":[{"type":"text","value":" { ref } "}]},{"type":"element","tag":"span","props":{"style":"--shiki-default:#D73A49;--shiki-dark:#F97583"},"children":[{"type":"text","value":"from"}]},{"type":"element","tag":"span","props":{"style":"--shiki-default:#032F62;--shiki-dark:#9ECBFF"},"children":[{"type":"text","value":" 'vue'\n"}]}]},{"type":"element","tag":"span","props":{"class":"line","line":3},"children":[{"type":"element","tag":"span","props":{"emptyLinePlaceholder":true},"children":[{"type":"text","value":"\n"}]}]},{"type":"element","tag":"span","props":{"class":"line","line":4},"children":[{"type":"element","tag":"span","props":{"style":"--shiki-default:#D73A49;--shiki-dark:#F97583"},"children":[{"type":"text","value":"const"}]},{"type":"element","tag":"span","props":{"style":"--shiki-default:#005CC5;--shiki-dark:#79B8FF"},"children":[{"type":"text","value":" spaceInfoProvider"}]},{"type":"element","tag":"span","props":{"style":"--shiki-default:#D73A49;--shiki-dark:#F97583"},"children":[{"type":"text","value":" ="}]},{"type":"element","tag":"span","props":{"style":"--shiki-default:#6F42C1;--shiki-dark:#B392F0"},"children":[{"type":"text","value":" ref"}]},{"type":"element","tag":"span","props":{"style":"--shiki-default:#24292E;--shiki-dark:#E1E4E8"},"children":[{"type":"text","value":"<"}]},{"type":"element","tag":"span","props":{"style":"--shiki-default:#6F42C1;--shiki-dark:#B392F0"},"children":[{"type":"text","value":"UniHelper"}]},{"type":"element","tag":"span","props":{"style":"--shiki-default:#24292E;--shiki-dark:#E1E4E8"},"children":[{"type":"text","value":"."}]},{"type":"element","tag":"span","props":{"style":"--shiki-default:#6F42C1;--shiki-dark:#B392F0"},"children":[{"type":"text","value":"UnicloudDbSpaceInfoProvider"}]},{"type":"element","tag":"span","props":{"style":"--shiki-default:#24292E;--shiki-dark:#E1E4E8"},"children":[{"type":"text","value":">("}]},{"type":"element","tag":"span","props":{"style":"--shiki-default:#032F62;--shiki-dark:#9ECBFF"},"children":[{"type":"text","value":"'aliyun'"}]},{"type":"element","tag":"span","props":{"style":"--shiki-default:#24292E;--shiki-dark:#E1E4E8"},"children":[{"type":"text","value":")\n"}]}]},{"type":"element","tag":"span","props":{"class":"line","line":5},"children":[{"type":"element","tag":"span","props":{"style":"--shiki-default:#D73A49;--shiki-dark:#F97583"},"children":[{"type":"text","value":"const"}]},{"type":"element","tag":"span","props":{"style":"--shiki-default:#6F42C1;--shiki-dark:#B392F0"},"children":[{"type":"text","value":" onLoad"}]},{"type":"element","tag":"span","props":{"style":"--shiki-default:#D73A49;--shiki-dark:#F97583"},"children":[{"type":"text","value":":"}]},{"type":"element","tag":"span","props":{"style":"--shiki-default:#6F42C1;--shiki-dark:#B392F0"},"children":[{"type":"text","value":" UniHelper"}]},{"type":"element","tag":"span","props":{"style":"--shiki-default:#24292E;--shiki-dark:#E1E4E8"},"children":[{"type":"text","value":"."}]},{"type":"element","tag":"span","props":{"style":"--shiki-default:#6F42C1;--shiki-dark:#B392F0"},"children":[{"type":"text","value":"UnicloudDbOnLoad"}]},{"type":"element","tag":"span","props":{"style":"--shiki-default:#D73A49;--shiki-dark:#F97583"},"children":[{"type":"text","value":" ="}]},{"type":"element","tag":"span","props":{"style":"--shiki-default:#24292E;--shiki-dark:#E1E4E8"},"children":[{"type":"text","value":" ("}]},{"type":"element","tag":"span","props":{"style":"--shiki-default:#E36209;--shiki-dark:#FFAB70"},"children":[{"type":"text","value":"event"}]},{"type":"element","tag":"span","props":{"style":"--shiki-default:#24292E;--shiki-dark:#E1E4E8"},"children":[{"type":"text","value":") "}]},{"type":"element","tag":"span","props":{"style":"--shiki-default:#D73A49;--shiki-dark:#F97583"},"children":[{"type":"text","value":"=>"}]},{"type":"element","tag":"span","props":{"style":"--shiki-default:#24292E;--shiki-dark:#E1E4E8"},"children":[{"type":"text","value":" {\n"}]}]},{"type":"element","tag":"span","props":{"class":"line","line":6},"children":[{"type":"element","tag":"span","props":{"style":"--shiki-default:#6A737D;--shiki-dark:#6A737D"},"children":[{"type":"text","value":"  // ...\n"}]}]},{"type":"element","tag":"span","props":{"class":"line","line":7},"children":[{"type":"element","tag":"span","props":{"style":"--shiki-default:#24292E;--shiki-dark:#E1E4E8"},"children":[{"type":"text","value":"}\n"}]}]},{"type":"element","tag":"span","props":{"class":"line","line":8},"children":[{"type":"element","tag":"span","props":{"style":"--shiki-default:#24292E;--shiki-dark:#E1E4E8"},"children":[{"type":"text","value":"</"}]},{"type":"element","tag":"span","props":{"style":"--shiki-default:#22863A;--shiki-dark:#85E89D"},"children":[{"type":"text","value":"script"}]},{"type":"element","tag":"span","props":{"style":"--shiki-default:#24292E;--shiki-dark:#E1E4E8"},"children":[{"type":"text","value":">\n"}]}]},{"type":"element","tag":"span","props":{"class":"line","line":9},"children":[{"type":"element","tag":"span","props":{"emptyLinePlaceholder":true},"children":[{"type":"text","value":"\n"}]}]},{"type":"element","tag":"span","props":{"class":"line","line":10},"children":[{"type":"element","tag":"span","props":{"style":"--shiki-default:#24292E;--shiki-dark:#E1E4E8"},"children":[{"type":"text","value":"<"}]},{"type":"element","tag":"span","props":{"style":"--shiki-default:#22863A;--shiki-dark:#85E89D"},"children":[{"type":"text","value":"template"}]},{"type":"element","tag":"span","props":{"style":"--shiki-default:#24292E;--shiki-dark:#E1E4E8"},"children":[{"type":"text","value":">\n"}]}]},{"type":"element","tag":"span","props":{"class":"line","line":11},"children":[{"type":"element","tag":"span","props":{"style":"--shiki-default:#24292E;--shiki-dark:#E1E4E8"},"children":[{"type":"text","value":"  <"}]},{"type":"element","tag":"span","props":{"style":"--shiki-default:#22863A;--shiki-dark:#85E89D"},"children":[{"type":"text","value":"unicloud-db"}]},{"type":"element","tag":"span","props":{"style":"--shiki-default:#6F42C1;--shiki-dark:#B392F0"},"children":[{"type":"text","value":" @load"}]},{"type":"element","tag":"span","props":{"style":"--shiki-default:#24292E;--shiki-dark:#E1E4E8"},"children":[{"type":"text","value":"="}]},{"type":"element","tag":"span","props":{"style":"--shiki-default:#032F62;--shiki-dark:#9ECBFF"},"children":[{"type":"text","value":"\"onLoad\""}]},{"type":"element","tag":"span","props":{"style":"--shiki-default:#24292E;--shiki-dark:#E1E4E8"},"children":[{"type":"text","value":" />\n"}]}]},{"type":"element","tag":"span","props":{"class":"line","line":12},"children":[{"type":"element","tag":"span","props":{"style":"--shiki-default:#24292E;--shiki-dark:#E1E4E8"},"children":[{"type":"text","value":"</"}]},{"type":"element","tag":"span","props":{"style":"--shiki-default:#22863A;--shiki-dark:#85E89D"},"children":[{"type":"text","value":"template"}]},{"type":"element","tag":"span","props":{"style":"--shiki-default:#24292E;--shiki-dark:#E1E4E8"},"children":[{"type":"text","value":">\n"}]}]}]}]},{"type":"element","tag":"p","props":{},"children":[{"type":"text","value":"请查看 "},{"type":"element","tag":"a","props":{"href":"https://github.com/uni-helper/uni-typed/tree/main/packages/uni-cloud-types/src","rel":["nofollow"]},"children":[{"type":"text","value":"源代码"}]},{"type":"text","value":" 了解所有类型。"}]},{"type":"element","tag":"h2","props":{"id":"致谢"},"children":[{"type":"text","value":"致谢"}]},{"type":"element","tag":"p","props":{},"children":[{"type":"text","value":"最初在 "},{"type":"element","tag":"a","props":{"href":"https://github.com/satrong/uni-base-components-types","rel":["nofollow"]},"children":[{"type":"text","value":"uni-base-components-types"}]},{"type":"text","value":" 得到了灵感。"}]},{"type":"element","tag":"p","props":{},"children":[{"type":"text","value":"基于 "},{"type":"element","tag":"a","props":{"href":"https://github.com/satrong/uni-base-components-types/pull/5","rel":["nofollow"]},"children":[{"type":"text","value":"这个 PR"}]},{"type":"text","value":" 完成。"}]},{"type":"element","tag":"h2","props":{"id":"贡献者们"},"children":[{"type":"text","value":"贡献者们"}]},{"type":"element","tag":"p","props":{},"children":[{"type":"text","value":"该项目由 "},{"type":"element","tag":"a","props":{"href":"https://github.com/ModyQyW","rel":["nofollow"]},"children":[{"type":"text","value":"ModyQyW"}]},{"type":"text","value":" 创建。"}]},{"type":"element","tag":"p","props":{},"children":[{"type":"text","value":"感谢 "},{"type":"element","tag":"a","props":{"href":"https://github.com/uni-helper/uni-typed/graphs/contributors","rel":["nofollow"]},"children":[{"type":"text","value":"所有贡献者"}]},{"type":"text","value":" 的付出！"}]},{"type":"element","tag":"style","props":{},"children":[{"type":"text","value":"html .default .shiki span {color: var(--shiki-default);background: var(--shiki-default-bg);font-style: var(--shiki-default-font-style);font-weight: var(--shiki-default-font-weight);text-decoration: var(--shiki-default-text-decoration);}html .shiki span {color: var(--shiki-default);background: var(--shiki-default-bg);font-style: var(--shiki-default-font-style);font-weight: var(--shiki-default-font-weight);text-decoration: var(--shiki-default-text-decoration);}html .dark .shiki span {color: var(--shiki-dark);background: var(--shiki-dark-bg);font-style: var(--shiki-dark-font-style);font-weight: var(--shiki-dark-font-weight);text-decoration: var(--shiki-dark-text-decoration);}html.dark .shiki span {color: var(--shiki-dark);background: var(--shiki-dark-bg);font-style: var(--shiki-dark-font-style);font-weight: var(--shiki-dark-font-weight);text-decoration: var(--shiki-dark-text-decoration);}"}]}],"toc":{"title":"","searchDepth":2,"depth":2,"links":[{"id":"安装与配置","depth":2,"text":"安装与配置","children":[{"id":"配置编辑器ide","depth":3,"text":"配置编辑器/IDE"},{"id":"模板","depth":3,"text":"模板"},{"id":"已有项目","depth":3,"text":"已有项目"}]},{"id":"使用","depth":2,"text":"使用","children":[{"id":"template","depth":3,"text":"Template"},{"id":"script","depth":3,"text":"Script"}]},{"id":"致谢","depth":2,"text":"致谢"},{"id":"贡献者们","depth":2,"text":"贡献者们"}]}},"_type":"markdown","_id":"content:uni-typed:1.guide:4.uni-cloud-types.md","_source":"content","_file":"uni-typed/1.guide/4.uni-cloud-types.md","_stem":"uni-typed/1.guide/4.uni-cloud-types","_extension":"md"}