[{"_path":"/plugin-uni","_dir":"","_draft":false,"_partial":false,"_locale":"","title":"plugin-uni","description":"为 uni-app 提供的 原生 ESM Vite 插件，让你在 ESM-First 环境中零成本接入 uni-app 构建体系。","navTruncate":false,"icon":"lucide:rocket","badges":[{"value":"npm","to":"https://www.npmjs.com/package/@uni-helper/plugin-uni","target":"_blank"},{"value":"source","icon":"lucide:code","to":"https://github.com/uni-helper/plugin-uni","target":"_blank"},{"value":"赞助","icon":"lucide:coffee","to":"https://afdian.com/a/flippedround","target":"_blank"}],"_type":"markdown","_id":"content:plugin-uni:index.md","_source":"content","_file":"plugin-uni/index.md","_stem":"plugin-uni/index","_extension":"md"},{"_path":"/unh/alias","_dir":"unh","_draft":false,"_partial":false,"_locale":"","title":"平台别名","description":"为不同平台配置简短别名，简化命令行操作","navTruncate":false,"icon":"oui:token-alias","badges":[{"value":"npm","to":"https://www.npmjs.com/package/@uni-helper/unh","target":"_blank"},{"value":"source","icon":"lucide:code","to":"https://github.com/uni-helper/unh","target":"_blank"}],"_type":"markdown","_id":"content:unh:2.alias.md","_source":"content","_file":"unh/2.alias.md","_stem":"unh/2.alias","_extension":"md"}]