[{"_path":"/uni-use/api/usepages","_dir":"api","_draft":false,"_partial":false,"_locale":"","title":"usePages","description":"获取当前页面栈信息。","_type":"markdown","_id":"content:uni-use:2.api:usePages.md","_source":"content","_file":"uni-use/2.api/usePages.md","_stem":"uni-use/2.api/usePages","_extension":"md"},{"_path":"/uni-use/api/usepreferreddark","_dir":"api","_draft":false,"_partial":false,"_locale":"","title":"usePreferredDark","description":"响应式的暗黑主题偏好。","_type":"markdown","_id":"content:uni-use:2.api:usePreferredDark.md","_source":"content","_file":"uni-use/2.api/usePreferredDark.md","_stem":"uni-use/2.api/usePreferredDark","_extension":"md"}]