[{"_path":"/vite-plugin-uni-pages/guide","_dir":"vite-plugin-uni-pages","_draft":false,"_partial":false,"_locale":"","title":"起步","description":"为 Vite 下的 uni-app 提供基于文件系统的路由","navTruncate":false,"icon":"lucide:rocket","badges":[{"value":"npm","to":"https://www.npmjs.com/package/@uni-helper/vite-plugin-uni-pages","target":"_blank"},{"value":"source","icon":"lucide:code","to":"https://github.com/uni-helper/vite-plugin-uni-pages","target":"_blank"}],"_type":"markdown","_id":"content:vite-plugin-uni-pages:1.guide.md","_source":"content","_file":"vite-plugin-uni-pages/1.guide.md","_stem":"vite-plugin-uni-pages/1.guide","_extension":"md"},{"_path":"/vite-plugin-uni-pages/option","_dir":"vite-plugin-uni-pages","_draft":false,"_partial":false,"_locale":"","title":"配置","description":"插件配置","navTruncate":false,"icon":"lucide:option","badges":[{"value":"npm","to":"https://www.npmjs.com/package/@uni-helper/vite-plugin-uni-pages","target":"_blank"},{"value":"source","icon":"lucide:code","to":"https://github.com/uni-helper/vite-plugin-uni-pages","target":"_blank"}],"_type":"markdown","_id":"content:vite-plugin-uni-pages:3.option.md","_source":"content","_file":"vite-plugin-uni-pages/3.option.md","_stem":"vite-plugin-uni-pages/3.option","_extension":"md"}]