[{"_path":"/uni-use/api/useloading","_dir":"api","_draft":false,"_partial":false,"_locale":"","title":"useLoading","description":"返回一个对象，包含两个方法。其中showLoading 调用后显示加载提示框，hideLoading 调用后隐藏加载提示框。","_type":"markdown","_id":"content:uni-use:2.api:useLoading.md","_source":"content","_file":"uni-use/2.api/useLoading.md","_stem":"uni-use/2.api/useLoading","_extension":"md"},{"_path":"/uni-use/api/usenetwork","_dir":"api","_draft":false,"_partial":false,"_locale":"","title":"useNetwork","description":"获取网络信息。","_type":"markdown","_id":"content:uni-use:2.api:useNetwork.md","_source":"content","_file":"uni-use/2.api/useNetwork.md","_stem":"uni-use/2.api/useNetwork","_extension":"md"}]