[{"_path":"/vitesse-uni-app/getting-started/styling","_dir":"getting-started","_draft":false,"_partial":false,"_locale":"","title":"样式","description":"模板基于 UnoCSS 提供主要样式支持。当然，你可以使用 CSS 预处理器、组件库等。","navTruncate":false,"icon":"vscode-icons:file-type-unocss","_type":"markdown","_id":"content:vitesse-uni-app:1.getting-started:4.styling.md","_source":"content","_file":"vitesse-uni-app/1.getting-started/4.styling.md","_stem":"vitesse-uni-app/1.getting-started/4.styling","_extension":"md"},{"_path":"/vitesse-uni-app/getting-started/state-management","_dir":"getting-started","_draft":false,"_partial":false,"_locale":"","title":"状态管理","description":"得益于组合式方法（Composition API），管理状态非常简单。","navTruncate":false,"icon":"lucide:archive-restore","_type":"markdown","_id":"content:vitesse-uni-app:1.getting-started:6.state-management.md","_source":"content","_file":"vitesse-uni-app/1.getting-started/6.state-management.md","_stem":"vitesse-uni-app/1.getting-started/6.state-management","_extension":"md"}]