[{"_path":"/vite-plugin-uni-pages/definepage","_dir":"vite-plugin-uni-pages","_draft":false,"_partial":false,"_locale":"","title":"definePage","description":"使用 definePage 宏定义页面","navTruncate":false,"icon":"material-symbols:macro-auto-rounded","navBadges":[{"value":"New","type":"lime"}],"badges":[{"value":"npm","to":"https://www.npmjs.com/package/@uni-helper/vite-plugin-uni-pages","target":"_blank"},{"value":"source","icon":"lucide:code","to":"https://github.com/uni-helper/vite-plugin-uni-pages","target":"_blank"}],"_type":"markdown","_id":"content:vite-plugin-uni-pages:2.definepage.md","_source":"content","_file":"vite-plugin-uni-pages/2.definepage.md","_stem":"vite-plugin-uni-pages/2.definepage","_extension":"md"},{"_path":"/vite-plugin-uni-pages/extension","_dir":"vite-plugin-uni-pages","_draft":false,"_partial":false,"_locale":"","title":"扩展","description":"通过一些示例来满足你的项目需求","navTruncate":false,"icon":"gg:extension-add","_type":"markdown","_id":"content:vite-plugin-uni-pages:4.extension.md","_source":"content","_file":"vite-plugin-uni-pages/4.extension.md","_stem":"vite-plugin-uni-pages/4.extension","_extension":"md"}]