{"_path":"/uni-network/other/comparison","_dir":"other","_draft":false,"_partial":false,"_locale":"","title":"比较","description":"与其他请求库的对比","navTruncate":false,"icon":"material-symbols:compare-arrows-rounded","body":{"type":"root","children":[{"type":"element","tag":"p","props":{},"children":[{"type":"text","value":"最常见的比较就是 "},{"type":"element","tag":"code","props":{"className":[]},"children":[{"type":"text","value":"axios"}]},{"type":"text","value":" 和 "},{"type":"element","tag":"code","props":{"className":[]},"children":[{"type":"text","value":"@uni-helper/uni-network"}]},{"type":"text","value":" 的比较。"}]},{"type":"element","tag":"p","props":{},"children":[{"type":"element","tag":"code","props":{"className":[]},"children":[{"type":"text","value":"axios"}]},{"type":"text","value":" 非常棒，"},{"type":"element","tag":"code","props":{"className":[]},"children":[{"type":"text","value":"@uni-helper/uni-network"}]},{"type":"text","value":" 的灵感也源于 "},{"type":"element","tag":"code","props":{"className":[]},"children":[{"type":"text","value":"axios"}]},{"type":"text","value":"，但 "},{"type":"element","tag":"code","props":{"className":[]},"children":[{"type":"text","value":"axios"}]},{"type":"text","value":" 存在几个相对严重的问题。"}]},{"type":"element","tag":"ul","props":{},"children":[{"type":"element","tag":"li","props":{},"children":[{"type":"element","tag":"code","props":{"className":[]},"children":[{"type":"text","value":"axios"}]},{"type":"text","value":" 面向浏览器和 Node.js，即使使用了 "},{"type":"element","tag":"code","props":{"className":[]},"children":[{"type":"text","value":"adapter"}]},{"type":"text","value":"，某些底层功能也可能会在小程序内报错。"}]},{"type":"element","tag":"li","props":{},"children":[{"type":"element","tag":"code","props":{"className":[]},"children":[{"type":"text","value":"axios"}]},{"type":"text","value":" 体积较大，会占用宝贵的小程序空间。"}]},{"type":"element","tag":"li","props":{},"children":[{"type":"text","value":"如果你想要获取良好的 TypeScript，你需要修改 "},{"type":"element","tag":"code","props":{"className":[]},"children":[{"type":"text","value":"axios"}]},{"type":"text","value":" 大部分类型定义。"}]}]},{"type":"element","tag":"p","props":{},"children":[{"type":"text","value":"如果你因为某些原因坚持使用 "},{"type":"element","tag":"code","props":{"className":[]},"children":[{"type":"text","value":"axios"}]},{"type":"text","value":"，你可以查看 "},{"type":"element","tag":"a","props":{"href":"https://github.com/uni-helper/axios-adapter","rel":["nofollow"]},"children":[{"type":"text","value":"@uni-helper/axios-adapter"}]},{"type":"text","value":" 获取 "},{"type":"element","tag":"code","props":{"className":[]},"children":[{"type":"text","value":"adapter"}]},{"type":"text","value":" 支持。"}]},{"type":"element","tag":"p","props":{},"children":[{"type":"text","value":"以下是 "},{"type":"element","tag":"code","props":{"className":[]},"children":[{"type":"text","value":"@uni-helper/uni-network"}]},{"type":"text","value":" 与其它一些库的比较。如果你发现这里信息已经过时，欢迎提交 ISSUE 或 PR。"}]},{"type":"element","tag":"table","props":{},"children":[{"type":"element","tag":"thead","props":{},"children":[{"type":"element","tag":"tr","props":{},"children":[{"type":"element","tag":"th","props":{},"children":[]},{"type":"element","tag":"th","props":{},"children":[{"type":"element","tag":"code","props":{"className":[]},"children":[{"type":"text","value":"axios"}]}]},{"type":"element","tag":"th","props":{},"children":[{"type":"element","tag":"code","props":{"className":[]},"children":[{"type":"text","value":"luch-request"}]}]},{"type":"element","tag":"th","props":{},"children":[{"type":"element","tag":"code","props":{"className":[]},"children":[{"type":"text","value":"uni-ajax"}]}]},{"type":"element","tag":"th","props":{},"children":[{"type":"element","tag":"code","props":{"className":[]},"children":[{"type":"text","value":"@uni-helper/uni-network"}]}]}]}]},{"type":"element","tag":"tbody","props":{},"children":[{"type":"element","tag":"tr","props":{},"children":[{"type":"element","tag":"td","props":{},"children":[{"type":"text","value":"基本信息"}]},{"type":"element","tag":"td","props":{},"children":[{"type":"element","tag":"a","props":{"href":"https://www.npmjs.com/package/axios","rel":["nofollow"]},"children":[{"type":"element","tag":"img","props":{"alt":"npm","src":"https://img.shields.io/npm/v/axios"},"children":[]}]},{"type":"text","value":" "},{"type":"element","tag":"a","props":{"href":"https://www.npmjs.com/package/axios","rel":["nofollow"]},"children":[{"type":"element","tag":"img","props":{"alt":"npm","src":"https://img.shields.io/npm/dw/axios"},"children":[]}]}]},{"type":"element","tag":"td","props":{},"children":[{"type":"element","tag":"a","props":{"href":"https://www.npmjs.com/package/luch-request","rel":["nofollow"]},"children":[{"type":"element","tag":"img","props":{"alt":"npm","src":"https://img.shields.io/npm/v/luch-request"},"children":[]}]},{"type":"text","value":" "},{"type":"element","tag":"a","props":{"href":"https://www.npmjs.com/package/luch-request","rel":["nofollow"]},"children":[{"type":"element","tag":"img","props":{"alt":"npm","src":"https://img.shields.io/npm/dw/luch-request"},"children":[]}]}]},{"type":"element","tag":"td","props":{},"children":[{"type":"element","tag":"a","props":{"href":"https://www.npmjs.com/package/uni-ajax","rel":["nofollow"]},"children":[{"type":"element","tag":"img","props":{"alt":"npm","src":"https://img.shields.io/npm/v/uni-ajax"},"children":[]}]},{"type":"text","value":" "},{"type":"element","tag":"a","props":{"href":"https://www.npmjs.com/package/uni-ajax","rel":["nofollow"]},"children":[{"type":"element","tag":"img","props":{"alt":"npm","src":"https://img.shields.io/npm/dw/uni-ajax"},"children":[]}]}]},{"type":"element","tag":"td","props":{},"children":[{"type":"element","tag":"a","props":{"href":"https://www.npmjs.com/package/@uni-helper/uni-network","rel":["nofollow"]},"children":[{"type":"element","tag":"img","props":{"alt":"npm","src":"https://img.shields.io/npm/v/@uni-helper/uni-network"},"children":[]}]},{"type":"text","value":" "},{"type":"element","tag":"a","props":{"href":"https://www.npmjs.com/package/@uni-helper/uni-network","rel":["nofollow"]},"children":[{"type":"element","tag":"img","props":{"alt":"npm","src":"https://img.shields.io/npm/dw/@uni-helper/uni-network"},"children":[]}]}]}]},{"type":"element","tag":"tr","props":{},"children":[{"type":"element","tag":"td","props":{},"children":[{"type":"text","value":"开发语言"}]},{"type":"element","tag":"td","props":{},"children":[{"type":"text","value":"JavaScript"}]},{"type":"element","tag":"td","props":{},"children":[{"type":"text","value":"JavaScript"}]},{"type":"element","tag":"td","props":{},"children":[{"type":"text","value":"JavaScript"}]},{"type":"element","tag":"td","props":{},"children":[{"type":"text","value":"TypeScript"}]}]},{"type":"element","tag":"tr","props":{},"children":[{"type":"element","tag":"td","props":{},"children":[{"type":"text","value":"类型支持"}]},{"type":"element","tag":"td","props":{},"children":[{"type":"element","tag":"code","props":{"className":[]},"children":[{"type":"text","value":"index.d.ts"}]},{"type":"text","value":"（没有考虑 "},{"type":"element","tag":"code","props":{"className":[]},"children":[{"type":"text","value":"uni-app"}]},{"type":"text","value":"）"}]},{"type":"element","tag":"td","props":{},"children":[{"type":"element","tag":"code","props":{"className":[]},"children":[{"type":"text","value":"index.d.ts"}]},{"type":"text","value":"（泛型支持较差）"}]},{"type":"element","tag":"td","props":{},"children":[{"type":"element","tag":"code","props":{"className":[]},"children":[{"type":"text","value":"index.d.ts"}]}]},{"type":"element","tag":"td","props":{},"children":[{"type":"text","value":"包含"}]}]},{"type":"element","tag":"tr","props":{},"children":[{"type":"element","tag":"td","props":{},"children":[{"type":"text","value":"运行环境"}]},{"type":"element","tag":"td","props":{},"children":[{"type":"text","value":"浏览器和 "},{"type":"element","tag":"code","props":{"className":[]},"children":[{"type":"text","value":"Node.js"}]}]},{"type":"element","tag":"td","props":{},"children":[{"type":"element","tag":"code","props":{"className":[]},"children":[{"type":"text","value":"uni-app"}]}]},{"type":"element","tag":"td","props":{},"children":[{"type":"element","tag":"code","props":{"className":[]},"children":[{"type":"text","value":"uni-app"}]}]},{"type":"element","tag":"td","props":{},"children":[{"type":"element","tag":"code","props":{"className":[]},"children":[{"type":"text","value":"uni-app"}]}]}]},{"type":"element","tag":"tr","props":{},"children":[{"type":"element","tag":"td","props":{},"children":[{"type":"element","tag":"code","props":{"className":[]},"children":[{"type":"text","value":"Promise"}]}]},{"type":"element","tag":"td","props":{},"children":[{"type":"text","value":"√"}]},{"type":"element","tag":"td","props":{},"children":[{"type":"text","value":"√"}]},{"type":"element","tag":"td","props":{},"children":[{"type":"text","value":"√"}]},{"type":"element","tag":"td","props":{},"children":[{"type":"text","value":"√"}]}]},{"type":"element","tag":"tr","props":{},"children":[{"type":"element","tag":"td","props":{},"children":[{"type":"element","tag":"code","props":{"className":[]},"children":[{"type":"text","value":"uni_modules"}]}]},{"type":"element","tag":"td","props":{},"children":[{"type":"text","value":"×"}]},{"type":"element","tag":"td","props":{},"children":[{"type":"text","value":"√"}]},{"type":"element","tag":"td","props":{},"children":[{"type":"text","value":"√"}]},{"type":"element","tag":"td","props":{},"children":[{"type":"text","value":"×"}]}]},{"type":"element","tag":"tr","props":{},"children":[{"type":"element","tag":"td","props":{},"children":[{"type":"element","tag":"code","props":{"className":[]},"children":[{"type":"text","value":"npm"}]},{"type":"text","value":" 包"}]},{"type":"element","tag":"td","props":{},"children":[{"type":"text","value":"√"}]},{"type":"element","tag":"td","props":{},"children":[{"type":"text","value":"√"}]},{"type":"element","tag":"td","props":{},"children":[{"type":"text","value":"√"}]},{"type":"element","tag":"td","props":{},"children":[{"type":"text","value":"√"}]}]},{"type":"element","tag":"tr","props":{},"children":[{"type":"element","tag":"td","props":{},"children":[{"type":"text","value":"实例化"}]},{"type":"element","tag":"td","props":{},"children":[{"type":"text","value":"√"}]},{"type":"element","tag":"td","props":{},"children":[{"type":"text","value":"√"}]},{"type":"element","tag":"td","props":{},"children":[{"type":"text","value":"√"}]},{"type":"element","tag":"td","props":{},"children":[{"type":"text","value":"√"}]}]},{"type":"element","tag":"tr","props":{},"children":[{"type":"element","tag":"td","props":{},"children":[{"type":"text","value":"请求说明"}]},{"type":"element","tag":"td","props":{},"children":[{"type":"text","value":"√"}]},{"type":"element","tag":"td","props":{},"children":[{"type":"text","value":"√"}]},{"type":"element","tag":"td","props":{},"children":[{"type":"text","value":"√"}]},{"type":"element","tag":"td","props":{},"children":[{"type":"text","value":"√"}]}]},{"type":"element","tag":"tr","props":{},"children":[{"type":"element","tag":"td","props":{},"children":[{"type":"text","value":"请求头 headers"}]},{"type":"element","tag":"td","props":{},"children":[{"type":"element","tag":"code","props":{"className":[]},"children":[{"type":"text","value":"AxiosHeaders"}]}]},{"type":"element","tag":"td","props":{},"children":[{"type":"text","value":"普通对象"}]},{"type":"element","tag":"td","props":{},"children":[{"type":"text","value":"普通对象"}]},{"type":"element","tag":"td","props":{},"children":[{"type":"text","value":"普通对象"}]}]},{"type":"element","tag":"tr","props":{},"children":[{"type":"element","tag":"td","props":{},"children":[{"type":"text","value":"请求参数 params"}]},{"type":"element","tag":"td","props":{},"children":[{"type":"element","tag":"code","props":{"className":[]},"children":[{"type":"text","value":"AxiosURLSearchParams"}]}]},{"type":"element","tag":"td","props":{},"children":[{"type":"text","value":"普通对象"}]},{"type":"element","tag":"td","props":{},"children":[{"type":"text","value":"普通对象"}]},{"type":"element","tag":"td","props":{},"children":[{"type":"text","value":"普通对象或 "},{"type":"element","tag":"code","props":{"className":[]},"children":[{"type":"text","value":"URLSearchParams"}]},{"type":"text","value":" 对象"}]}]},{"type":"element","tag":"tr","props":{},"children":[{"type":"element","tag":"td","props":{},"children":[{"type":"text","value":"请求转换 "},{"type":"element","tag":"code","props":{"className":[]},"children":[{"type":"text","value":"transformRequest"}]}]},{"type":"element","tag":"td","props":{},"children":[{"type":"text","value":"√"}]},{"type":"element","tag":"td","props":{},"children":[{"type":"text","value":"×"}]},{"type":"element","tag":"td","props":{},"children":[{"type":"text","value":"×"}]},{"type":"element","tag":"td","props":{},"children":[{"type":"text","value":"×"}]}]},{"type":"element","tag":"tr","props":{},"children":[{"type":"element","tag":"td","props":{},"children":[{"type":"text","value":"响应说明"}]},{"type":"element","tag":"td","props":{},"children":[{"type":"text","value":"√"}]},{"type":"element","tag":"td","props":{},"children":[{"type":"text","value":"×"}]},{"type":"element","tag":"td","props":{},"children":[{"type":"text","value":"√"}]},{"type":"element","tag":"td","props":{},"children":[{"type":"text","value":"√"}]}]},{"type":"element","tag":"tr","props":{},"children":[{"type":"element","tag":"td","props":{},"children":[{"type":"text","value":"响应转换 "},{"type":"element","tag":"code","props":{"className":[]},"children":[{"type":"text","value":"transformResponse"}]}]},{"type":"element","tag":"td","props":{},"children":[{"type":"text","value":"√"}]},{"type":"element","tag":"td","props":{},"children":[{"type":"text","value":"×"}]},{"type":"element","tag":"td","props":{},"children":[{"type":"text","value":"×"}]},{"type":"element","tag":"td","props":{},"children":[{"type":"text","value":"×"}]}]},{"type":"element","tag":"tr","props":{},"children":[{"type":"element","tag":"td","props":{},"children":[{"type":"text","value":"任务说明"}]},{"type":"element","tag":"td","props":{},"children":[{"type":"text","value":"×（没有考虑 "},{"type":"element","tag":"code","props":{"className":[]},"children":[{"type":"text","value":"uni-app"}]},{"type":"text","value":" 任务）"}]},{"type":"element","tag":"td","props":{},"children":[{"type":"text","value":"×"}]},{"type":"element","tag":"td","props":{},"children":[{"type":"text","value":"√（只有 "},{"type":"element","tag":"code","props":{"className":[]},"children":[{"type":"text","value":"requestTask"}]},{"type":"text","value":" 说明）"}]},{"type":"element","tag":"td","props":{},"children":[{"type":"text","value":"√（只有简单说明）"}]}]},{"type":"element","tag":"tr","props":{},"children":[{"type":"element","tag":"td","props":{},"children":[{"type":"text","value":"适配器"}]},{"type":"element","tag":"td","props":{},"children":[{"type":"text","value":"√（内置 "},{"type":"element","tag":"code","props":{"className":[]},"children":[{"type":"text","value":"xhr"}]},{"type":"text","value":" 和 "},{"type":"element","tag":"code","props":{"className":[]},"children":[{"type":"text","value":"http"}]},{"type":"text","value":"）"}]},{"type":"element","tag":"td","props":{},"children":[{"type":"text","value":"×"}]},{"type":"element","tag":"td","props":{},"children":[{"type":"text","value":"√"}]},{"type":"element","tag":"td","props":{},"children":[{"type":"text","value":"√"}]}]},{"type":"element","tag":"tr","props":{},"children":[{"type":"element","tag":"td","props":{},"children":[{"type":"element","tag":"code","props":{"className":[]},"children":[{"type":"text","value":"uni.request"}]}]},{"type":"element","tag":"td","props":{},"children":[{"type":"text","value":"×（自行开发，还需要覆写类型）"}]},{"type":"element","tag":"td","props":{},"children":[{"type":"text","value":"√"}]},{"type":"element","tag":"td","props":{},"children":[{"type":"text","value":"√"}]},{"type":"element","tag":"td","props":{},"children":[{"type":"text","value":"√"}]}]},{"type":"element","tag":"tr","props":{},"children":[{"type":"element","tag":"td","props":{},"children":[{"type":"element","tag":"code","props":{"className":[]},"children":[{"type":"text","value":"uni.downloadFile"}]}]},{"type":"element","tag":"td","props":{},"children":[{"type":"text","value":"×（自行开发，还需要覆写类型）"}]},{"type":"element","tag":"td","props":{},"children":[{"type":"text","value":"√"}]},{"type":"element","tag":"td","props":{},"children":[{"type":"text","value":"×（自行开发，还需要覆写类型）"}]},{"type":"element","tag":"td","props":{},"children":[{"type":"text","value":"√"}]}]},{"type":"element","tag":"tr","props":{},"children":[{"type":"element","tag":"td","props":{},"children":[{"type":"element","tag":"code","props":{"className":[]},"children":[{"type":"text","value":"uni.uploadFile"}]}]},{"type":"element","tag":"td","props":{},"children":[{"type":"text","value":"×（自行开发，还需要覆写类型）"}]},{"type":"element","tag":"td","props":{},"children":[{"type":"text","value":"√"}]},{"type":"element","tag":"td","props":{},"children":[{"type":"text","value":"×（自行开发，还需要覆写类型）"}]},{"type":"element","tag":"td","props":{},"children":[{"type":"text","value":"√"}]}]},{"type":"element","tag":"tr","props":{},"children":[{"type":"element","tag":"td","props":{},"children":[{"type":"text","value":"请求拦截器"}]},{"type":"element","tag":"td","props":{},"children":[{"type":"text","value":"√"}]},{"type":"element","tag":"td","props":{},"children":[{"type":"text","value":"√"}]},{"type":"element","tag":"td","props":{},"children":[{"type":"text","value":"√"}]},{"type":"element","tag":"td","props":{},"children":[{"type":"text","value":"√"}]}]},{"type":"element","tag":"tr","props":{},"children":[{"type":"element","tag":"td","props":{},"children":[{"type":"text","value":"响应拦截器"}]},{"type":"element","tag":"td","props":{},"children":[{"type":"text","value":"√"}]},{"type":"element","tag":"td","props":{},"children":[{"type":"text","value":"√"}]},{"type":"element","tag":"td","props":{},"children":[{"type":"text","value":"√"}]},{"type":"element","tag":"td","props":{},"children":[{"type":"text","value":"√"}]}]},{"type":"element","tag":"tr","props":{},"children":[{"type":"element","tag":"td","props":{},"children":[{"type":"text","value":"配置说明"}]},{"type":"element","tag":"td","props":{},"children":[{"type":"text","value":"√"}]},{"type":"element","tag":"td","props":{},"children":[{"type":"text","value":"√"}]},{"type":"element","tag":"td","props":{},"children":[{"type":"text","value":"√"}]},{"type":"element","tag":"td","props":{},"children":[{"type":"text","value":"√"}]}]},{"type":"element","tag":"tr","props":{},"children":[{"type":"element","tag":"td","props":{},"children":[{"type":"text","value":"取消请求说明"}]},{"type":"element","tag":"td","props":{},"children":[{"type":"text","value":"√"}]},{"type":"element","tag":"td","props":{},"children":[{"type":"text","value":"×"}]},{"type":"element","tag":"td","props":{},"children":[{"type":"text","value":"√"}]},{"type":"element","tag":"td","props":{},"children":[{"type":"text","value":"√"}]}]},{"type":"element","tag":"tr","props":{},"children":[{"type":"element","tag":"td","props":{},"children":[{"type":"text","value":"错误处理说明"}]},{"type":"element","tag":"td","props":{},"children":[{"type":"text","value":"√"}]},{"type":"element","tag":"td","props":{},"children":[{"type":"text","value":"×"}]},{"type":"element","tag":"td","props":{},"children":[{"type":"text","value":"√"}]},{"type":"element","tag":"td","props":{},"children":[{"type":"text","value":"√"}]}]},{"type":"element","tag":"tr","props":{},"children":[{"type":"element","tag":"td","props":{},"children":[{"type":"text","value":"测试"}]},{"type":"element","tag":"td","props":{},"children":[{"type":"text","value":"完善"}]},{"type":"element","tag":"td","props":{},"children":[{"type":"text","value":"部分"}]},{"type":"element","tag":"td","props":{},"children":[{"type":"text","value":"无"}]},{"type":"element","tag":"td","props":{},"children":[{"type":"text","value":"部分"}]}]},{"type":"element","tag":"tr","props":{},"children":[{"type":"element","tag":"td","props":{},"children":[{"type":"text","value":"使用示例"}]},{"type":"element","tag":"td","props":{},"children":[{"type":"text","value":"√"}]},{"type":"element","tag":"td","props":{},"children":[{"type":"text","value":"√"}]},{"type":"element","tag":"td","props":{},"children":[{"type":"text","value":"√"}]},{"type":"element","tag":"td","props":{},"children":[{"type":"text","value":"√"}]}]}]}]}],"toc":{"title":"","searchDepth":2,"depth":2,"links":[]}},"_type":"markdown","_id":"content:uni-network:4.other:2.comparison.md","_source":"content","_file":"uni-network/4.other/2.comparison.md","_stem":"uni-network/4.other/2.comparison","_extension":"md"}