[{"_path":"/uni-use/api/useactionsheet","_dir":"api","_draft":false,"_partial":false,"_locale":"","title":"useActionSheet","description":"返回一个方法，调用后从底部向上弹出操作菜单。","_type":"markdown","_id":"content:uni-use:2.api:useActionSheet.md","_source":"content","_file":"uni-use/2.api/useActionSheet.md","_stem":"uni-use/2.api/useActionSheet","_extension":"md"},{"_path":"/uni-use/api/usedownloadfile","_dir":"api","_draft":false,"_partial":false,"_locale":"","title":"useDownloadFile","description":"uni.downloadFile 的封装，对标 @vueuse/core v10.7.1。使用方法参见 https://vueuse.org/integrations/useAxios/。","_type":"markdown","_id":"content:uni-use:2.api:useDownloadFile.md","_source":"content","_file":"uni-use/2.api/useDownloadFile.md","_stem":"uni-use/2.api/useDownloadFile","_extension":"md"}]