{"_path":"/create-uni/mcp","_dir":"create-uni","_draft":false,"_partial":false,"_locale":"","title":"MCP服务","description":"create-uni的MCP（Model Context Protocol）服务，为AI助手提供创建uni-app项目的能力。","icon":"lucide:mouse-pointer-click","navTruncate":false,"navBadges":[{"value":"New","type":"lime"}],"badges":[{"value":"npm","to":"https://www.npmjs.com/package/create-uni","target":"_blank"},{"value":"source","icon":"lucide:code","to":"https://github.com/uni-helper/create-uni","target":"_blank"},{"value":"赞助","icon":"lucide:coffee","to":"https://afdian.com/a/flippedround","target":"_blank"}],"body":{"type":"root","children":[{"type":"element","tag":"h2","props":{"id":"使用"},"children":[{"type":"text","value":"使用"}]},{"type":"element","tag":"pre","props":{"className":"language-json shiki shiki-themes github-light github-dark","code":"{\n  \"mcpServers\": {\n    \"create-uni\": {\n      \"command\": \"npx\",\n      \"args\": [\n        \"@create-uni/mcp\"\n      ]\n    }\n  }\n}\n","filename":"mcp.json","language":"json","meta":"","style":""},"children":[{"type":"element","tag":"code","props":{"__ignoreMap":""},"children":[{"type":"element","tag":"span","props":{"class":"line","line":1},"children":[{"type":"element","tag":"span","props":{"style":"--shiki-default:#24292E;--shiki-dark:#E1E4E8"},"children":[{"type":"text","value":"{\n"}]}]},{"type":"element","tag":"span","props":{"class":"line","line":2},"children":[{"type":"element","tag":"span","props":{"style":"--shiki-default:#005CC5;--shiki-dark:#79B8FF"},"children":[{"type":"text","value":"  \"mcpServers\""}]},{"type":"element","tag":"span","props":{"style":"--shiki-default:#24292E;--shiki-dark:#E1E4E8"},"children":[{"type":"text","value":": {\n"}]}]},{"type":"element","tag":"span","props":{"class":"line","line":3},"children":[{"type":"element","tag":"span","props":{"style":"--shiki-default:#005CC5;--shiki-dark:#79B8FF"},"children":[{"type":"text","value":"    \"create-uni\""}]},{"type":"element","tag":"span","props":{"style":"--shiki-default:#24292E;--shiki-dark:#E1E4E8"},"children":[{"type":"text","value":": {\n"}]}]},{"type":"element","tag":"span","props":{"class":"line","line":4},"children":[{"type":"element","tag":"span","props":{"style":"--shiki-default:#005CC5;--shiki-dark:#79B8FF"},"children":[{"type":"text","value":"      \"command\""}]},{"type":"element","tag":"span","props":{"style":"--shiki-default:#24292E;--shiki-dark:#E1E4E8"},"children":[{"type":"text","value":": "}]},{"type":"element","tag":"span","props":{"style":"--shiki-default:#032F62;--shiki-dark:#9ECBFF"},"children":[{"type":"text","value":"\"npx\""}]},{"type":"element","tag":"span","props":{"style":"--shiki-default:#24292E;--shiki-dark:#E1E4E8"},"children":[{"type":"text","value":",\n"}]}]},{"type":"element","tag":"span","props":{"class":"line","line":5},"children":[{"type":"element","tag":"span","props":{"style":"--shiki-default:#005CC5;--shiki-dark:#79B8FF"},"children":[{"type":"text","value":"      \"args\""}]},{"type":"element","tag":"span","props":{"style":"--shiki-default:#24292E;--shiki-dark:#E1E4E8"},"children":[{"type":"text","value":": [\n"}]}]},{"type":"element","tag":"span","props":{"class":"line","line":6},"children":[{"type":"element","tag":"span","props":{"style":"--shiki-default:#032F62;--shiki-dark:#9ECBFF"},"children":[{"type":"text","value":"        \"@create-uni/mcp\"\n"}]}]},{"type":"element","tag":"span","props":{"class":"line","line":7},"children":[{"type":"element","tag":"span","props":{"style":"--shiki-default:#24292E;--shiki-dark:#E1E4E8"},"children":[{"type":"text","value":"      ]\n"}]}]},{"type":"element","tag":"span","props":{"class":"line","line":8},"children":[{"type":"element","tag":"span","props":{"style":"--shiki-default:#24292E;--shiki-dark:#E1E4E8"},"children":[{"type":"text","value":"    }\n"}]}]},{"type":"element","tag":"span","props":{"class":"line","line":9},"children":[{"type":"element","tag":"span","props":{"style":"--shiki-default:#24292E;--shiki-dark:#E1E4E8"},"children":[{"type":"text","value":"  }\n"}]}]},{"type":"element","tag":"span","props":{"class":"line","line":10},"children":[{"type":"element","tag":"span","props":{"style":"--shiki-default:#24292E;--shiki-dark:#E1E4E8"},"children":[{"type":"text","value":"}\n"}]}]}]}]},{"type":"element","tag":"h2","props":{"id":"提示词"},"children":[{"type":"text","value":"提示词"}]},{"type":"element","tag":"stack","props":{},"children":[{"type":"element","tag":"div","props":{"className":["p-3","text-lg","font-bold"]},"children":[{"type":"element","tag":"p","props":{},"children":[{"type":"text","value":"创建预设模板"}]}]},{"type":"element","tag":"pre","props":{"className":"language-bash shiki shiki-themes github-light github-dark","code":"帮我在桌面创建一个uniapp项目，使用vitesse模板\n","language":"bash","meta":"","style":""},"children":[{"type":"element","tag":"code","props":{"__ignoreMap":""},"children":[{"type":"element","tag":"span","props":{"class":"line","line":1},"children":[{"type":"element","tag":"span","props":{"style":"--shiki-default:#6F42C1;--shiki-dark:#B392F0"},"children":[{"type":"text","value":"帮我在桌面创建一个uniapp项目，使用vitesse模板\n"}]}]}]}]}]},{"type":"element","tag":"stack","props":{},"children":[{"type":"element","tag":"div","props":{"className":["p-3","text-lg","font-bold"]},"children":[{"type":"element","tag":"p","props":{},"children":[{"type":"text","value":"创建自定义模板"}]}]},{"type":"element","tag":"pre","props":{"className":"language-bash shiki shiki-themes github-light github-dark","code":"帮我在桌面创建一个uniapp项目，需要ts和unocss，组件库使用wot-ui\n","language":"bash","meta":"","style":""},"children":[{"type":"element","tag":"code","props":{"__ignoreMap":""},"children":[{"type":"element","tag":"span","props":{"class":"line","line":1},"children":[{"type":"element","tag":"span","props":{"style":"--shiki-default:#6F42C1;--shiki-dark:#B392F0"},"children":[{"type":"text","value":"帮我在桌面创建一个uniapp项目，需要ts和unocss，组件库使用wot-ui\n"}]}]}]}]}]},{"type":"element","tag":"style","props":{},"children":[{"type":"text","value":"html .default .shiki span {color: var(--shiki-default);background: var(--shiki-default-bg);font-style: var(--shiki-default-font-style);font-weight: var(--shiki-default-font-weight);text-decoration: var(--shiki-default-text-decoration);}html .shiki span {color: var(--shiki-default);background: var(--shiki-default-bg);font-style: var(--shiki-default-font-style);font-weight: var(--shiki-default-font-weight);text-decoration: var(--shiki-default-text-decoration);}html .dark .shiki span {color: var(--shiki-dark);background: var(--shiki-dark-bg);font-style: var(--shiki-dark-font-style);font-weight: var(--shiki-dark-font-weight);text-decoration: var(--shiki-dark-text-decoration);}html.dark .shiki span {color: var(--shiki-dark);background: var(--shiki-dark-bg);font-style: var(--shiki-dark-font-style);font-weight: var(--shiki-dark-font-weight);text-decoration: var(--shiki-dark-text-decoration);}"}]}],"toc":{"title":"","searchDepth":2,"depth":2,"links":[{"id":"使用","depth":2,"text":"使用"},{"id":"提示词","depth":2,"text":"提示词"}]}},"_type":"markdown","_id":"content:create-uni:4.mcp.md","_source":"content","_file":"create-uni/4.mcp.md","_stem":"create-uni/4.mcp","_extension":"md"}