[{"_path":"/uni-typed/guide/why","_dir":"guide","_draft":false,"_partial":false,"_locale":"","title":"为什么？","description":"为 uni-app 提供 TypeScript 类型定义，提升开发效率。","icon":"material-symbols:question-mark-rounded","navTruncate":false,"badges":[{"value":"npm","to":"https://www.npmjs.com/package/@uni-helper/uni-typed","target":"_blank"},{"value":"source","icon":"lucide:code","to":"https://github.com/uni-helper/uni-typed","target":"_blank"}],"_type":"markdown","_id":"content:uni-typed:1.guide:1.why.md","_source":"content","_file":"uni-typed/1.guide/1.why.md","_stem":"uni-typed/1.guide/1.why","_extension":"md"},{"_path":"/uni-typed/guide/uni-app-types","_dir":"guide","_draft":false,"_partial":false,"_locale":"","title":"uni-app-types","description":"为 Vue v3 uni-app 组件提供 TypeScript 类型","icon":"hugeicons:typescript-01","navTruncate":false,"badges":[{"value":"npm","to":"https://www.npmjs.com/package/@uni-helper/uni-app-types","target":"_blank"},{"value":"source","icon":"lucide:code","to":"https://github.com/uni-helper/uni-typed","target":"_blank"}],"_type":"markdown","_id":"content:uni-typed:1.guide:3.uni-app-types.md","_source":"content","_file":"uni-typed/1.guide/3.uni-app-types.md","_stem":"uni-typed/1.guide/3.uni-app-types","_extension":"md"}]