{"_path":"/unh/devtools","_dir":"unh","_draft":false,"_partial":false,"_locale":"","title":"小程序开发者工具","description":"配置自动打开小程序开发者工具","navTruncate":false,"icon":"carbon:development","badges":[{"value":"npm","to":"https://www.npmjs.com/package/@uni-helper/unh","target":"_blank"},{"value":"source","icon":"lucide:code","to":"https://github.com/uni-helper/unh","target":"_blank"}],"body":{"type":"root","children":[{"type":"element","tag":"p","props":{},"children":[{"type":"element","tag":"code","props":{"className":[]},"children":[{"type":"text","value":"@uni-helper/unh"}]},{"type":"text","value":" 提供了小程序开发者工具配置功能，可以在开发小程序时自动打开对应平台的开发者工具，提升开发效率。"}]},{"type":"element","tag":"h2","props":{"id":"基本配置"},"children":[{"type":"text","value":"基本配置"}]},{"type":"element","tag":"p","props":{},"children":[{"type":"text","value":"在 "},{"type":"element","tag":"code","props":{"className":[]},"children":[{"type":"text","value":"unh.config.ts"}]},{"type":"text","value":" 中配置开发者工具选项："}]},{"type":"element","tag":"pre","props":{"className":"language-ts shiki shiki-themes github-light github-dark","code":"import { defineConfig } from '@uni-helper/unh'\n\nexport default defineConfig({\n  // 小程序开发者工具配置\n  devtools: {\n    // 是否自动打开小程序开发者工具\n    open: true,\n  },\n})\n","filename":"unh.config.ts","language":"ts","meta":"","style":""},"children":[{"type":"element","tag":"code","props":{"__ignoreMap":""},"children":[{"type":"element","tag":"span","props":{"class":"line","line":1},"children":[{"type":"element","tag":"span","props":{"style":"--shiki-default:#D73A49;--shiki-dark:#F97583"},"children":[{"type":"text","value":"import"}]},{"type":"element","tag":"span","props":{"style":"--shiki-default:#24292E;--shiki-dark:#E1E4E8"},"children":[{"type":"text","value":" { defineConfig } "}]},{"type":"element","tag":"span","props":{"style":"--shiki-default:#D73A49;--shiki-dark:#F97583"},"children":[{"type":"text","value":"from"}]},{"type":"element","tag":"span","props":{"style":"--shiki-default:#032F62;--shiki-dark:#9ECBFF"},"children":[{"type":"text","value":" '@uni-helper/unh'\n"}]}]},{"type":"element","tag":"span","props":{"class":"line","line":2},"children":[{"type":"element","tag":"span","props":{"emptyLinePlaceholder":true},"children":[{"type":"text","value":"\n"}]}]},{"type":"element","tag":"span","props":{"class":"line","line":3},"children":[{"type":"element","tag":"span","props":{"style":"--shiki-default:#D73A49;--shiki-dark:#F97583"},"children":[{"type":"text","value":"export"}]},{"type":"element","tag":"span","props":{"style":"--shiki-default:#D73A49;--shiki-dark:#F97583"},"children":[{"type":"text","value":" default"}]},{"type":"element","tag":"span","props":{"style":"--shiki-default:#6F42C1;--shiki-dark:#B392F0"},"children":[{"type":"text","value":" defineConfig"}]},{"type":"element","tag":"span","props":{"style":"--shiki-default:#24292E;--shiki-dark:#E1E4E8"},"children":[{"type":"text","value":"({\n"}]}]},{"type":"element","tag":"span","props":{"class":"line","line":4},"children":[{"type":"element","tag":"span","props":{"style":"--shiki-default:#6A737D;--shiki-dark:#6A737D"},"children":[{"type":"text","value":"  // 小程序开发者工具配置\n"}]}]},{"type":"element","tag":"span","props":{"class":"line","line":5},"children":[{"type":"element","tag":"span","props":{"style":"--shiki-default:#24292E;--shiki-dark:#E1E4E8"},"children":[{"type":"text","value":"  devtools: {\n"}]}]},{"type":"element","tag":"span","props":{"class":"line","line":6},"children":[{"type":"element","tag":"span","props":{"style":"--shiki-default:#6A737D;--shiki-dark:#6A737D"},"children":[{"type":"text","value":"    // 是否自动打开小程序开发者工具\n"}]}]},{"type":"element","tag":"span","props":{"class":"line","line":7},"children":[{"type":"element","tag":"span","props":{"style":"--shiki-default:#24292E;--shiki-dark:#E1E4E8"},"children":[{"type":"text","value":"    open: "}]},{"type":"element","tag":"span","props":{"style":"--shiki-default:#005CC5;--shiki-dark:#79B8FF"},"children":[{"type":"text","value":"true"}]},{"type":"element","tag":"span","props":{"style":"--shiki-default:#24292E;--shiki-dark:#E1E4E8"},"children":[{"type":"text","value":",\n"}]}]},{"type":"element","tag":"span","props":{"class":"line","line":8},"children":[{"type":"element","tag":"span","props":{"style":"--shiki-default:#24292E;--shiki-dark:#E1E4E8"},"children":[{"type":"text","value":"  },\n"}]}]},{"type":"element","tag":"span","props":{"class":"line","line":9},"children":[{"type":"element","tag":"span","props":{"style":"--shiki-default:#24292E;--shiki-dark:#E1E4E8"},"children":[{"type":"text","value":"})\n"}]}]}]}]},{"type":"element","tag":"alert","props":{"icon":"lucide:lightbulb","type":"success"},"children":[{"type":"element","tag":"p","props":{},"children":[{"type":"text","value":"若未配置 "},{"type":"element","tag":"code","props":{"className":[]},"children":[{"type":"text","value":"cliPath"}]},{"type":"text","value":"，默认会根据平台自动识别路径。"}]}]},{"type":"element","tag":"alert","props":{"icon":"lucide:link","type":"info","target":"_blank","to":"https://github.com/uni-helper/unh/tree/main/src/libs/devtools/handlers"},"children":[{"type":"element","tag":"p","props":{},"children":[{"type":"text","value":"目前仅支持自动打开微信开发者工具。如需打开其他平台的开发者工具，欢迎参与贡献。"}]}]},{"type":"element","tag":"h2","props":{"id":"配置选项"},"children":[{"type":"text","value":"配置选项"}]},{"type":"element","tag":"h3","props":{"id":"open"},"children":[{"type":"element","tag":"code","props":{"className":[]},"children":[{"type":"text","value":"open"}]}]},{"type":"element","tag":"field","props":{"name":"open","type":"boolean","default-value":"false"},"children":[{"type":"element","tag":"p","props":{},"children":[{"type":"text","value":"是否自动打开小程序开发者工具"}]}]},{"type":"element","tag":"h3","props":{"id":"clipath"},"children":[{"type":"element","tag":"code","props":{"className":[]},"children":[{"type":"text","value":"cliPath"}]}]},{"type":"element","tag":"field","props":{"name":"cliPath","type":"Record<MPPlatform, CliPathConfig>"},"children":[{"type":"element","tag":"p","props":{},"children":[{"type":"text","value":"小程序开发者工具路径配置，默认会自动根据平台识别路径，若需自定义路径可以为不同平台指定不同的 CLI 路径"}]}]},{"type":"element","tag":"h2","props":{"id":"高级配置示例"},"children":[{"type":"text","value":"高级配置示例"}]},{"type":"element","tag":"pre","props":{"className":"language-ts shiki shiki-themes github-light github-dark","code":"import { defineConfig } from '@uni-helper/unh'\n\nexport default defineConfig({\n  devtools: {\n    // 自动打开开发者工具\n    open: true,\n    // 自定义各平台开发者工具路径\n    cliPath: {\n      'mp-weixin': '/Applications/wechatwebdevtools.app/Contents/MacOS/cli',\n    },\n  },\n})\n","filename":"unh.config.ts","language":"ts","meta":"","style":""},"children":[{"type":"element","tag":"code","props":{"__ignoreMap":""},"children":[{"type":"element","tag":"span","props":{"class":"line","line":1},"children":[{"type":"element","tag":"span","props":{"style":"--shiki-default:#D73A49;--shiki-dark:#F97583"},"children":[{"type":"text","value":"import"}]},{"type":"element","tag":"span","props":{"style":"--shiki-default:#24292E;--shiki-dark:#E1E4E8"},"children":[{"type":"text","value":" { defineConfig } "}]},{"type":"element","tag":"span","props":{"style":"--shiki-default:#D73A49;--shiki-dark:#F97583"},"children":[{"type":"text","value":"from"}]},{"type":"element","tag":"span","props":{"style":"--shiki-default:#032F62;--shiki-dark:#9ECBFF"},"children":[{"type":"text","value":" '@uni-helper/unh'\n"}]}]},{"type":"element","tag":"span","props":{"class":"line","line":2},"children":[{"type":"element","tag":"span","props":{"emptyLinePlaceholder":true},"children":[{"type":"text","value":"\n"}]}]},{"type":"element","tag":"span","props":{"class":"line","line":3},"children":[{"type":"element","tag":"span","props":{"style":"--shiki-default:#D73A49;--shiki-dark:#F97583"},"children":[{"type":"text","value":"export"}]},{"type":"element","tag":"span","props":{"style":"--shiki-default:#D73A49;--shiki-dark:#F97583"},"children":[{"type":"text","value":" default"}]},{"type":"element","tag":"span","props":{"style":"--shiki-default:#6F42C1;--shiki-dark:#B392F0"},"children":[{"type":"text","value":" defineConfig"}]},{"type":"element","tag":"span","props":{"style":"--shiki-default:#24292E;--shiki-dark:#E1E4E8"},"children":[{"type":"text","value":"({\n"}]}]},{"type":"element","tag":"span","props":{"class":"line","line":4},"children":[{"type":"element","tag":"span","props":{"style":"--shiki-default:#24292E;--shiki-dark:#E1E4E8"},"children":[{"type":"text","value":"  devtools: {\n"}]}]},{"type":"element","tag":"span","props":{"class":"line","line":5},"children":[{"type":"element","tag":"span","props":{"style":"--shiki-default:#6A737D;--shiki-dark:#6A737D"},"children":[{"type":"text","value":"    // 自动打开开发者工具\n"}]}]},{"type":"element","tag":"span","props":{"class":"line","line":6},"children":[{"type":"element","tag":"span","props":{"style":"--shiki-default:#24292E;--shiki-dark:#E1E4E8"},"children":[{"type":"text","value":"    open: "}]},{"type":"element","tag":"span","props":{"style":"--shiki-default:#005CC5;--shiki-dark:#79B8FF"},"children":[{"type":"text","value":"true"}]},{"type":"element","tag":"span","props":{"style":"--shiki-default:#24292E;--shiki-dark:#E1E4E8"},"children":[{"type":"text","value":",\n"}]}]},{"type":"element","tag":"span","props":{"class":"line","line":7},"children":[{"type":"element","tag":"span","props":{"style":"--shiki-default:#6A737D;--shiki-dark:#6A737D"},"children":[{"type":"text","value":"    // 自定义各平台开发者工具路径\n"}]}]},{"type":"element","tag":"span","props":{"class":"line","line":8},"children":[{"type":"element","tag":"span","props":{"style":"--shiki-default:#24292E;--shiki-dark:#E1E4E8"},"children":[{"type":"text","value":"    cliPath: {\n"}]}]},{"type":"element","tag":"span","props":{"class":"line","line":9},"children":[{"type":"element","tag":"span","props":{"style":"--shiki-default:#032F62;--shiki-dark:#9ECBFF"},"children":[{"type":"text","value":"      'mp-weixin'"}]},{"type":"element","tag":"span","props":{"style":"--shiki-default:#24292E;--shiki-dark:#E1E4E8"},"children":[{"type":"text","value":": "}]},{"type":"element","tag":"span","props":{"style":"--shiki-default:#032F62;--shiki-dark:#9ECBFF"},"children":[{"type":"text","value":"'/Applications/wechatwebdevtools.app/Contents/MacOS/cli'"}]},{"type":"element","tag":"span","props":{"style":"--shiki-default:#24292E;--shiki-dark:#E1E4E8"},"children":[{"type":"text","value":",\n"}]}]},{"type":"element","tag":"span","props":{"class":"line","line":10},"children":[{"type":"element","tag":"span","props":{"style":"--shiki-default:#24292E;--shiki-dark:#E1E4E8"},"children":[{"type":"text","value":"    },\n"}]}]},{"type":"element","tag":"span","props":{"class":"line","line":11},"children":[{"type":"element","tag":"span","props":{"style":"--shiki-default:#24292E;--shiki-dark:#E1E4E8"},"children":[{"type":"text","value":"  },\n"}]}]},{"type":"element","tag":"span","props":{"class":"line","line":12},"children":[{"type":"element","tag":"span","props":{"style":"--shiki-default:#24292E;--shiki-dark:#E1E4E8"},"children":[{"type":"text","value":"})\n"}]}]}]}]},{"type":"element","tag":"h2","props":{"id":"注意事项"},"children":[{"type":"text","value":"注意事项"}]},{"type":"element","tag":"ul","props":{},"children":[{"type":"element","tag":"li","props":{},"children":[{"type":"text","value":"确保已安装对应平台的小程序开发者工具"}]},{"type":"element","tag":"li","props":{},"children":[{"type":"text","value":"路径配置需要指向正确的 CLI 工具位置"}]},{"type":"element","tag":"li","props":{},"children":[{"type":"text","value":"不同平台的开发者工具 CLI 路径可能不同，请根据实际情况配置"}]},{"type":"element","tag":"li","props":{},"children":[{"type":"text","value":"Windows 系统下的路径格式与 macOS 不同，请使用适当的路径分隔符"}]}]},{"type":"element","tag":"style","props":{},"children":[{"type":"text","value":"html .default .shiki span {color: var(--shiki-default);background: var(--shiki-default-bg);font-style: var(--shiki-default-font-style);font-weight: var(--shiki-default-font-weight);text-decoration: var(--shiki-default-text-decoration);}html .shiki span {color: var(--shiki-default);background: var(--shiki-default-bg);font-style: var(--shiki-default-font-style);font-weight: var(--shiki-default-font-weight);text-decoration: var(--shiki-default-text-decoration);}html .dark .shiki span {color: var(--shiki-dark);background: var(--shiki-dark-bg);font-style: var(--shiki-dark-font-style);font-weight: var(--shiki-dark-font-weight);text-decoration: var(--shiki-dark-text-decoration);}html.dark .shiki span {color: var(--shiki-dark);background: var(--shiki-dark-bg);font-style: var(--shiki-dark-font-style);font-weight: var(--shiki-dark-font-weight);text-decoration: var(--shiki-dark-text-decoration);}"}]}],"toc":{"title":"","searchDepth":2,"depth":2,"links":[{"id":"基本配置","depth":2,"text":"基本配置"},{"id":"配置选项","depth":2,"text":"配置选项","children":[{"id":"open","depth":3,"text":"open"},{"id":"clipath","depth":3,"text":"cliPath"}]},{"id":"高级配置示例","depth":2,"text":"高级配置示例"},{"id":"注意事项","depth":2,"text":"注意事项"}]}},"_type":"markdown","_id":"content:unh:5.devtools.md","_source":"content","_file":"unh/5.devtools.md","_stem":"unh/5.devtools","_extension":"md"}