{"_path":"/plugin-uni","_dir":{"_path":"/plugin-uni/_dir","title":"plugin-uni","collapse":false,"showTitle":false,"toc":{"links":[{"title":"点亮星星","icon":"lucide:star","to":"https://github.com/uni-helper/plugin-uni","target":"_blank"},{"title":"反馈问题","icon":"lucide:github","to":"https://github.com/uni-helper/plugin-uni/issues","target":"_blank"}]}},"_draft":false,"_partial":false,"_locale":"","title":"plugin-uni","description":"为 uni-app 提供的 原生 ESM Vite 插件，让你在 ESM-First 环境中零成本接入 uni-app 构建体系。","navTruncate":false,"icon":"lucide:rocket","badges":[{"value":"npm","to":"https://www.npmjs.com/package/@uni-helper/plugin-uni","target":"_blank"},{"value":"source","icon":"lucide:code","to":"https://github.com/uni-helper/plugin-uni","target":"_blank"},{"value":"赞助","icon":"lucide:coffee","to":"https://afdian.com/a/flippedround","target":"_blank"}],"body":{"type":"root","children":[{"type":"element","tag":"alert","props":{"icon":"lucide:info"},"children":[{"type":"element","tag":"blockquote","props":{},"children":[{"type":"element","tag":"ul","props":{},"children":[{"type":"element","tag":"li","props":{},"children":[{"type":"text","value":"零运行时影响"},{"type":"element","tag":"br","props":{},"children":[]},{"type":"text","value":"本包仅为 ESM 重导出，无额外逻辑，因此不会增加构建耗时或引入潜在缺陷。"}]},{"type":"element","tag":"li","props":{},"children":[{"type":"text","value":"问题归属"},{"type":"element","tag":"br","props":{},"children":[]},{"type":"text","value":"如遇构建异常，请先确认是否由官方插件引起，并向 "},{"type":"element","tag":"a","props":{"href":"https://github.com/dcloudio/uni-app/issues","rel":["nofollow"]},"children":[{"type":"text","value":"dcloudio/uni-app"}]},{"type":"text","value":" 提交 issue；"},{"type":"element","tag":"br","props":{},"children":[]},{"type":"text","value":"若可定位为转发层缺陷，请附最小复现仓库至 "},{"type":"element","tag":"a","props":{"href":"https://github.com/uni-helper/plugin-uni","rel":["nofollow"]},"children":[{"type":"text","value":"@uni-helper/plugin-uni"}]},{"type":"text","value":"。"}]},{"type":"element","tag":"li","props":{},"children":[{"type":"text","value":"维护计划"},{"type":"element","tag":"br","props":{},"children":[]},{"type":"text","value":"将持续跟进官方 ESM 支持进度；一旦官方提供原生 ESM 版本，本项目将归档并停止维护。"}]}]}]}]},{"type":"element","tag":"h2","props":{"id":"亮点"},"children":[{"type":"text","value":"✨ 亮点"}]},{"type":"element","tag":"table","props":{},"children":[{"type":"element","tag":"thead","props":{},"children":[{"type":"element","tag":"tr","props":{},"children":[{"type":"element","tag":"th","props":{},"children":[{"type":"text","value":"特性"}]},{"type":"element","tag":"th","props":{},"children":[{"type":"text","value":"说明"}]}]}]},{"type":"element","tag":"tbody","props":{},"children":[{"type":"element","tag":"tr","props":{},"children":[{"type":"element","tag":"td","props":{},"children":[{"type":"text","value":"🚀 "},{"type":"element","tag":"strong","props":{},"children":[{"type":"text","value":"原生 ESM"}]}]},{"type":"element","tag":"td","props":{},"children":[{"type":"text","value":"完全遵循 "},{"type":"element","tag":"code","props":{"className":[]},"children":[{"type":"text","value":"import"}]},{"type":"text","value":"/"},{"type":"element","tag":"code","props":{"className":[]},"children":[{"type":"text","value":"export"}]},{"type":"text","value":" 规范，无需 "},{"type":"element","tag":"code","props":{"className":[]},"children":[{"type":"text","value":".default()"}]},{"type":"text","value":" 适配"}]}]},{"type":"element","tag":"tr","props":{},"children":[{"type":"element","tag":"td","props":{},"children":[{"type":"text","value":"🛡️ "},{"type":"element","tag":"strong","props":{},"children":[{"type":"text","value":"完整类型"}]}]},{"type":"element","tag":"td","props":{},"children":[{"type":"text","value":"TypeScript 类型与 "},{"type":"element","tag":"code","props":{"className":[]},"children":[{"type":"text","value":"@dcloudio/vite-plugin-uni"}]},{"type":"text","value":" 同步，IDE 提示零丢失"}]}]},{"type":"element","tag":"tr","props":{},"children":[{"type":"element","tag":"td","props":{},"children":[{"type":"text","value":"🪶 "},{"type":"element","tag":"strong","props":{},"children":[{"type":"text","value":"零依赖转发"}]}]},{"type":"element","tag":"td","props":{},"children":[{"type":"text","value":"通过 "},{"type":"element","tag":"code","props":{"className":[]},"children":[{"type":"text","value":"peerDependencies"}]},{"type":"text","value":" 复用用户项目中的官方插件，"},{"type":"element","tag":"strong","props":{},"children":[{"type":"text","value":"不锁版本"}]}]}]},{"type":"element","tag":"tr","props":{},"children":[{"type":"element","tag":"td","props":{},"children":[{"type":"text","value":"🧩 "},{"type":"element","tag":"strong","props":{},"children":[{"type":"text","value":"即装即用"}]}]},{"type":"element","tag":"td","props":{},"children":[{"type":"text","value":"一行 "},{"type":"element","tag":"code","props":{"className":[]},"children":[{"type":"text","value":"import"}]},{"type":"text","value":"，即可替换官方 CJS 插件"}]}]}]}]},{"type":"element","tag":"h2","props":{"id":"安装"},"children":[{"type":"text","value":"📦 安装"}]},{"type":"element","tag":"stack","props":{},"children":[{"type":"element","tag":"alert","props":{},"children":[{"type":"element","tag":"p","props":{},"children":[{"type":"text","value":"请确保已安装官方插件 "},{"type":"element","tag":"code","props":{"className":[]},"children":[{"type":"text","value":"@dcloudio/vite-plugin-uni"}]},{"type":"text","value":"，否则本插件将无法正常工作。"}]}]},{"type":"element","tag":"pm-install","props":{"name":"-D @uni-helper/plugin-uni"},"children":[]}]},{"type":"element","tag":"h2","props":{"id":"使用"},"children":[{"type":"text","value":"🔧 使用"}]},{"type":"element","tag":"pre","props":{"className":"language-json shiki shiki-themes github-light github-dark","code":"{\n  \"type\": \"module\",\n  \"devDependencies\": {\n    \"@dcloudio/vite-plugin-uni\": \"xxx\",\n    \"@uni-helper/plugin-uni\": \"^0.1.0\"\n  }\n}\n","filename":"package.json","language":"json","meta":"","style":""},"children":[{"type":"element","tag":"code","props":{"__ignoreMap":""},"children":[{"type":"element","tag":"span","props":{"class":"line","line":1},"children":[{"type":"element","tag":"span","props":{"style":"--shiki-default:#24292E;--shiki-dark:#E1E4E8"},"children":[{"type":"text","value":"{\n"}]}]},{"type":"element","tag":"span","props":{"class":"line","line":2},"children":[{"type":"element","tag":"span","props":{"style":"--shiki-default:#005CC5;--shiki-dark:#79B8FF"},"children":[{"type":"text","value":"  \"type\""}]},{"type":"element","tag":"span","props":{"style":"--shiki-default:#24292E;--shiki-dark:#E1E4E8"},"children":[{"type":"text","value":": "}]},{"type":"element","tag":"span","props":{"style":"--shiki-default:#032F62;--shiki-dark:#9ECBFF"},"children":[{"type":"text","value":"\"module\""}]},{"type":"element","tag":"span","props":{"style":"--shiki-default:#24292E;--shiki-dark:#E1E4E8"},"children":[{"type":"text","value":",\n"}]}]},{"type":"element","tag":"span","props":{"class":"line","line":3},"children":[{"type":"element","tag":"span","props":{"style":"--shiki-default:#005CC5;--shiki-dark:#79B8FF"},"children":[{"type":"text","value":"  \"devDependencies\""}]},{"type":"element","tag":"span","props":{"style":"--shiki-default:#24292E;--shiki-dark:#E1E4E8"},"children":[{"type":"text","value":": {\n"}]}]},{"type":"element","tag":"span","props":{"class":"line","line":4},"children":[{"type":"element","tag":"span","props":{"style":"--shiki-default:#005CC5;--shiki-dark:#79B8FF"},"children":[{"type":"text","value":"    \"@dcloudio/vite-plugin-uni\""}]},{"type":"element","tag":"span","props":{"style":"--shiki-default:#24292E;--shiki-dark:#E1E4E8"},"children":[{"type":"text","value":": "}]},{"type":"element","tag":"span","props":{"style":"--shiki-default:#032F62;--shiki-dark:#9ECBFF"},"children":[{"type":"text","value":"\"xxx\""}]},{"type":"element","tag":"span","props":{"style":"--shiki-default:#24292E;--shiki-dark:#E1E4E8"},"children":[{"type":"text","value":",\n"}]}]},{"type":"element","tag":"span","props":{"class":"line","line":5},"children":[{"type":"element","tag":"span","props":{"style":"--shiki-default:#005CC5;--shiki-dark:#79B8FF"},"children":[{"type":"text","value":"    \"@uni-helper/plugin-uni\""}]},{"type":"element","tag":"span","props":{"style":"--shiki-default:#24292E;--shiki-dark:#E1E4E8"},"children":[{"type":"text","value":": "}]},{"type":"element","tag":"span","props":{"style":"--shiki-default:#032F62;--shiki-dark:#9ECBFF"},"children":[{"type":"text","value":"\"^0.1.0\"\n"}]}]},{"type":"element","tag":"span","props":{"class":"line","line":6},"children":[{"type":"element","tag":"span","props":{"style":"--shiki-default:#24292E;--shiki-dark:#E1E4E8"},"children":[{"type":"text","value":"  }\n"}]}]},{"type":"element","tag":"span","props":{"class":"line","line":7},"children":[{"type":"element","tag":"span","props":{"style":"--shiki-default:#24292E;--shiki-dark:#E1E4E8"},"children":[{"type":"text","value":"}\n"}]}]}]}]},{"type":"element","tag":"pre","props":{"className":"language-ts shiki shiki-themes github-light github-dark","code":"import Uni from '@uni-helper/plugin-uni'\n// vite.config.ts\nimport { defineConfig } from 'vite'\n\nexport default defineConfig({\n  plugins: [\n    Uni({ /* 同官方配置 */ })\n  ]\n})\n","filename":"vite.config.ts","language":"ts","meta":"","style":""},"children":[{"type":"element","tag":"code","props":{"__ignoreMap":""},"children":[{"type":"element","tag":"span","props":{"class":"line","line":1},"children":[{"type":"element","tag":"span","props":{"style":"--shiki-default:#D73A49;--shiki-dark:#F97583"},"children":[{"type":"text","value":"import"}]},{"type":"element","tag":"span","props":{"style":"--shiki-default:#24292E;--shiki-dark:#E1E4E8"},"children":[{"type":"text","value":" Uni "}]},{"type":"element","tag":"span","props":{"style":"--shiki-default:#D73A49;--shiki-dark:#F97583"},"children":[{"type":"text","value":"from"}]},{"type":"element","tag":"span","props":{"style":"--shiki-default:#032F62;--shiki-dark:#9ECBFF"},"children":[{"type":"text","value":" '@uni-helper/plugin-uni'\n"}]}]},{"type":"element","tag":"span","props":{"class":"line","line":2},"children":[{"type":"element","tag":"span","props":{"style":"--shiki-default:#6A737D;--shiki-dark:#6A737D"},"children":[{"type":"text","value":"// vite.config.ts\n"}]}]},{"type":"element","tag":"span","props":{"class":"line","line":3},"children":[{"type":"element","tag":"span","props":{"style":"--shiki-default:#D73A49;--shiki-dark:#F97583"},"children":[{"type":"text","value":"import"}]},{"type":"element","tag":"span","props":{"style":"--shiki-default:#24292E;--shiki-dark:#E1E4E8"},"children":[{"type":"text","value":" { defineConfig } "}]},{"type":"element","tag":"span","props":{"style":"--shiki-default:#D73A49;--shiki-dark:#F97583"},"children":[{"type":"text","value":"from"}]},{"type":"element","tag":"span","props":{"style":"--shiki-default:#032F62;--shiki-dark:#9ECBFF"},"children":[{"type":"text","value":" 'vite'\n"}]}]},{"type":"element","tag":"span","props":{"class":"line","line":4},"children":[{"type":"element","tag":"span","props":{"emptyLinePlaceholder":true},"children":[{"type":"text","value":"\n"}]}]},{"type":"element","tag":"span","props":{"class":"line","line":5},"children":[{"type":"element","tag":"span","props":{"style":"--shiki-default:#D73A49;--shiki-dark:#F97583"},"children":[{"type":"text","value":"export"}]},{"type":"element","tag":"span","props":{"style":"--shiki-default:#D73A49;--shiki-dark:#F97583"},"children":[{"type":"text","value":" default"}]},{"type":"element","tag":"span","props":{"style":"--shiki-default:#6F42C1;--shiki-dark:#B392F0"},"children":[{"type":"text","value":" defineConfig"}]},{"type":"element","tag":"span","props":{"style":"--shiki-default:#24292E;--shiki-dark:#E1E4E8"},"children":[{"type":"text","value":"({\n"}]}]},{"type":"element","tag":"span","props":{"class":"line","line":6},"children":[{"type":"element","tag":"span","props":{"style":"--shiki-default:#24292E;--shiki-dark:#E1E4E8"},"children":[{"type":"text","value":"  plugins: [\n"}]}]},{"type":"element","tag":"span","props":{"class":"line","line":7},"children":[{"type":"element","tag":"span","props":{"style":"--shiki-default:#6F42C1;--shiki-dark:#B392F0"},"children":[{"type":"text","value":"    Uni"}]},{"type":"element","tag":"span","props":{"style":"--shiki-default:#24292E;--shiki-dark:#E1E4E8"},"children":[{"type":"text","value":"({ "}]},{"type":"element","tag":"span","props":{"style":"--shiki-default:#6A737D;--shiki-dark:#6A737D"},"children":[{"type":"text","value":"/* 同官方配置 */"}]},{"type":"element","tag":"span","props":{"style":"--shiki-default:#24292E;--shiki-dark:#E1E4E8"},"children":[{"type":"text","value":" })\n"}]}]},{"type":"element","tag":"span","props":{"class":"line","line":8},"children":[{"type":"element","tag":"span","props":{"style":"--shiki-default:#24292E;--shiki-dark:#E1E4E8"},"children":[{"type":"text","value":"  ]\n"}]}]},{"type":"element","tag":"span","props":{"class":"line","line":9},"children":[{"type":"element","tag":"span","props":{"style":"--shiki-default:#24292E;--shiki-dark:#E1E4E8"},"children":[{"type":"text","value":"})\n"}]}]}]}]},{"type":"element","tag":"h2","props":{"id":"️-工作原理"},"children":[{"type":"text","value":"⚙️ 工作原理"}]},{"type":"element","tag":"ol","props":{},"children":[{"type":"element","tag":"li","props":{},"children":[{"type":"text","value":"本包仅做 ESM 重导出"},{"type":"element","tag":"a","props":{"href":"https://nodejs.org/api/esm.html#interoperability-with-commonjs","rel":["nofollow"]},"children":[{"type":"text","value":"CJS→ESM 兼容性语法糖"}]},{"type":"text","value":"，不携带任何运行时逻辑。"}]},{"type":"element","tag":"li","props":{},"children":[{"type":"text","value":"通过 peerDependencies 复用用户项目中的 @dcloudio/vite-plugin-uni，确保版本由用户掌控。"}]},{"type":"element","tag":"li","props":{},"children":[{"type":"text","value":"手动导出"},{"type":"element","tag":"code","props":{"className":[]},"children":[{"type":"text","value":"d.ts"}]},{"type":"text","value":"文件，确保类型与官方插件一致。"}]}]},{"type":"element","tag":"style","props":{},"children":[{"type":"text","value":"html .default .shiki span {color: var(--shiki-default);background: var(--shiki-default-bg);font-style: var(--shiki-default-font-style);font-weight: var(--shiki-default-font-weight);text-decoration: var(--shiki-default-text-decoration);}html .shiki span {color: var(--shiki-default);background: var(--shiki-default-bg);font-style: var(--shiki-default-font-style);font-weight: var(--shiki-default-font-weight);text-decoration: var(--shiki-default-text-decoration);}html .dark .shiki span {color: var(--shiki-dark);background: var(--shiki-dark-bg);font-style: var(--shiki-dark-font-style);font-weight: var(--shiki-dark-font-weight);text-decoration: var(--shiki-dark-text-decoration);}html.dark .shiki span {color: var(--shiki-dark);background: var(--shiki-dark-bg);font-style: var(--shiki-dark-font-style);font-weight: var(--shiki-dark-font-weight);text-decoration: var(--shiki-dark-text-decoration);}"}]}],"toc":{"title":"","searchDepth":2,"depth":2,"links":[{"id":"亮点","depth":2,"text":"✨ 亮点"},{"id":"安装","depth":2,"text":"📦 安装"},{"id":"使用","depth":2,"text":"🔧 使用"},{"id":"️-工作原理","depth":2,"text":"⚙️ 工作原理"}]}},"_type":"markdown","_id":"content:plugin-uni:index.md","_source":"content","_file":"plugin-uni/index.md","_stem":"plugin-uni/index","_extension":"md"}