[{"_path":"/uni-deploy","_dir":"","_draft":false,"_partial":false,"_locale":"","title":"uni-deploy","description":"自动化部署 uni-app 应用","icon":"carbon:chart-network","navTruncate":false,"badges":[{"value":"npm","to":"https://www.npmjs.com/package/@uni-helper/uni-deploy","target":"_blank"},{"value":"source","icon":"lucide:code","to":"https://github.com/uni-helper/uni-deploy","target":"_blank"}],"_type":"markdown","_id":"content:uni-deploy:index.md","_source":"content","_file":"uni-deploy/index.md","_stem":"uni-deploy/index","_extension":"md"},{"_path":"/uni-env","_dir":"","_draft":false,"_partial":false,"_locale":"","title":"uni-env","description":"在 uni-app 中优雅地判断当前环境。","icon":"carbon:chart-network","navTruncate":false,"badges":[{"value":"npm","to":"https://www.npmjs.com/package/@uni-helper/uni-env","target":"_blank"},{"value":"source","icon":"lucide:code","to":"https://github.com/uni-helper/uni-env","target":"_blank"}],"_type":"markdown","_id":"content:uni-env:index.md","_source":"content","_file":"uni-env/index.md","_stem":"uni-env/index","_extension":"md"}]