[{"_path":"/uni-devtools","_dir":"","_draft":false,"_partial":false,"_locale":"","title":"uni-devtools","description":"uni-devtools 是为 uni-app 提供的开发者工具","icon":"carbon:executable-program","navTruncate":false,"badges":[{"value":"npm","to":"https://www.npmjs.com/package/@uni-helper/devtools","target":"_blank"},{"value":"source","icon":"lucide:code","to":"https://github.com/uni-helper/devtools","target":"_blank"}],"_type":"markdown","_id":"content:uni-devtools:index.md","_source":"content","_file":"uni-devtools/index.md","_stem":"uni-devtools/index","_extension":"md"},{"_path":"/uni-network/guide/introduction","_dir":"guide","_draft":false,"_partial":false,"_locale":"","title":"介绍","description":"uni-network 是一个为 uni-app 打造的基于 Promise 的 HTTP 客户端。","icon":"lucide:notebook-text","_type":"markdown","_id":"content:uni-network:1.guide:1.introduction.md","_source":"content","_file":"uni-network/1.guide/1.introduction.md","_stem":"uni-network/1.guide/1.introduction","_extension":"md"}]