[{"_path":"/uni-network/guide/example","_dir":"guide","_draft":false,"_partial":false,"_locale":"","title":"基本用例","description":"发起一个网络请求","navTruncate":false,"icon":"material-symbols:developer-guide-outline-rounded","_type":"markdown","_id":"content:uni-network:1.guide:3.example.md","_source":"content","_file":"uni-network/1.guide/3.example.md","_stem":"uni-network/1.guide/3.example","_extension":"md"},{"_path":"/uni-network/api/instance","_dir":"api","_draft":false,"_partial":false,"_locale":"","title":"实例","description":"可以使用自定义配置创建一个实例","navTruncate":false,"icon":"lucide:inspection-panel","_type":"markdown","_id":"content:uni-network:2.api:2.instance.md","_source":"content","_file":"uni-network/2.api/2.instance.md","_stem":"uni-network/2.api/2.instance","_extension":"md"}]