{"_path":"/vitesse-uni-app/getting-started/styling","_dir":"getting-started","_draft":false,"_partial":false,"_locale":"","title":"样式","description":"模板基于 UnoCSS 提供主要样式支持。当然，你可以使用 CSS 预处理器、组件库等。","navTruncate":false,"icon":"vscode-icons:file-type-unocss","body":{"type":"root","children":[{"type":"element","tag":"h2","props":{"id":"unocss"},"children":[{"type":"text","value":"UnoCSS"}]},{"type":"element","tag":"p","props":{},"children":[{"type":"element","tag":"a","props":{"href":"https://unocss.dev/","rel":["nofollow"]},"children":[{"type":"text","value":"UnoCSS"}]},{"type":"text","value":" 是按需使用的原子 CSS 引擎，提供了良好的样式支持。"}]},{"type":"element","tag":"p","props":{},"children":[{"type":"text","value":"模板内置了 "},{"type":"element","tag":"a","props":{"href":"https://github.com/uni-helper/unocss-preset-uni","rel":["nofollow"]},"children":[{"type":"text","value":"@uni-helper/unocss-preset-uni"}]},{"type":"text","value":"，它在底层使用 "},{"type":"element","tag":"a","props":{"href":"https://github.com/unocss-applet/unocss-applet","rel":["nofollow"]},"children":[{"type":"text","value":"unocss-applet"}]},{"type":"text","value":" 来兼容不同平台，并提供了按平台编写样式的能力。"}]},{"type":"element","tag":"pre","props":{"className":"language-html shiki shiki-themes github-light github-dark","code":"<!-- 只在 H5 编译时生成 mx-auto 类 -->\n<view class='uni-h5:mx-auto'></view>\n<!-- 只在 APP 编译时生成 mx-auto 类 -->\n<view class='uni-app:mx-auto'></view>\n<!-- 只在小程序编译时生成 mx-auto 类 -->\n<view class='uni-mp:mx-auto'></view>\n<!-- 只在微信小程序编译时生成 mx-auto 类 -->\n<view class='uni-weixin:mx-auto'></view>\n<!-- 只在支付宝小程序编译时生成 mx-auto 类 -->\n<view class='uni-mp-alipay:mx-auto'></view>\n","language":"html","meta":"","style":""},"children":[{"type":"element","tag":"code","props":{"__ignoreMap":""},"children":[{"type":"element","tag":"span","props":{"class":"line","line":1},"children":[{"type":"element","tag":"span","props":{"style":"--shiki-default:#6A737D;--shiki-dark:#6A737D"},"children":[{"type":"text","value":"<!-- 只在 H5 编译时生成 mx-auto 类 -->\n"}]}]},{"type":"element","tag":"span","props":{"class":"line","line":2},"children":[{"type":"element","tag":"span","props":{"style":"--shiki-default:#24292E;--shiki-dark:#E1E4E8"},"children":[{"type":"text","value":"<"}]},{"type":"element","tag":"span","props":{"style":"--shiki-default:#B31D28;--shiki-default-font-style:italic;--shiki-dark:#FDAEB7;--shiki-dark-font-style:italic"},"children":[{"type":"text","value":"view"}]},{"type":"element","tag":"span","props":{"style":"--shiki-default:#6F42C1;--shiki-dark:#B392F0"},"children":[{"type":"text","value":" class"}]},{"type":"element","tag":"span","props":{"style":"--shiki-default:#24292E;--shiki-dark:#E1E4E8"},"children":[{"type":"text","value":"="}]},{"type":"element","tag":"span","props":{"style":"--shiki-default:#032F62;--shiki-dark:#9ECBFF"},"children":[{"type":"text","value":"'uni-h5:mx-auto'"}]},{"type":"element","tag":"span","props":{"style":"--shiki-default:#24292E;--shiki-dark:#E1E4E8"},"children":[{"type":"text","value":"></"}]},{"type":"element","tag":"span","props":{"style":"--shiki-default:#B31D28;--shiki-default-font-style:italic;--shiki-dark:#FDAEB7;--shiki-dark-font-style:italic"},"children":[{"type":"text","value":"view"}]},{"type":"element","tag":"span","props":{"style":"--shiki-default:#24292E;--shiki-dark:#E1E4E8"},"children":[{"type":"text","value":">\n"}]}]},{"type":"element","tag":"span","props":{"class":"line","line":3},"children":[{"type":"element","tag":"span","props":{"style":"--shiki-default:#6A737D;--shiki-dark:#6A737D"},"children":[{"type":"text","value":"<!-- 只在 APP 编译时生成 mx-auto 类 -->\n"}]}]},{"type":"element","tag":"span","props":{"class":"line","line":4},"children":[{"type":"element","tag":"span","props":{"style":"--shiki-default:#24292E;--shiki-dark:#E1E4E8"},"children":[{"type":"text","value":"<"}]},{"type":"element","tag":"span","props":{"style":"--shiki-default:#B31D28;--shiki-default-font-style:italic;--shiki-dark:#FDAEB7;--shiki-dark-font-style:italic"},"children":[{"type":"text","value":"view"}]},{"type":"element","tag":"span","props":{"style":"--shiki-default:#6F42C1;--shiki-dark:#B392F0"},"children":[{"type":"text","value":" class"}]},{"type":"element","tag":"span","props":{"style":"--shiki-default:#24292E;--shiki-dark:#E1E4E8"},"children":[{"type":"text","value":"="}]},{"type":"element","tag":"span","props":{"style":"--shiki-default:#032F62;--shiki-dark:#9ECBFF"},"children":[{"type":"text","value":"'uni-app:mx-auto'"}]},{"type":"element","tag":"span","props":{"style":"--shiki-default:#24292E;--shiki-dark:#E1E4E8"},"children":[{"type":"text","value":"></"}]},{"type":"element","tag":"span","props":{"style":"--shiki-default:#B31D28;--shiki-default-font-style:italic;--shiki-dark:#FDAEB7;--shiki-dark-font-style:italic"},"children":[{"type":"text","value":"view"}]},{"type":"element","tag":"span","props":{"style":"--shiki-default:#24292E;--shiki-dark:#E1E4E8"},"children":[{"type":"text","value":">\n"}]}]},{"type":"element","tag":"span","props":{"class":"line","line":5},"children":[{"type":"element","tag":"span","props":{"style":"--shiki-default:#6A737D;--shiki-dark:#6A737D"},"children":[{"type":"text","value":"<!-- 只在小程序编译时生成 mx-auto 类 -->\n"}]}]},{"type":"element","tag":"span","props":{"class":"line","line":6},"children":[{"type":"element","tag":"span","props":{"style":"--shiki-default:#24292E;--shiki-dark:#E1E4E8"},"children":[{"type":"text","value":"<"}]},{"type":"element","tag":"span","props":{"style":"--shiki-default:#B31D28;--shiki-default-font-style:italic;--shiki-dark:#FDAEB7;--shiki-dark-font-style:italic"},"children":[{"type":"text","value":"view"}]},{"type":"element","tag":"span","props":{"style":"--shiki-default:#6F42C1;--shiki-dark:#B392F0"},"children":[{"type":"text","value":" class"}]},{"type":"element","tag":"span","props":{"style":"--shiki-default:#24292E;--shiki-dark:#E1E4E8"},"children":[{"type":"text","value":"="}]},{"type":"element","tag":"span","props":{"style":"--shiki-default:#032F62;--shiki-dark:#9ECBFF"},"children":[{"type":"text","value":"'uni-mp:mx-auto'"}]},{"type":"element","tag":"span","props":{"style":"--shiki-default:#24292E;--shiki-dark:#E1E4E8"},"children":[{"type":"text","value":"></"}]},{"type":"element","tag":"span","props":{"style":"--shiki-default:#B31D28;--shiki-default-font-style:italic;--shiki-dark:#FDAEB7;--shiki-dark-font-style:italic"},"children":[{"type":"text","value":"view"}]},{"type":"element","tag":"span","props":{"style":"--shiki-default:#24292E;--shiki-dark:#E1E4E8"},"children":[{"type":"text","value":">\n"}]}]},{"type":"element","tag":"span","props":{"class":"line","line":7},"children":[{"type":"element","tag":"span","props":{"style":"--shiki-default:#6A737D;--shiki-dark:#6A737D"},"children":[{"type":"text","value":"<!-- 只在微信小程序编译时生成 mx-auto 类 -->\n"}]}]},{"type":"element","tag":"span","props":{"class":"line","line":8},"children":[{"type":"element","tag":"span","props":{"style":"--shiki-default:#24292E;--shiki-dark:#E1E4E8"},"children":[{"type":"text","value":"<"}]},{"type":"element","tag":"span","props":{"style":"--shiki-default:#B31D28;--shiki-default-font-style:italic;--shiki-dark:#FDAEB7;--shiki-dark-font-style:italic"},"children":[{"type":"text","value":"view"}]},{"type":"element","tag":"span","props":{"style":"--shiki-default:#6F42C1;--shiki-dark:#B392F0"},"children":[{"type":"text","value":" class"}]},{"type":"element","tag":"span","props":{"style":"--shiki-default:#24292E;--shiki-dark:#E1E4E8"},"children":[{"type":"text","value":"="}]},{"type":"element","tag":"span","props":{"style":"--shiki-default:#032F62;--shiki-dark:#9ECBFF"},"children":[{"type":"text","value":"'uni-weixin:mx-auto'"}]},{"type":"element","tag":"span","props":{"style":"--shiki-default:#24292E;--shiki-dark:#E1E4E8"},"children":[{"type":"text","value":"></"}]},{"type":"element","tag":"span","props":{"style":"--shiki-default:#B31D28;--shiki-default-font-style:italic;--shiki-dark:#FDAEB7;--shiki-dark-font-style:italic"},"children":[{"type":"text","value":"view"}]},{"type":"element","tag":"span","props":{"style":"--shiki-default:#24292E;--shiki-dark:#E1E4E8"},"children":[{"type":"text","value":">\n"}]}]},{"type":"element","tag":"span","props":{"class":"line","line":9},"children":[{"type":"element","tag":"span","props":{"style":"--shiki-default:#6A737D;--shiki-dark:#6A737D"},"children":[{"type":"text","value":"<!-- 只在支付宝小程序编译时生成 mx-auto 类 -->\n"}]}]},{"type":"element","tag":"span","props":{"class":"line","line":10},"children":[{"type":"element","tag":"span","props":{"style":"--shiki-default:#24292E;--shiki-dark:#E1E4E8"},"children":[{"type":"text","value":"<"}]},{"type":"element","tag":"span","props":{"style":"--shiki-default:#B31D28;--shiki-default-font-style:italic;--shiki-dark:#FDAEB7;--shiki-dark-font-style:italic"},"children":[{"type":"text","value":"view"}]},{"type":"element","tag":"span","props":{"style":"--shiki-default:#6F42C1;--shiki-dark:#B392F0"},"children":[{"type":"text","value":" class"}]},{"type":"element","tag":"span","props":{"style":"--shiki-default:#24292E;--shiki-dark:#E1E4E8"},"children":[{"type":"text","value":"="}]},{"type":"element","tag":"span","props":{"style":"--shiki-default:#032F62;--shiki-dark:#9ECBFF"},"children":[{"type":"text","value":"'uni-mp-alipay:mx-auto'"}]},{"type":"element","tag":"span","props":{"style":"--shiki-default:#24292E;--shiki-dark:#E1E4E8"},"children":[{"type":"text","value":"></"}]},{"type":"element","tag":"span","props":{"style":"--shiki-default:#B31D28;--shiki-default-font-style:italic;--shiki-dark:#FDAEB7;--shiki-dark-font-style:italic"},"children":[{"type":"text","value":"view"}]},{"type":"element","tag":"span","props":{"style":"--shiki-default:#24292E;--shiki-dark:#E1E4E8"},"children":[{"type":"text","value":">\n"}]}]}]}]},{"type":"element","tag":"h2","props":{"id":"css-预处理器"},"children":[{"type":"text","value":"CSS 预处理器"}]},{"type":"element","tag":"p","props":{},"children":[{"type":"text","value":"你可以参考 "},{"type":"element","tag":"a","props":{"href":"https://cn.vitejs.dev/guide/features.html#css-pre-processors","rel":["nofollow"]},"children":[{"type":"text","value":"Vite 文档 CSS 预处理器"}]},{"type":"text","value":"，了解相关使用方法。"}]},{"type":"element","tag":"h2","props":{"id":"单文件组件样式"},"children":[{"type":"text","value":"单文件组件样式"}]},{"type":"element","tag":"p","props":{},"children":[{"type":"text","value":"你可以参考 "},{"type":"element","tag":"a","props":{"href":"https://cn.vuejs.org/api/sfc-css-features.html","rel":["nofollow"]},"children":[{"type":"text","value":"Vue 文档单文件组件 CSS 功能"}]},{"type":"text","value":"，了解相关使用方法。"}]},{"type":"element","tag":"h2","props":{"id":"组件库"},"children":[{"type":"text","value":"组件库"}]},{"type":"element","tag":"p","props":{},"children":[{"type":"text","value":"查看 "},{"type":"element","tag":"span","props":{},"children":[{"type":"text","value":"uni-helper/awesome-uni-app"}]},{"type":"text","value":" 整理的 "},{"type":"element","tag":"a","props":{"href":"https://github.com/uni-helper/awesome-uni-app#ui-%E7%BB%84%E4%BB%B6%E5%BA%93","rel":["nofollow"]},"children":[{"type":"text","value":"组件库"}]},{"type":"text","value":"，选一个你心动的即可~"}]},{"type":"element","tag":"style","props":{},"children":[{"type":"text","value":"html .default .shiki span {color: var(--shiki-default);background: var(--shiki-default-bg);font-style: var(--shiki-default-font-style);font-weight: var(--shiki-default-font-weight);text-decoration: var(--shiki-default-text-decoration);}html .shiki span {color: var(--shiki-default);background: var(--shiki-default-bg);font-style: var(--shiki-default-font-style);font-weight: var(--shiki-default-font-weight);text-decoration: var(--shiki-default-text-decoration);}html .dark .shiki span {color: var(--shiki-dark);background: var(--shiki-dark-bg);font-style: var(--shiki-dark-font-style);font-weight: var(--shiki-dark-font-weight);text-decoration: var(--shiki-dark-text-decoration);}html.dark .shiki span {color: var(--shiki-dark);background: var(--shiki-dark-bg);font-style: var(--shiki-dark-font-style);font-weight: var(--shiki-dark-font-weight);text-decoration: var(--shiki-dark-text-decoration);}"}]}],"toc":{"title":"","searchDepth":2,"depth":2,"links":[{"id":"unocss","depth":2,"text":"UnoCSS"},{"id":"css-预处理器","depth":2,"text":"CSS 预处理器"},{"id":"单文件组件样式","depth":2,"text":"单文件组件样式"},{"id":"组件库","depth":2,"text":"组件库"}]}},"_type":"markdown","_id":"content:vitesse-uni-app:1.getting-started:4.styling.md","_source":"content","_file":"vitesse-uni-app/1.getting-started/4.styling.md","_stem":"vitesse-uni-app/1.getting-started/4.styling","_extension":"md"}