{"_path":"/awesome-uni-app","_dir":"","_draft":false,"_partial":false,"_locale":"","title":"Awesome uni-app","description":"多端统一开发框架 uni-app 优秀学习资源汇总","icon":"simple-icons:awesomelists","navTruncate":false,"badges":[{"value":"source","icon":"lucide:code","to":"https://github.com/uni-helper/awesome-uni-app","target":"_blank"}],"body":{"type":"root","children":[{"type":"element","tag":"hr","props":{},"children":[]},{"type":"element","tag":"awesome","props":{},"children":[]},{"type":"element","tag":"h2","props":{"id":"官方资源"},"children":[{"type":"text","value":"官方资源"}]},{"type":"element","tag":"ul","props":{},"children":[{"type":"element","tag":"li","props":{},"children":[{"type":"element","tag":"a","props":{"href":"https://uniapp.dcloud.io/","rel":["nofollow"]},"children":[{"type":"text","value":"官方文档"}]}]},{"type":"element","tag":"li","props":{},"children":[{"type":"element","tag":"a","props":{"href":"https://github.com/dcloudio/uni-app","rel":["nofollow"]},"children":[{"type":"text","value":"GitHub 仓库"}]}]},{"type":"element","tag":"li","props":{},"children":[{"type":"element","tag":"a","props":{"href":"https://uniapp.dcloud.net.cn/release-note-alpha.html","rel":["nofollow"]},"children":[{"type":"text","value":"更新日志"}]}]},{"type":"element","tag":"li","props":{},"children":[{"type":"element","tag":"a","props":{"href":"https://uniapp.dcloud.net.cn/translate.html","rel":["nofollow"]},"children":[{"type":"text","value":"迁移指南"}]}]},{"type":"element","tag":"li","props":{},"children":[{"type":"element","tag":"a","props":{"href":"https://ext.dcloud.net.cn/","rel":["nofollow"]},"children":[{"type":"text","value":"插件市场"}]}]}]},{"type":"element","tag":"h2","props":{"id":"社区"},"children":[{"type":"text","value":"社区"}]},{"type":"element","tag":"ul","props":{},"children":[{"type":"element","tag":"li","props":{},"children":[{"type":"element","tag":"a","props":{"href":"https://ask.dcloud.net.cn/explore/category-12","rel":["nofollow"]},"children":[{"type":"text","value":"官方论坛"}]}]},{"type":"element","tag":"li","props":{},"children":[{"type":"element","tag":"a","props":{"href":"https://github.com/dcloudio/uni-app/issues","rel":["nofollow"]},"children":[{"type":"text","value":"官方 Issues"}]}]}]},{"type":"element","tag":"hr","props":{},"children":[]},{"type":"element","tag":"p","props":{},"children":[{"type":"text","value":"在下面的内容中，我们使用徽章来指示部分组件、库、插件的版本、平台、语言兼容性，其中徽章的颜色和开头用来表示支持程度。"}]},{"type":"element","tag":"ul","props":{},"children":[{"type":"element","tag":"li","props":{},"children":[{"type":"text","value":"Vue 版本兼容性，没有则都兼容"},{"type":"element","tag":"ul","props":{},"children":[{"type":"element","tag":"li","props":{},"children":[{"type":"element","tag":"img","props":{"alt":"vue3","src":"https://img.shields.io/badge/-3-35495e?logo=vue.js"},"children":[]},{"type":"text","value":" 仅支持 Vue 3"}]},{"type":"element","tag":"li","props":{},"children":[{"type":"element","tag":"img","props":{"alt":"vue2","src":"https://img.shields.io/badge/-2-35495e?logo=vue.js"},"children":[]},{"type":"text","value":" 仅支持 Vue 2"}]}]}]},{"type":"element","tag":"li","props":{},"children":[{"type":"text","value":"打包器兼容性，没有则都兼容"},{"type":"element","tag":"ul","props":{},"children":[{"type":"element","tag":"li","props":{},"children":[{"type":"element","tag":"img","props":{"alt":"vue-cli","src":"https://img.shields.io/badge/-Vue%20Cli-3eb782"},"children":[]},{"type":"text","value":" 仅支持 Vue CLI"}]},{"type":"element","tag":"li","props":{},"children":[{"type":"element","tag":"img","props":{"alt":"vite","src":"https://img.shields.io/badge/-Vite-646CFF"},"children":[]},{"type":"text","value":" 仅支持 Vite"}]}]}]},{"type":"element","tag":"li","props":{},"children":[{"type":"text","value":"平台兼容性，由于平台涉及比较多，具体兼容性在仓库的 Readme 中声明"}]},{"type":"element","tag":"li","props":{},"children":[{"type":"text","value":"写法兼容性，没有则都兼容"},{"type":"element","tag":"ul","props":{},"children":[{"type":"element","tag":"li","props":{},"children":[{"type":"element","tag":"img","props":{"alt":"nvue","src":"https://img.shields.io/badge/-!NVue-ff0000"},"children":[]},{"type":"text","value":" 不支持 nvue 渲染"}]}]}]}]},{"type":"element","tag":"h2","props":{"id":"cli"},"children":[{"type":"text","value":"Cli"}]},{"type":"element","tag":"ul","props":{},"children":[{"type":"element","tag":"li","props":{},"children":[{"type":"element","tag":"img","props":{"alt":"vite","src":"https://img.shields.io/badge/-Vite-646CFF"},"children":[]},{"type":"text","value":" "},{"type":"element","tag":"img","props":{"alt":"vue3","src":"https://img.shields.io/badge/-3-35495e?logo=vue.js"},"children":[]},{"type":"text","value":" "},{"type":"element","tag":"a","props":{"href":"https://github.com/uni-helper/create-uni","rel":["nofollow"]},"children":[{"type":"text","value":"create-uni"}]},{"type":"text","value":" "},{"type":"element","tag":"img","props":{"alt":"stars","src":"https://img.shields.io/github/stars/uni-helper/create-uni"},"children":[]},{"type":"text","value":" 🛠️ 快速创建 uni-app 项目"}]}]},{"type":"element","tag":"h2","props":{"id":"模板"},"children":[{"type":"text","value":"模板"}]},{"type":"element","tag":"ul","props":{},"children":[{"type":"element","tag":"li","props":{},"children":[{"type":"element","tag":"a","props":{"href":"https://github.com/dcloudio/uni-preset-vue","rel":["nofollow"]},"children":[{"type":"text","value":"uni-preset-vue"}]},{"type":"text","value":" "},{"type":"element","tag":"img","props":{"alt":"stars","src":"https://img.shields.io/github/stars/dcloudio/uni-preset-vue"},"children":[]},{"type":"text","value":" - uni-app 官方模板。"}]}]},{"type":"element","tag":"ul","props":{},"children":[{"type":"element","tag":"li","props":{},"children":[{"type":"element","tag":"img","props":{"alt":"vue3","src":"https://img.shields.io/badge/-3-35495e?logo=vue.js"},"children":[]},{"type":"text","value":" "},{"type":"element","tag":"a","props":{"href":"https://github.com/uni-helper/vitesse-uni-app","rel":["nofollow"]},"children":[{"type":"text","value":"vitesse-uni-app"}]},{"type":"text","value":" "},{"type":"element","tag":"img","props":{"alt":"stars","src":"https://img.shields.io/github/stars/uni-helper/vitesse-uni-app"},"children":[]},{"type":"text","value":" - 由 uni-helper 支持的开始模板。"}]},{"type":"element","tag":"li","props":{},"children":[{"type":"element","tag":"img","props":{"alt":"vue3","src":"https://img.shields.io/badge/-3-35495e?logo=vue.js"},"children":[]},{"type":"text","value":" "},{"type":"element","tag":"a","props":{"href":"https://github.com/sunpm/unisave","rel":["nofollow"]},"children":[{"type":"text","value":"unisave"}]},{"type":"text","value":" "},{"type":"element","tag":"img","props":{"alt":"stars","src":"https://img.shields.io/github/stars/sunpm/unisave"},"children":[]},{"type":"text","value":" - 拥抱 web 开发，拯救 uniapp。适配所有 (app、mp、web) 平台！！！"}]},{"type":"element","tag":"li","props":{},"children":[{"type":"element","tag":"img","props":{"alt":"vue3","src":"https://img.shields.io/badge/-3-35495e?logo=vue.js"},"children":[]},{"type":"text","value":" "},{"type":"element","tag":"a","props":{"href":"https://github.com/yang1206/uniapp-template","rel":["nofollow"]},"children":[{"type":"text","value":"uniapp-template"}]},{"type":"text","value":" "},{"type":"element","tag":"img","props":{"alt":"stars","src":"https://img.shields.io/github/stars/yang1206/uniapp-template"},"children":[]},{"type":"text","value":" - 基于 Vite、UnoCSS 和 TypeScript 的 uni-app 起始模版。"}]},{"type":"element","tag":"li","props":{},"children":[{"type":"element","tag":"img","props":{"alt":"vue3","src":"https://img.shields.io/badge/-3-35495e?logo=vue.js"},"children":[]},{"type":"text","value":" "},{"type":"element","tag":"a","props":{"href":"https://github.com/Moonofweisheng/wot-starter","rel":["nofollow"]},"children":[{"type":"text","value":"wot-starter"}]},{"type":"text","value":" "},{"type":"element","tag":"img","props":{"alt":"stars","src":"https://img.shields.io/github/stars/Moonofweisheng/wot-starter"},"children":[]},{"type":"text","value":" - 基于 wot-design-uni 的 uni-app 快速启动模板。"}]},{"type":"element","tag":"li","props":{},"children":[{"type":"element","tag":"img","props":{"alt":"vue3","src":"https://img.shields.io/badge/-3-35495e?logo=vue.js"},"children":[]},{"type":"text","value":" "},{"type":"element","tag":"a","props":{"href":"https://github.com/codercup/unibest","rel":["nofollow"]},"children":[{"type":"text","value":"unibest"}]},{"type":"text","value":" "},{"type":"element","tag":"img","props":{"alt":"stars","src":"https://img.shields.io/github/stars/codercup/unibest"},"children":[]},{"type":"text","value":" - uni-app 开发框架，内置大量基础功能，提供大量辅助功能。"}]},{"type":"element","tag":"li","props":{},"children":[{"type":"element","tag":"img","props":{"alt":"vue3","src":"https://img.shields.io/badge/-3-35495e?logo=vue.js"},"children":[]},{"type":"text","value":" "},{"type":"element","tag":"a","props":{"href":"https://github.com/Ares-Chang/uni-vitesse","rel":["nofollow"]},"children":[{"type":"text","value":"uni-vitesse"}]},{"type":"text","value":" "},{"type":"element","tag":"img","props":{"alt":"stars","src":"https://img.shields.io/github/stars/Ares-Chang/uni-vitesse"},"children":[]},{"type":"text","value":" - uni-app 版的 vitesse-lite"}]},{"type":"element","tag":"li","props":{},"children":[{"type":"element","tag":"img","props":{"alt":"vue3","src":"https://img.shields.io/badge/-3-35495e?logo=vue.js"},"children":[]},{"type":"text","value":" "},{"type":"element","tag":"a","props":{"href":"https://github.com/gitboyzcf/uni-preset-vue3-vite","rel":["nofollow"]},"children":[{"type":"text","value":"uni-preset-vue3-vite"}]},{"type":"text","value":" "},{"type":"element","tag":"img","props":{"alt":"stars","src":"https://img.shields.io/github/stars/gitboyzcf/uni-preset-vue3-vite"},"children":[]},{"type":"text","value":" - 基于 Vue3、Pinia、Vite、UnoCSS、nutui-uniapp，简单快速使用 uni-app 开发小程序和 H5"}]}]},{"type":"element","tag":"h2","props":{"id":"演示"},"children":[{"type":"text","value":"演示"}]},{"type":"element","tag":"ul","props":{},"children":[{"type":"element","tag":"li","props":{},"children":[{"type":"element","tag":"a","props":{"href":"https://github.com/dcloudio/hello-uniapp","rel":["nofollow"]},"children":[{"type":"text","value":"hello-uniapp"}]},{"type":"text","value":" "},{"type":"element","tag":"img","props":{"alt":"stars","src":"https://img.shields.io/github/stars/dcloudio/hello-uniapp"},"children":[]},{"type":"text","value":" - uni-app 框架演示示例"}]}]},{"type":"element","tag":"h2","props":{"id":"lib-工具库"},"children":[{"type":"text","value":"Lib 工具库"}]},{"type":"element","tag":"ul","props":{},"children":[{"type":"element","tag":"li","props":{},"children":[{"type":"element","tag":"a","props":{"href":"https://github.com/uni-helper/axios-adapter","rel":["nofollow"]},"children":[{"type":"text","value":"axios-adapter"}]},{"type":"text","value":" "},{"type":"element","tag":"img","props":{"alt":"stars","src":"https://img.shields.io/github/stars/uni-helper/axios-adapter"},"children":[]},{"type":"text","value":" - 一个用于 uni-app 的 Axios 适配器。"}]},{"type":"element","tag":"li","props":{},"children":[{"type":"element","tag":"a","props":{"href":"https://github.com/uni-helper/uni-network","rel":["nofollow"]},"children":[{"type":"text","value":"uni-network"}]},{"type":"text","value":" "},{"type":"element","tag":"img","props":{"alt":"stars","src":"https://img.shields.io/github/stars/uni-helper/uni-network"},"children":[]},{"type":"text","value":" - 为 uni-app 打造的基于 Promise 的 HTTP 客户端。"}]},{"type":"element","tag":"li","props":{},"children":[{"type":"element","tag":"a","props":{"href":"https://github.com/uni-helper/uni-promises","rel":["nofollow"]},"children":[{"type":"text","value":"uni-promises"}]},{"type":"text","value":" "},{"type":"element","tag":"img","props":{"alt":"stars","src":"https://img.shields.io/github/stars/uni-helper/uni-promises"},"children":[]},{"type":"text","value":" - uni-app Promise 化 API。"}]},{"type":"element","tag":"li","props":{},"children":[{"type":"element","tag":"img","props":{"alt":"vue3","src":"https://img.shields.io/badge/-3-35495e?logo=vue.js"},"children":[]},{"type":"text","value":" "},{"type":"element","tag":"a","props":{"href":"https://github.com/uni-helper/uni-use","rel":["nofollow"]},"children":[{"type":"text","value":"uni-use"}]},{"type":"text","value":" "},{"type":"element","tag":"img","props":{"alt":"stars","src":"https://img.shields.io/github/stars/uni-helper/uni-use"},"children":[]},{"type":"text","value":" - uni-app 组合式工具集。"}]},{"type":"element","tag":"li","props":{},"children":[{"type":"element","tag":"a","props":{"href":"https://github.com/unocss-applet/unocss-applet","rel":["nofollow"]},"children":[{"type":"text","value":"unocss-applet"}]},{"type":"text","value":" "},{"type":"element","tag":"img","props":{"alt":"stars","src":"https://img.shields.io/github/stars/unocss-applet/unocss-applet"},"children":[]},{"type":"text","value":" - 在小程序中使用 UnoCSS，兼容不支持的语法。"}]},{"type":"element","tag":"li","props":{},"children":[{"type":"element","tag":"a","props":{"href":"https://github.com/uni-helper/unocss-preset-uni","rel":["nofollow"]},"children":[{"type":"text","value":"unocss-preset-uni"}]},{"type":"text","value":" "},{"type":"element","tag":"img","props":{"alt":"stars","src":"https://img.shields.io/github/stars/uni-helper/unocss-preset-uni"},"children":[]},{"type":"text","value":" - 专为 uni-app 打造的 UnoCSS 预设。"}]},{"type":"element","tag":"li","props":{},"children":[{"type":"element","tag":"a","props":{"href":"https://github.com/Ares-Chang/uni-use-router","rel":["nofollow"]},"children":[{"type":"text","value":"uni-use-router"}]},{"type":"text","value":" "},{"type":"element","tag":"img","props":{"alt":"stars","src":"https://img.shields.io/github/stars/Ares-Chang/uni-use-router"},"children":[]},{"type":"text","value":" - uni-app 路由补充，与 vue-router 语法靠近。"}]}]},{"type":"element","tag":"h2","props":{"id":"ui-组件库"},"children":[{"type":"text","value":"UI 组件库"}]},{"type":"element","tag":"ul","props":{},"children":[{"type":"element","tag":"li","props":{},"children":[{"type":"element","tag":"a","props":{"href":"https://github.com/dcloudio/uni-ui","rel":["nofollow"]},"children":[{"type":"text","value":"uni-ui"}]},{"type":"text","value":" "},{"type":"element","tag":"img","props":{"alt":"stars","src":"https://img.shields.io/github/stars/dcloudio/uni-ui"},"children":[]},{"type":"text","value":" - 基于 uni-app 的、全端兼容的、高性能 UI 框架。"}]},{"type":"element","tag":"li","props":{},"children":[{"type":"element","tag":"img","props":{"alt":"vue2","src":"https://img.shields.io/badge/-2-35495e?logo=vue.js"},"children":[]},{"type":"text","value":" "},{"type":"element","tag":"a","props":{"href":"https://github.com/umicro/uView2.0","rel":["nofollow"]},"children":[{"type":"text","value":"uview 2.0"}]},{"type":"text","value":" "},{"type":"element","tag":"img","props":{"alt":"stars","src":"https://img.shields.io/github/stars/umicro/uView2.0"},"children":[]},{"type":"text","value":" - 全面兼容 nvue 的 uni-app 生态框架，全面的组件和便捷的工具会让您信手拈来，如鱼得水。"}]},{"type":"element","tag":"li","props":{},"children":[{"type":"element","tag":"img","props":{"alt":"vue3","src":"https://img.shields.io/badge/-3-35495e?logo=vue.js"},"children":[]},{"type":"text","value":" "},{"type":"element","tag":"a","props":{"href":"https://github.com/ijry/uview-plus","rel":["nofollow"]},"children":[{"type":"text","value":"uview-plus"}]},{"type":"text","value":" "},{"type":"element","tag":"img","props":{"alt":"stars","src":"https://img.shields.io/github/stars/ijry/uview-plus"},"children":[]},{"type":"text","value":" - fork 自 uview 2.0，全面兼容 nvue 的 uni-app 生态框架，全面的组件和便捷的工具会让您信手拈来，如鱼得水。"}]},{"type":"element","tag":"li","props":{},"children":[{"type":"element","tag":"a","props":{"href":"https://github.com/dingyong0214/ThorUI-uniapp","rel":["nofollow"]},"children":[{"type":"text","value":"thorui-uni"}]},{"type":"text","value":" "},{"type":"element","tag":"img","props":{"alt":"stars","src":"https://img.shields.io/github/stars/dingyong0214/ThorUI-uniapp"},"children":[]},{"type":"text","value":" - 轻量、简洁的移动端组件库。"}]},{"type":"element","tag":"li","props":{},"children":[{"type":"element","tag":"img","props":{"alt":"vue3","src":"https://img.shields.io/badge/-3-35495e?logo=vue.js"},"children":[]},{"type":"text","value":" "},{"type":"element","tag":"a","props":{"href":"https://github.com/ano-ui/ano-ui","rel":["nofollow"]},"children":[{"type":"text","value":"ano-ui"}]},{"type":"text","value":" "},{"type":"element","tag":"img","props":{"alt":"stars","src":"https://img.shields.io/github/stars/ano-ui/ano-ui"},"children":[]},{"type":"text","value":" - 轻量级、漂亮、快速的 UnoCSS 组件库。"}]},{"type":"element","tag":"li","props":{},"children":[{"type":"element","tag":"a","props":{"href":"https://github.com/FirstUI/FirstUI","rel":["nofollow"]},"children":[{"type":"text","value":"firstui-uni"}]},{"type":"text","value":" "},{"type":"element","tag":"img","props":{"alt":"stars","src":"https://img.shields.io/github/stars/FirstUI/FirstUI"},"children":[]},{"type":"text","value":" - 基于 uni-app 开发的组件化、可复用、易扩展、低耦合的跨平台移动端 UI 组件库。"}]},{"type":"element","tag":"li","props":{},"children":[{"type":"element","tag":"img","props":{"alt":"vue3","src":"https://img.shields.io/badge/-3-35495e?logo=vue.js"},"children":[]},{"type":"text","value":" "},{"type":"element","tag":"a","props":{"href":"https://github.com/nutui-uniapp/nutui-uniapp","rel":["nofollow"]},"children":[{"type":"text","value":"nutui-uniapp"}]},{"type":"text","value":" "},{"type":"element","tag":"img","props":{"alt":"stars","src":"https://img.shields.io/github/stars/nutui-uniapp/nutui-uniapp"},"children":[]},{"type":"text","value":" - 京东风格的轻量级移动端组件库，基于 uniapp 与 Vue3，支持移动端 H5 和 小程序开发"}]},{"type":"element","tag":"li","props":{},"children":[{"type":"element","tag":"a","props":{"href":"https://github.com/climblee/uv-ui","rel":["nofollow"]},"children":[{"type":"text","value":"uv-ui"}]},{"type":"text","value":" "},{"type":"element","tag":"img","props":{"alt":"stars","src":"https://img.shields.io/github/stars/climblee/uv-ui"},"children":[]},{"type":"text","value":" - uv-ui 破釜沉舟之兼容 vue3+2、app、H5、小程序等多端基于 uni-app 和 uView2.x 的生态框架，支持单独导入，开箱即用，利剑出击。"}]},{"type":"element","tag":"li","props":{},"children":[{"type":"element","tag":"img","props":{"alt":"vue3","src":"https://img.shields.io/badge/-3-35495e?logo=vue.js"},"children":[]},{"type":"text","value":" "},{"type":"element","tag":"a","props":{"href":"https://github.com/vingogo/vin-ui","rel":["nofollow"]},"children":[{"type":"text","value":"vin-ui"}]},{"type":"text","value":" "},{"type":"element","tag":"img","props":{"alt":"stars","src":"https://img.shields.io/github/stars/vingogo/vin-ui"},"children":[]},{"type":"text","value":" - 京东（nutui）风格的移动端 Vue3 组件库、支持多端小程序（uniapp 版本）。"}]},{"type":"element","tag":"li","props":{},"children":[{"type":"element","tag":"img","props":{"alt":"vue3","src":"https://img.shields.io/badge/-3-35495e?logo=vue.js"},"children":[]},{"type":"text","value":" "},{"type":"element","tag":"a","props":{"href":"https://github.com/Moonofweisheng/wot-design-uni","rel":["nofollow"]},"children":[{"type":"text","value":"wot-design-uni"}]},{"type":"text","value":" "},{"type":"element","tag":"img","props":{"alt":"stars","src":"https://img.shields.io/github/stars/Moonofweisheng/wot-design-uni"},"children":[]},{"type":"text","value":" - 一个基于 Vue3+TS 开发的 uni-app 组件库，提供 60+ 高质量组件，支持暗黑模式、国际化和自定义主题。"}]},{"type":"element","tag":"li","props":{},"children":[{"type":"element","tag":"img","props":{"alt":"vue2","src":"https://img.shields.io/badge/-2-35495e?logo=vue.js"},"children":[]},{"type":"text","value":" "},{"type":"element","tag":"a","props":{"href":"https://github.com/ahua666/tuniaoUI","rel":["nofollow"]},"children":[{"type":"text","value":"tuniaoui-vue2"}]},{"type":"text","value":" "},{"type":"element","tag":"img","props":{"alt":"stars","src":"https://img.shields.io/github/stars/ahua666/tuniaoUI"},"children":[]},{"type":"text","value":" - 基于 uni-app 进行开发的 UI 框架，提供丰富的组件进行快速开发。"}]},{"type":"element","tag":"li","props":{},"children":[{"type":"element","tag":"img","props":{"alt":"vue3","src":"https://img.shields.io/badge/-3-35495e?logo=vue.js"},"children":[]},{"type":"text","value":" "},{"type":"element","tag":"a","props":{"href":"https://github.com/tuniaoTech/tuniaoui-rc-vue3-uniapp","rel":["nofollow"]},"children":[{"type":"text","value":"tuniaoui-vue3"}]},{"type":"text","value":" "},{"type":"element","tag":"img","props":{"alt":"stars","src":"https://img.shields.io/github/stars/tuniaoTech/tuniaoui-rc-vue3-uniapp"},"children":[]},{"type":"text","value":" - 酷炫简洁 UI，使用 TypeScript 进行开发，提供了丰富的组件进行快速开发。"}]},{"type":"element","tag":"li","props":{},"children":[{"type":"element","tag":"a","props":{"href":"https://github.com/SmileZXLee/uni-z-paging","rel":["nofollow"]},"children":[{"type":"text","value":"z-paging"}]},{"type":"text","value":" "},{"type":"element","tag":"img","props":{"alt":"stars","src":"https://img.shields.io/github/stars/SmileZXLee/uni-z-paging"},"children":[]},{"type":"text","value":" - 一个 uni-app 的分页组件，全平台兼容，支持自定义下拉刷新、上拉加载更多，支持虚拟列表，支持自动管理空数据图、点击返回顶部，支持聊天分页、本地分页，支持展示最后更新时间，支持国际化等等"}]},{"type":"element","tag":"li","props":{},"children":[{"type":"element","tag":"img","props":{"alt":"vue3","src":"https://img.shields.io/badge/-3-35495e?logo=vue.js"},"children":[]},{"type":"text","value":" "},{"type":"element","tag":"a","props":{"href":"https://github.com/xiaohe0601/uni-echarts","rel":["nofollow"]},"children":[{"type":"text","value":"uni-echarts"}]},{"type":"text","value":" "},{"type":"element","tag":"img","props":{"alt":"stars","src":"https://img.shields.io/github/stars/xiaohe0601/uni-echarts"},"children":[]},{"type":"text","value":" - 适用于 uni-app 的 Apache ECharts 组件。"}]}]},{"type":"element","tag":"h2","props":{"id":"打包器插件"},"children":[{"type":"text","value":"打包器插件"}]},{"type":"element","tag":"ul","props":{},"children":[{"type":"element","tag":"li","props":{},"children":[{"type":"element","tag":"img","props":{"alt":"vite","src":"https://img.shields.io/badge/-Vite-646CFF"},"children":[]},{"type":"text","value":" "},{"type":"element","tag":"a","props":{"href":"https://github.com/uni-helper/vite-plugin-uni-pages","rel":["nofollow"]},"children":[{"type":"text","value":"vite-plugin-uni-pages"}]},{"type":"text","value":" "},{"type":"element","tag":"img","props":{"alt":"stars","src":"https://img.shields.io/github/stars/uni-helper/vite-plugin-uni-pages"},"children":[]},{"type":"text","value":" - 在 uni-app 上使用基于文件的路由系统。"}]},{"type":"element","tag":"li","props":{},"children":[{"type":"element","tag":"img","props":{"alt":"vite","src":"https://img.shields.io/badge/-Vite-646CFF"},"children":[]},{"type":"text","value":" "},{"type":"element","tag":"a","props":{"href":"https://github.com/uni-helper/vite-plugin-uni-tailwind","rel":["nofollow"]},"children":[{"type":"text","value":"vite-plugin-uni-tailwind"}]},{"type":"text","value":" "},{"type":"element","tag":"img","props":{"alt":"stars","src":"https://img.shields.io/github/stars/uni-helper/vite-plugin-uni-tailwind"},"children":[]},{"type":"text","value":" - 支持在 uni-app 中使用 tailwindcss v3 语法。"}]},{"type":"element","tag":"li","props":{},"children":[{"type":"element","tag":"img","props":{"alt":"vite","src":"https://img.shields.io/badge/-Vite-646CFF"},"children":[]},{"type":"text","value":" "},{"type":"element","tag":"a","props":{"href":"https://github.com/uni-helper/vite-plugin-uni-layouts","rel":["nofollow"]},"children":[{"type":"text","value":"vite-plugin-uni-layouts"}]},{"type":"text","value":" "},{"type":"element","tag":"img","props":{"alt":"stars","src":"https://img.shields.io/github/stars/uni-helper/vite-plugin-uni-layouts"},"children":[]},{"type":"text","value":" - 为 Vite 下的 uni-app 提供类 nuxt 的 layouts 系统。"}]},{"type":"element","tag":"li","props":{},"children":[{"type":"element","tag":"img","props":{"alt":"vite","src":"https://img.shields.io/badge/-Vite-646CFF"},"children":[]},{"type":"text","value":" "},{"type":"element","tag":"a","props":{"href":"https://github.com/uni-helper/vite-plugin-uni-manifest","rel":["nofollow"]},"children":[{"type":"text","value":"vite-plugin-uni-manifest"}]},{"type":"text","value":" "},{"type":"element","tag":"img","props":{"alt":"stars","src":"https://img.shields.io/github/stars/uni-helper/vite-plugin-uni-manifest"},"children":[]},{"type":"text","value":" - 使用 TypeScript 来编写 uni-app 的 manifest.json。"}]},{"type":"element","tag":"li","props":{},"children":[{"type":"element","tag":"img","props":{"alt":"vite","src":"https://img.shields.io/badge/-Vite-646CFF"},"children":[]},{"type":"text","value":" "},{"type":"element","tag":"a","props":{"href":"https://github.com/uni-helper/vite-plugin-uni-platform","rel":["nofollow"]},"children":[{"type":"text","value":"vite-plugin-uni-platform"}]},{"type":"text","value":" "},{"type":"element","tag":"img","props":{"alt":"stars","src":"https://img.shields.io/github/stars/uni-helper/vite-plugin-uni-platform"},"children":[]},{"type":"text","value":" - 基于文件名 ("},{"type":"element","tag":"em","props":{},"children":[{"type":"text","value":".<h5|mp-weixin|app>."}]},{"type":"text","value":") 的按平台编译插件。"}]},{"type":"element","tag":"li","props":{},"children":[{"type":"element","tag":"img","props":{"alt":"vite","src":"https://img.shields.io/badge/-Vite-646CFF"},"children":[]},{"type":"text","value":" "},{"type":"element","tag":"a","props":{"href":"https://github.com/uni-helper/vite-plugin-uni-components","rel":["nofollow"]},"children":[{"type":"text","value":"vite-plugin-uni-components"}]},{"type":"text","value":" "},{"type":"element","tag":"img","props":{"alt":"stars","src":"https://img.shields.io/github/stars/uni-helper/vite-plugin-uni-components"},"children":[]},{"type":"text","value":" - 适用于 uni-app 的按需自动引入组件。"}]},{"type":"element","tag":"li","props":{},"children":[{"type":"element","tag":"img","props":{"alt":"vite","src":"https://img.shields.io/badge/-Vite-646CFF"},"children":[]},{"type":"text","value":" "},{"type":"element","tag":"a","props":{"href":"https://github.com/uni-helper/vite-plugin-uni-platform-modifier","rel":["nofollow"]},"children":[{"type":"text","value":"vite-plugin-uni-platform-modifier"}]},{"type":"text","value":" "},{"type":"element","tag":"img","props":{"alt":"stars","src":"https://img.shields.io/github/stars/uni-helper/vite-plugin-uni-platform-modifier"},"children":[]},{"type":"text","value":" - 为属性、指令提供平台修饰符并按需编译。"}]},{"type":"element","tag":"li","props":{},"children":[{"type":"element","tag":"img","props":{"alt":"vite","src":"https://img.shields.io/badge/-Vite-646CFF"},"children":[]},{"type":"text","value":" "},{"type":"element","tag":"img","props":{"alt":"vue3","src":"https://img.shields.io/badge/-3-35495e?logo=vue.js"},"children":[]},{"type":"text","value":" "},{"type":"element","tag":"a","props":{"href":"https://github.com/uni-ku/root","rel":["nofollow"]},"children":[{"type":"text","value":"uni-ku-root"}]},{"type":"text","value":" "},{"type":"element","tag":"img","props":{"alt":"stars","src":"https://img.shields.io/github/stars/uni-ku/root"},"children":[]},{"type":"text","value":" - 一个模拟 App.vue 原有能力的根组件插件"}]}]},{"type":"element","tag":"h2","props":{"id":"编辑器-ide-插件"},"children":[{"type":"text","value":"编辑器 / IDE 插件"}]},{"type":"element","tag":"ul","props":{},"children":[{"type":"element","tag":"li","props":{},"children":[{"type":"element","tag":"img","props":{"alt":"vscode","src":"https://img.shields.io/badge/-VSCode-3c7fba?logo=visual-studio-code"},"children":[]},{"type":"text","value":" "},{"type":"element","tag":"a","props":{"href":"https://github.com/uni-helper/uni-helper-vscode","rel":["nofollow"]},"children":[{"type":"text","value":"uni-helper-vscode"}]},{"type":"text","value":" "},{"type":"element","tag":"img","props":{"alt":"stars","src":"https://img.shields.io/github/stars/uni-helper/uni-helper-vscode"},"children":[]},{"type":"text","value":" - 增强 uni-app 系列产品在 VSCode 内的体验。"}]},{"type":"element","tag":"li","props":{},"children":[{"type":"element","tag":"img","props":{"alt":"vscode","src":"https://img.shields.io/badge/-VSCode-3c7fba?logo=visual-studio-code"},"children":[]},{"type":"text","value":" "},{"type":"element","tag":"a","props":{"href":"https://github.com/uni-helper/uni-app-schemas-vscode","rel":["nofollow"]},"children":[{"type":"text","value":"uni-app-schemas-vscode"}]},{"type":"text","value":" "},{"type":"element","tag":"img","props":{"alt":"stars","src":"https://img.shields.io/github/stars/uni-helper/uni-app-schemas-vscode"},"children":[]},{"type":"text","value":" - 校验 uni-app 中 "},{"type":"element","tag":"code","props":{"className":[]},"children":[{"type":"text","value":"androidPrivacy.json"}]},{"type":"text","value":"、"},{"type":"element","tag":"code","props":{"className":[]},"children":[{"type":"text","value":"pages.json"}]},{"type":"text","value":" 和 "},{"type":"element","tag":"code","props":{"className":[]},"children":[{"type":"text","value":"manifest.json"}]},{"type":"text","value":" 格式。"}]},{"type":"element","tag":"li","props":{},"children":[{"type":"element","tag":"img","props":{"alt":"vscode","src":"https://img.shields.io/badge/-VSCode-3c7fba?logo=visual-studio-code"},"children":[]},{"type":"text","value":" "},{"type":"element","tag":"a","props":{"href":"https://github.com/uni-helper/uni-app-snippets-vscode","rel":["nofollow"]},"children":[{"type":"text","value":"uni-app-snippets-vscode"}]},{"type":"text","value":" "},{"type":"element","tag":"img","props":{"alt":"stars","src":"https://img.shields.io/github/stars/uni-helper/uni-app-snippets-vscode"},"children":[]},{"type":"text","value":" - uni-app 基本能力代码片段。"}]},{"type":"element","tag":"li","props":{},"children":[{"type":"element","tag":"img","props":{"alt":"vscode","src":"https://img.shields.io/badge/-VSCode-3c7fba?logo=visual-studio-code"},"children":[]},{"type":"text","value":" "},{"type":"element","tag":"a","props":{"href":"https://github.com/uni-helper/uni-cloud-snippets-vscode","rel":["nofollow"]},"children":[{"type":"text","value":"uni-cloud-snippets-vscode"}]},{"type":"text","value":" "},{"type":"element","tag":"img","props":{"alt":"stars","src":"https://img.shields.io/github/stars/uni-helper/uni-cloud-snippets-vscode"},"children":[]},{"type":"text","value":" - uni-cloud 基本能力代码片段。"}]},{"type":"element","tag":"li","props":{},"children":[{"type":"element","tag":"img","props":{"alt":"vscode","src":"https://img.shields.io/badge/-VSCode-3c7fba?logo=visual-studio-code"},"children":[]},{"type":"text","value":" "},{"type":"element","tag":"a","props":{"href":"https://github.com/uni-helper/uni-ui-snippets-vscode","rel":["nofollow"]},"children":[{"type":"text","value":"uni-ui-snippets-vscode"}]},{"type":"text","value":" "},{"type":"element","tag":"img","props":{"alt":"stars","src":"https://img.shields.io/github/stars/uni-helper/uni-ui-snippets-vscode"},"children":[]},{"type":"text","value":" - uni-ui 基本能力代码片段。"}]},{"type":"element","tag":"li","props":{},"children":[{"type":"element","tag":"img","props":{"alt":"vscode","src":"https://img.shields.io/badge/-VSCode-3c7fba?logo=visual-studio-code"},"children":[]},{"type":"text","value":" "},{"type":"element","tag":"a","props":{"href":"https://github.com/uni-helper/uni-highlight-vscode","rel":["nofollow"]},"children":[{"type":"text","value":"uni-highlight-vscode"}]},{"type":"text","value":" "},{"type":"element","tag":"img","props":{"alt":"stars","src":"https://img.shields.io/github/stars/uni-helper/uni-highlight-vscode"},"children":[]},{"type":"text","value":" - 对条件编译的代码注释部分提供了语法提示、高亮、折叠。"}]},{"type":"element","tag":"li","props":{},"children":[{"type":"element","tag":"img","props":{"alt":"webstorm","src":"https://img.shields.io/badge/-WebStorm-000000?logo=WebStorm"},"children":[]},{"type":"text","value":" "},{"type":"element","tag":"a","props":{"href":"https://plugins.jetbrains.com/plugin/21470-uniapp-tool","rel":["nofollow"]},"children":[{"type":"text","value":"Uniapp Tool"}]},{"type":"text","value":" "},{"type":"element","tag":"img","props":{"alt":"stars","src":"https://img.shields.io/github/stars/lqc520/uniapp-plugin"},"children":[]},{"type":"text","value":" - 增强 uni-app 在 Webstorm 内的体验。"}]}]},{"type":"element","tag":"h2","props":{"id":"类型"},"children":[{"type":"text","value":"类型"}]},{"type":"element","tag":"ul","props":{},"children":[{"type":"element","tag":"li","props":{},"children":[{"type":"element","tag":"img","props":{"alt":"typescript","src":"https://img.shields.io/npm/types/typescript"},"children":[]},{"type":"text","value":" "},{"type":"element","tag":"a","props":{"href":"https://github.com/uni-helper/uni-app-types","rel":["nofollow"]},"children":[{"type":"text","value":"uni-app-types"}]},{"type":"text","value":" "},{"type":"element","tag":"img","props":{"alt":"stars","src":"https://img.shields.io/github/stars/uni-helper/uni-app-types"},"children":[]},{"type":"text","value":" - uni-app 组件类型支持。"}]},{"type":"element","tag":"li","props":{},"children":[{"type":"element","tag":"img","props":{"alt":"typescript","src":"https://img.shields.io/npm/types/typescript"},"children":[]},{"type":"text","value":" "},{"type":"element","tag":"a","props":{"href":"https://github.com/uni-helper/uni-cloud-types","rel":["nofollow"]},"children":[{"type":"text","value":"uni-cloud-types"}]},{"type":"text","value":" "},{"type":"element","tag":"img","props":{"alt":"stars","src":"https://img.shields.io/github/stars/uni-helper/uni-cloud-types"},"children":[]},{"type":"text","value":" - uni-cloud 组件类型支持。"}]},{"type":"element","tag":"li","props":{},"children":[{"type":"element","tag":"img","props":{"alt":"typescript","src":"https://img.shields.io/npm/types/typescript"},"children":[]},{"type":"text","value":" "},{"type":"element","tag":"a","props":{"href":"https://github.com/uni-helper/uni-ui-types","rel":["nofollow"]},"children":[{"type":"text","value":"uni-ui-types"}]},{"type":"text","value":" "},{"type":"element","tag":"img","props":{"alt":"stars","src":"https://img.shields.io/github/stars/uni-helper/uni-ui-types"},"children":[]},{"type":"text","value":" - uni-ui 组件类型支持。"}]}]}],"toc":{"title":"","searchDepth":2,"depth":2,"links":[{"id":"官方资源","depth":2,"text":"官方资源"},{"id":"社区","depth":2,"text":"社区"},{"id":"cli","depth":2,"text":"Cli"},{"id":"模板","depth":2,"text":"模板"},{"id":"演示","depth":2,"text":"演示"},{"id":"lib-工具库","depth":2,"text":"Lib 工具库"},{"id":"ui-组件库","depth":2,"text":"UI 组件库"},{"id":"打包器插件","depth":2,"text":"打包器插件"},{"id":"编辑器-ide-插件","depth":2,"text":"编辑器 / IDE 插件"},{"id":"类型","depth":2,"text":"类型"}]}},"_type":"markdown","_id":"content:awesome-uni-app:index.md","_source":"content","_file":"awesome-uni-app/index.md","_stem":"awesome-uni-app/index","_extension":"md"}