[{"_path":"/uni-use/api/usevisible","_dir":"api","_draft":false,"_partial":false,"_locale":"","title":"useVisible","description":"获取当前页面显隐状态。","_type":"markdown","_id":"content:uni-use:2.api:useVisible.md","_source":"content","_file":"uni-use/2.api/useVisible.md","_stem":"uni-use/2.api/useVisible","_extension":"md"},{"_path":"/vite-plugin-uni-components","_dir":"","_draft":false,"_partial":false,"_locale":"","title":"vite-plugin-uni-components","description":"从 unplugin-vue-components 派生并修改以适应UniApp。","navTruncate":false,"icon":"carbon:workspace-import","badges":[{"value":"npm","to":"https://www.npmjs.com/package/@uni-helper/vite-plugin-uni-components","target":"_blank"},{"value":"source","icon":"lucide:code","to":"https://github.com/uni-helper/vite-plugin-uni-components","target":"_blank"}],"_type":"markdown","_id":"content:vite-plugin-uni-components:index.md","_source":"content","_file":"vite-plugin-uni-components/index.md","_stem":"vite-plugin-uni-components/index","_extension":"md"}]