[{"_path":"/uni-typed/other/faq","_dir":"other","_draft":false,"_partial":false,"_locale":"","title":"常见问题","description":null,"icon":"qlementine-icons:faq-16","navTruncate":false,"badges":[{"value":"npm","to":"https://www.npmjs.com/package/@uni-helper/uni-types","target":"_blank"},{"value":"source","icon":"lucide:code","to":"https://github.com/uni-helper/uni-typed","target":"_blank"}],"_type":"markdown","_id":"content:uni-typed:2.other:1.faq.md","_source":"content","_file":"uni-typed/2.other/1.faq.md","_stem":"uni-typed/2.other/1.faq","_extension":"md"},{"_path":"/uni-use/guide/installation","_dir":"guide","_draft":false,"_partial":false,"_locale":"","title":"uni-use","description":"uni-app (vue3) 组合式工具集","icon":"lucide:rocket","navTruncate":false,"badges":[{"value":"npm","to":"https://www.npmjs.com/package/@uni-helper/uni-use","target":"_blank"},{"value":"source","icon":"lucide:code","to":"https://github.com/uni-helper/uni-use","target":"_blank"}],"_type":"markdown","_id":"content:uni-use:1.guide:1.installation.md","_source":"content","_file":"uni-use/1.guide/1.installation.md","_stem":"uni-use/1.guide/1.installation","_extension":"md"}]