{"_path":"/unh/alias","_dir":"unh","_draft":false,"_partial":false,"_locale":"","title":"平台别名","description":"为不同平台配置简短别名，简化命令行操作","navTruncate":false,"icon":"oui:token-alias","badges":[{"value":"npm","to":"https://www.npmjs.com/package/@uni-helper/unh","target":"_blank"},{"value":"source","icon":"lucide:code","to":"https://github.com/uni-helper/unh","target":"_blank"}],"body":{"type":"root","children":[{"type":"element","tag":"p","props":{},"children":[{"type":"element","tag":"code","props":{"className":[]},"children":[{"type":"text","value":"@uni-helper/unh"}]},{"type":"text","value":" 提供了平台别名功能，允许开发者在 "},{"type":"element","tag":"code","props":{"className":[]},"children":[{"type":"text","value":"unh.config.ts"}]},{"type":"text","value":" 中为不同平台配置简短别名。这一特性不仅简化了命令行操作，也优化了 "},{"type":"element","tag":"code","props":{"className":[]},"children":[{"type":"text","value":"package.json"}]},{"type":"text","value":" 中 "},{"type":"element","tag":"code","props":{"className":[]},"children":[{"type":"text","value":"scripts"}]},{"type":"text","value":" 部分的配置，提升了开发效率和项目可维护性。"}]},{"type":"element","tag":"h2","props":{"id":"基本用法"},"children":[{"type":"text","value":"基本用法"}]},{"type":"element","tag":"p","props":{},"children":[{"type":"text","value":"在 "},{"type":"element","tag":"code","props":{"className":[]},"children":[{"type":"text","value":"unh.config.ts"}]},{"type":"text","value":" 中配置平台别名："}]},{"type":"element","tag":"pre","props":{"className":"language-ts shiki shiki-themes github-light github-dark","code":"import { defineConfig } from '@uni-helper/unh'\n\nexport default defineConfig({\n  // 设置默认平台\n  platform: 'h5',\n  // 配置平台别名\n  alias: {\n    'mp-weixin': 'wx',\n    'mp-alipay': ['ali', 'alipay'],\n  },\n})\n","filename":"unh.config.ts","language":"ts","meta":"","style":""},"children":[{"type":"element","tag":"code","props":{"__ignoreMap":""},"children":[{"type":"element","tag":"span","props":{"class":"line","line":1},"children":[{"type":"element","tag":"span","props":{"style":"--shiki-default:#D73A49;--shiki-dark:#F97583"},"children":[{"type":"text","value":"import"}]},{"type":"element","tag":"span","props":{"style":"--shiki-default:#24292E;--shiki-dark:#E1E4E8"},"children":[{"type":"text","value":" { defineConfig } "}]},{"type":"element","tag":"span","props":{"style":"--shiki-default:#D73A49;--shiki-dark:#F97583"},"children":[{"type":"text","value":"from"}]},{"type":"element","tag":"span","props":{"style":"--shiki-default:#032F62;--shiki-dark:#9ECBFF"},"children":[{"type":"text","value":" '@uni-helper/unh'\n"}]}]},{"type":"element","tag":"span","props":{"class":"line","line":2},"children":[{"type":"element","tag":"span","props":{"emptyLinePlaceholder":true},"children":[{"type":"text","value":"\n"}]}]},{"type":"element","tag":"span","props":{"class":"line","line":3},"children":[{"type":"element","tag":"span","props":{"style":"--shiki-default:#D73A49;--shiki-dark:#F97583"},"children":[{"type":"text","value":"export"}]},{"type":"element","tag":"span","props":{"style":"--shiki-default:#D73A49;--shiki-dark:#F97583"},"children":[{"type":"text","value":" default"}]},{"type":"element","tag":"span","props":{"style":"--shiki-default:#6F42C1;--shiki-dark:#B392F0"},"children":[{"type":"text","value":" defineConfig"}]},{"type":"element","tag":"span","props":{"style":"--shiki-default:#24292E;--shiki-dark:#E1E4E8"},"children":[{"type":"text","value":"({\n"}]}]},{"type":"element","tag":"span","props":{"class":"line","line":4},"children":[{"type":"element","tag":"span","props":{"style":"--shiki-default:#6A737D;--shiki-dark:#6A737D"},"children":[{"type":"text","value":"  // 设置默认平台\n"}]}]},{"type":"element","tag":"span","props":{"class":"line","line":5},"children":[{"type":"element","tag":"span","props":{"style":"--shiki-default:#24292E;--shiki-dark:#E1E4E8"},"children":[{"type":"text","value":"  platform: "}]},{"type":"element","tag":"span","props":{"style":"--shiki-default:#032F62;--shiki-dark:#9ECBFF"},"children":[{"type":"text","value":"'h5'"}]},{"type":"element","tag":"span","props":{"style":"--shiki-default:#24292E;--shiki-dark:#E1E4E8"},"children":[{"type":"text","value":",\n"}]}]},{"type":"element","tag":"span","props":{"class":"line","line":6},"children":[{"type":"element","tag":"span","props":{"style":"--shiki-default:#6A737D;--shiki-dark:#6A737D"},"children":[{"type":"text","value":"  // 配置平台别名\n"}]}]},{"type":"element","tag":"span","props":{"class":"line","line":7},"children":[{"type":"element","tag":"span","props":{"style":"--shiki-default:#24292E;--shiki-dark:#E1E4E8"},"children":[{"type":"text","value":"  alias: {\n"}]}]},{"type":"element","tag":"span","props":{"class":"line","line":8},"children":[{"type":"element","tag":"span","props":{"style":"--shiki-default:#032F62;--shiki-dark:#9ECBFF"},"children":[{"type":"text","value":"    'mp-weixin'"}]},{"type":"element","tag":"span","props":{"style":"--shiki-default:#24292E;--shiki-dark:#E1E4E8"},"children":[{"type":"text","value":": "}]},{"type":"element","tag":"span","props":{"style":"--shiki-default:#032F62;--shiki-dark:#9ECBFF"},"children":[{"type":"text","value":"'wx'"}]},{"type":"element","tag":"span","props":{"style":"--shiki-default:#24292E;--shiki-dark:#E1E4E8"},"children":[{"type":"text","value":",\n"}]}]},{"type":"element","tag":"span","props":{"class":"line","line":9},"children":[{"type":"element","tag":"span","props":{"style":"--shiki-default:#032F62;--shiki-dark:#9ECBFF"},"children":[{"type":"text","value":"    'mp-alipay'"}]},{"type":"element","tag":"span","props":{"style":"--shiki-default:#24292E;--shiki-dark:#E1E4E8"},"children":[{"type":"text","value":": ["}]},{"type":"element","tag":"span","props":{"style":"--shiki-default:#032F62;--shiki-dark:#9ECBFF"},"children":[{"type":"text","value":"'ali'"}]},{"type":"element","tag":"span","props":{"style":"--shiki-default:#24292E;--shiki-dark:#E1E4E8"},"children":[{"type":"text","value":", "}]},{"type":"element","tag":"span","props":{"style":"--shiki-default:#032F62;--shiki-dark:#9ECBFF"},"children":[{"type":"text","value":"'alipay'"}]},{"type":"element","tag":"span","props":{"style":"--shiki-default:#24292E;--shiki-dark:#E1E4E8"},"children":[{"type":"text","value":"],\n"}]}]},{"type":"element","tag":"span","props":{"class":"line","line":10},"children":[{"type":"element","tag":"span","props":{"style":"--shiki-default:#24292E;--shiki-dark:#E1E4E8"},"children":[{"type":"text","value":"  },\n"}]}]},{"type":"element","tag":"span","props":{"class":"line","line":11},"children":[{"type":"element","tag":"span","props":{"style":"--shiki-default:#24292E;--shiki-dark:#E1E4E8"},"children":[{"type":"text","value":"})\n"}]}]}]}]},{"type":"element","tag":"h2","props":{"id":"使用示例"},"children":[{"type":"text","value":"使用示例"}]},{"type":"element","tag":"h3","props":{"id":"使用默认平台"},"children":[{"type":"text","value":"使用默认平台"}]},{"type":"element","tag":"p","props":{},"children":[{"type":"text","value":"当执行 "},{"type":"element","tag":"code","props":{"className":[]},"children":[{"type":"text","value":"unh dev"}]},{"type":"text","value":" 时，会根据 "},{"type":"element","tag":"code","props":{"className":[]},"children":[{"type":"text","value":"platform"}]},{"type":"text","value":" 配置自动选择 "},{"type":"element","tag":"code","props":{"className":[]},"children":[{"type":"text","value":"h5"}]},{"type":"text","value":" 平台："}]},{"type":"element","tag":"pre","props":{"className":"language-bash shiki shiki-themes github-light github-dark","code":"unh dev\n# 等同于: unh dev h5\n","filename":"terminal","language":"bash","meta":"","style":""},"children":[{"type":"element","tag":"code","props":{"__ignoreMap":""},"children":[{"type":"element","tag":"span","props":{"class":"line","line":1},"children":[{"type":"element","tag":"span","props":{"style":"--shiki-default:#6F42C1;--shiki-dark:#B392F0"},"children":[{"type":"text","value":"unh"}]},{"type":"element","tag":"span","props":{"style":"--shiki-default:#032F62;--shiki-dark:#9ECBFF"},"children":[{"type":"text","value":" dev\n"}]}]},{"type":"element","tag":"span","props":{"class":"line","line":2},"children":[{"type":"element","tag":"span","props":{"style":"--shiki-default:#6A737D;--shiki-dark:#6A737D"},"children":[{"type":"text","value":"# 等同于: unh dev h5\n"}]}]}]}]},{"type":"element","tag":"h3","props":{"id":"使用别名"},"children":[{"type":"text","value":"使用别名"}]},{"type":"element","tag":"p","props":{},"children":[{"type":"text","value":"当执行 "},{"type":"element","tag":"code","props":{"className":[]},"children":[{"type":"text","value":"unh dev wx"}]},{"type":"text","value":" 时，会自动运行 "},{"type":"element","tag":"code","props":{"className":[]},"children":[{"type":"text","value":"unh dev mp-weixin"}]},{"type":"text","value":"："}]},{"type":"element","tag":"pre","props":{"className":"language-bash shiki shiki-themes github-light github-dark","code":"unh dev wx\n# 等同于: unh dev mp-weixin\n","filename":"terminal","language":"bash","meta":"","style":""},"children":[{"type":"element","tag":"code","props":{"__ignoreMap":""},"children":[{"type":"element","tag":"span","props":{"class":"line","line":1},"children":[{"type":"element","tag":"span","props":{"style":"--shiki-default:#6F42C1;--shiki-dark:#B392F0"},"children":[{"type":"text","value":"unh"}]},{"type":"element","tag":"span","props":{"style":"--shiki-default:#032F62;--shiki-dark:#9ECBFF"},"children":[{"type":"text","value":" dev"}]},{"type":"element","tag":"span","props":{"style":"--shiki-default:#032F62;--shiki-dark:#9ECBFF"},"children":[{"type":"text","value":" wx\n"}]}]},{"type":"element","tag":"span","props":{"class":"line","line":2},"children":[{"type":"element","tag":"span","props":{"style":"--shiki-default:#6A737D;--shiki-dark:#6A737D"},"children":[{"type":"text","value":"# 等同于: unh dev mp-weixin\n"}]}]}]}]},{"type":"element","tag":"p","props":{},"children":[{"type":"text","value":"同样，也可以使用配置的多个别名："}]},{"type":"element","tag":"pre","props":{"className":"language-bash shiki shiki-themes github-light github-dark","code":"unh dev ali\n# 等同于: unh dev mp-alipay\n\nunh dev alipay\n# 等同于: unh dev mp-alipay\n","filename":"terminal","language":"bash","meta":"","style":""},"children":[{"type":"element","tag":"code","props":{"__ignoreMap":""},"children":[{"type":"element","tag":"span","props":{"class":"line","line":1},"children":[{"type":"element","tag":"span","props":{"style":"--shiki-default:#6F42C1;--shiki-dark:#B392F0"},"children":[{"type":"text","value":"unh"}]},{"type":"element","tag":"span","props":{"style":"--shiki-default:#032F62;--shiki-dark:#9ECBFF"},"children":[{"type":"text","value":" dev"}]},{"type":"element","tag":"span","props":{"style":"--shiki-default:#032F62;--shiki-dark:#9ECBFF"},"children":[{"type":"text","value":" ali\n"}]}]},{"type":"element","tag":"span","props":{"class":"line","line":2},"children":[{"type":"element","tag":"span","props":{"style":"--shiki-default:#6A737D;--shiki-dark:#6A737D"},"children":[{"type":"text","value":"# 等同于: unh dev mp-alipay\n"}]}]},{"type":"element","tag":"span","props":{"class":"line","line":3},"children":[{"type":"element","tag":"span","props":{"emptyLinePlaceholder":true},"children":[{"type":"text","value":"\n"}]}]},{"type":"element","tag":"span","props":{"class":"line","line":4},"children":[{"type":"element","tag":"span","props":{"style":"--shiki-default:#6F42C1;--shiki-dark:#B392F0"},"children":[{"type":"text","value":"unh"}]},{"type":"element","tag":"span","props":{"style":"--shiki-default:#032F62;--shiki-dark:#9ECBFF"},"children":[{"type":"text","value":" dev"}]},{"type":"element","tag":"span","props":{"style":"--shiki-default:#032F62;--shiki-dark:#9ECBFF"},"children":[{"type":"text","value":" alipay\n"}]}]},{"type":"element","tag":"span","props":{"class":"line","line":5},"children":[{"type":"element","tag":"span","props":{"style":"--shiki-default:#6A737D;--shiki-dark:#6A737D"},"children":[{"type":"text","value":"# 等同于: unh dev mp-alipay\n"}]}]}]}]},{"type":"element","tag":"h2","props":{"id":"配置说明"},"children":[{"type":"text","value":"配置说明"}]},{"type":"element","tag":"h3","props":{"id":"platform"},"children":[{"type":"element","tag":"code","props":{"className":[]},"children":[{"type":"text","value":"platform"}]}]},{"type":"element","tag":"field","props":{"name":"default","type":"Platform","default-value":"'h5'"},"children":[{"type":"element","tag":"p","props":{},"children":[{"type":"text","value":"默认平台，当未指定平台时使用该平台"}]}]},{"type":"element","tag":"h3","props":{"id":"alias"},"children":[{"type":"element","tag":"code","props":{"className":[]},"children":[{"type":"text","value":"alias"}]}]},{"type":"element","tag":"field","props":{"name":"alias","type":"Record<Platform, string | string[]>"},"children":[{"type":"element","tag":"p","props":{},"children":[{"type":"text","value":"平台别名配置，支持为每个平台配置单个或多个别名"}]}]},{"type":"element","tag":"style","props":{},"children":[{"type":"text","value":"html .default .shiki span {color: var(--shiki-default);background: var(--shiki-default-bg);font-style: var(--shiki-default-font-style);font-weight: var(--shiki-default-font-weight);text-decoration: var(--shiki-default-text-decoration);}html .shiki span {color: var(--shiki-default);background: var(--shiki-default-bg);font-style: var(--shiki-default-font-style);font-weight: var(--shiki-default-font-weight);text-decoration: var(--shiki-default-text-decoration);}html .dark .shiki span {color: var(--shiki-dark);background: var(--shiki-dark-bg);font-style: var(--shiki-dark-font-style);font-weight: var(--shiki-dark-font-weight);text-decoration: var(--shiki-dark-text-decoration);}html.dark .shiki span {color: var(--shiki-dark);background: var(--shiki-dark-bg);font-style: var(--shiki-dark-font-style);font-weight: var(--shiki-dark-font-weight);text-decoration: var(--shiki-dark-text-decoration);}"}]}],"toc":{"title":"","searchDepth":2,"depth":2,"links":[{"id":"基本用法","depth":2,"text":"基本用法"},{"id":"使用示例","depth":2,"text":"使用示例","children":[{"id":"使用默认平台","depth":3,"text":"使用默认平台"},{"id":"使用别名","depth":3,"text":"使用别名"}]},{"id":"配置说明","depth":2,"text":"配置说明","children":[{"id":"platform","depth":3,"text":"platform"},{"id":"alias","depth":3,"text":"alias"}]}]}},"_type":"markdown","_id":"content:unh:2.alias.md","_source":"content","_file":"unh/2.alias.md","_stem":"unh/2.alias","_extension":"md"}