[{"_path":"/create-uni/gui","_dir":"create-uni","_draft":false,"_partial":false,"_locale":"","title":"图形化界面","description":"图形化界面与脚手架的结合","icon":"lucide:app-window","navTruncate":false,"navBadges":[{"value":"New","type":"lime"}],"badges":[{"value":"npm","to":"https://www.npmjs.com/package/create-uni","target":"_blank"},{"value":"source","icon":"lucide:code","to":"https://github.com/uni-helper/create-uni","target":"_blank"},{"value":"赞助","icon":"lucide:coffee","to":"https://afdian.com/a/flippedround","target":"_blank"}],"_type":"markdown","_id":"content:create-uni:2.gui.md","_source":"content","_file":"create-uni/2.gui.md","_stem":"create-uni/2.gui","_extension":"md"},{"_path":"/create-uni/mcp","_dir":"create-uni","_draft":false,"_partial":false,"_locale":"","title":"MCP服务","description":"create-uni的MCP（Model Context Protocol）服务，为AI助手提供创建uni-app项目的能力。","icon":"lucide:mouse-pointer-click","navTruncate":false,"navBadges":[{"value":"New","type":"lime"}],"badges":[{"value":"npm","to":"https://www.npmjs.com/package/create-uni","target":"_blank"},{"value":"source","icon":"lucide:code","to":"https://github.com/uni-helper/create-uni","target":"_blank"},{"value":"赞助","icon":"lucide:coffee","to":"https://afdian.com/a/flippedround","target":"_blank"}],"_type":"markdown","_id":"content:create-uni:4.mcp.md","_source":"content","_file":"create-uni/4.mcp.md","_stem":"create-uni/4.mcp","_extension":"md"}]