{"_path":"/uni-typed/guide/why","_dir":"guide","_draft":false,"_partial":false,"_locale":"","title":"为什么？","description":"为 uni-app 提供 TypeScript 类型定义，提升开发效率。","icon":"material-symbols:question-mark-rounded","navTruncate":false,"badges":[{"value":"npm","to":"https://www.npmjs.com/package/@uni-helper/uni-typed","target":"_blank"},{"value":"source","icon":"lucide:code","to":"https://github.com/uni-helper/uni-typed","target":"_blank"}],"body":{"type":"root","children":[{"type":"element","tag":"p","props":{},"children":[{"type":"text","value":"很长一段时间，DCloud 公司（也就是 uni-app 官方）对于 TypeScript 支持只有 @dcloudio/types，它提供了脚本部分的 TypeScript 支持，但模板部分的 TypeScript 支持迟迟没有到位。"}]},{"type":"element","tag":"p","props":{},"children":[{"type":"text","value":"这个项目正是为了解决模板部分的 TypeScript 支持问题而生，希望对你有所帮助！"}]}],"toc":{"title":"","searchDepth":2,"depth":2,"links":[]}},"_type":"markdown","_id":"content:uni-typed:1.guide:1.why.md","_source":"content","_file":"uni-typed/1.guide/1.why.md","_stem":"uni-typed/1.guide/1.why","_extension":"md"}