{"_path":"/vite-plugin-uni-components","_dir":{"_path":"/vite-plugin-uni-components/_dir","title":"plugin-uni-components","collapse":false,"showTitle":false,"toc":{"links":[{"title":"点亮星星","icon":"lucide:star","to":"https://github.com/uni-helper/vite-plugin-uni-components","target":"_blank"},{"title":"反馈问题","icon":"lucide:github","to":"https://github.com/uni-helper/vite-plugin-uni-components/issues","target":"_blank"}]}},"_draft":false,"_partial":false,"_locale":"","title":"vite-plugin-uni-components","description":"从 unplugin-vue-components 派生并修改以适应UniApp。","navTruncate":false,"icon":"carbon:workspace-import","badges":[{"value":"npm","to":"https://www.npmjs.com/package/@uni-helper/vite-plugin-uni-components","target":"_blank"},{"value":"source","icon":"lucide:code","to":"https://github.com/uni-helper/vite-plugin-uni-components","target":"_blank"}],"body":{"type":"root","children":[{"type":"element","tag":"h2","props":{"id":"安装"},"children":[{"type":"text","value":"安装"}]},{"type":"element","tag":"pm-install","props":{"name":"-D @uni-helper/vite-plugin-uni-components"},"children":[]},{"type":"element","tag":"h2","props":{"id":"使用"},"children":[{"type":"text","value":"使用"}]},{"type":"element","tag":"pre","props":{"className":"language-ts shiki shiki-themes github-light github-dark","code":"import Uni from '@dcloudio/vite-plugin-uni'\nimport Components from '@uni-helper/vite-plugin-uni-components'\nimport { defineConfig } from 'vite'\n\nexport default defineConfig({\n  plugins: [\n    Components(), // 必须在 Uni() 之前\n    Uni(),\n  ],\n})\n","filename":"vite.config.ts","language":"ts","meta":"","style":""},"children":[{"type":"element","tag":"code","props":{"__ignoreMap":""},"children":[{"type":"element","tag":"span","props":{"class":"line","line":1},"children":[{"type":"element","tag":"span","props":{"style":"--shiki-default:#D73A49;--shiki-dark:#F97583"},"children":[{"type":"text","value":"import"}]},{"type":"element","tag":"span","props":{"style":"--shiki-default:#24292E;--shiki-dark:#E1E4E8"},"children":[{"type":"text","value":" Uni "}]},{"type":"element","tag":"span","props":{"style":"--shiki-default:#D73A49;--shiki-dark:#F97583"},"children":[{"type":"text","value":"from"}]},{"type":"element","tag":"span","props":{"style":"--shiki-default:#032F62;--shiki-dark:#9ECBFF"},"children":[{"type":"text","value":" '@dcloudio/vite-plugin-uni'\n"}]}]},{"type":"element","tag":"span","props":{"class":"line","line":2},"children":[{"type":"element","tag":"span","props":{"style":"--shiki-default:#D73A49;--shiki-dark:#F97583"},"children":[{"type":"text","value":"import"}]},{"type":"element","tag":"span","props":{"style":"--shiki-default:#24292E;--shiki-dark:#E1E4E8"},"children":[{"type":"text","value":" Components "}]},{"type":"element","tag":"span","props":{"style":"--shiki-default:#D73A49;--shiki-dark:#F97583"},"children":[{"type":"text","value":"from"}]},{"type":"element","tag":"span","props":{"style":"--shiki-default:#032F62;--shiki-dark:#9ECBFF"},"children":[{"type":"text","value":" '@uni-helper/vite-plugin-uni-components'\n"}]}]},{"type":"element","tag":"span","props":{"class":"line","line":3},"children":[{"type":"element","tag":"span","props":{"style":"--shiki-default:#D73A49;--shiki-dark:#F97583"},"children":[{"type":"text","value":"import"}]},{"type":"element","tag":"span","props":{"style":"--shiki-default:#24292E;--shiki-dark:#E1E4E8"},"children":[{"type":"text","value":" { defineConfig } "}]},{"type":"element","tag":"span","props":{"style":"--shiki-default:#D73A49;--shiki-dark:#F97583"},"children":[{"type":"text","value":"from"}]},{"type":"element","tag":"span","props":{"style":"--shiki-default:#032F62;--shiki-dark:#9ECBFF"},"children":[{"type":"text","value":" 'vite'\n"}]}]},{"type":"element","tag":"span","props":{"class":"line","line":4},"children":[{"type":"element","tag":"span","props":{"emptyLinePlaceholder":true},"children":[{"type":"text","value":"\n"}]}]},{"type":"element","tag":"span","props":{"class":"line","line":5},"children":[{"type":"element","tag":"span","props":{"style":"--shiki-default:#D73A49;--shiki-dark:#F97583"},"children":[{"type":"text","value":"export"}]},{"type":"element","tag":"span","props":{"style":"--shiki-default:#D73A49;--shiki-dark:#F97583"},"children":[{"type":"text","value":" default"}]},{"type":"element","tag":"span","props":{"style":"--shiki-default:#6F42C1;--shiki-dark:#B392F0"},"children":[{"type":"text","value":" defineConfig"}]},{"type":"element","tag":"span","props":{"style":"--shiki-default:#24292E;--shiki-dark:#E1E4E8"},"children":[{"type":"text","value":"({\n"}]}]},{"type":"element","tag":"span","props":{"class":"line","line":6},"children":[{"type":"element","tag":"span","props":{"style":"--shiki-default:#24292E;--shiki-dark:#E1E4E8"},"children":[{"type":"text","value":"  plugins: [\n"}]}]},{"type":"element","tag":"span","props":{"class":"line","line":7},"children":[{"type":"element","tag":"span","props":{"style":"--shiki-default:#6F42C1;--shiki-dark:#B392F0"},"children":[{"type":"text","value":"    Components"}]},{"type":"element","tag":"span","props":{"style":"--shiki-default:#24292E;--shiki-dark:#E1E4E8"},"children":[{"type":"text","value":"(), "}]},{"type":"element","tag":"span","props":{"style":"--shiki-default:#6A737D;--shiki-dark:#6A737D"},"children":[{"type":"text","value":"// 必须在 Uni() 之前\n"}]}]},{"type":"element","tag":"span","props":{"class":"line","line":8},"children":[{"type":"element","tag":"span","props":{"style":"--shiki-default:#6F42C1;--shiki-dark:#B392F0"},"children":[{"type":"text","value":"    Uni"}]},{"type":"element","tag":"span","props":{"style":"--shiki-default:#24292E;--shiki-dark:#E1E4E8"},"children":[{"type":"text","value":"(),\n"}]}]},{"type":"element","tag":"span","props":{"class":"line","line":9},"children":[{"type":"element","tag":"span","props":{"style":"--shiki-default:#24292E;--shiki-dark:#E1E4E8"},"children":[{"type":"text","value":"  ],\n"}]}]},{"type":"element","tag":"span","props":{"class":"line","line":10},"children":[{"type":"element","tag":"span","props":{"style":"--shiki-default:#24292E;--shiki-dark:#E1E4E8"},"children":[{"type":"text","value":"})\n"}]}]}]}]},{"type":"element","tag":"h2","props":{"id":"从-ui-库导入"},"children":[{"type":"text","value":"从 UI 库导入"}]},{"type":"element","tag":"p","props":{},"children":[{"type":"text","value":"支持的 UI 库："}]},{"type":"element","tag":"ul","props":{},"children":[{"type":"element","tag":"li","props":{},"children":[{"type":"element","tag":"a","props":{"href":"https://github.com/uni-helper/vite-plugin-uni-components/tree/main/packages/core/src/_resolvers/ano-ui.ts","rel":["nofollow"]},"children":[{"type":"text","value":"Ano UI"}]}]},{"type":"element","tag":"li","props":{},"children":[{"type":"element","tag":"a","props":{"href":"https://github.com/uni-helper/vite-plugin-uni-components/tree/main/packages/core/src/_resolvers/uni-ui.ts","rel":["nofollow"]},"children":[{"type":"text","value":"uni-ui"}]}]},{"type":"element","tag":"li","props":{},"children":[{"type":"element","tag":"a","props":{"href":"https://github.com/uni-helper/vite-plugin-uni-components/tree/main/packages/core/src/_resolvers/wot-design-uni.ts","rel":["nofollow"]},"children":[{"type":"text","value":"wot-design-uni"}]}]},{"type":"element","tag":"li","props":{},"children":[{"type":"element","tag":"a","props":{"href":"https://github.com/uni-helper/vite-plugin-uni-components/tree/main/packages/core/src/_resolvers/uv-uni.ts","rel":["nofollow"]},"children":[{"type":"text","value":"uv-uni"}]}]},{"type":"element","tag":"li","props":{},"children":[{"type":"element","tag":"a","props":{"href":"https://github.com/uni-helper/vite-plugin-uni-components/tree/main/packages/core/src/_resolvers/uview-pro.ts","rel":["nofollow"]},"children":[{"type":"text","value":"uview-pro"}]}]}]},{"type":"element","tag":"h2","props":{"id":"ui-组件类型提示"},"children":[{"type":"text","value":"UI 组件类型提示"}]},{"type":"element","tag":"p","props":{},"children":[{"type":"text","value":"如果你使用 "},{"type":"element","tag":"code","props":{"className":[]},"children":[{"type":"text","value":"pnpm"}]},{"type":"text","value":" ，请在根目录下创建一个 "},{"type":"element","tag":"code","props":{"className":[]},"children":[{"type":"text","value":".npmrc"}]},{"type":"text","value":" 文件，参见"},{"type":"element","tag":"a","props":{"href":"https://github.com/antfu/unplugin-vue-components/issues/389","rel":["nofollow"]},"children":[{"type":"text","value":"issue"}]},{"type":"text","value":"。"}]},{"type":"element","tag":"pre","props":{"className":["language-text"],"code":"shamefully-hoist = true\n","filename":".npmrc","language":"text","meta":""},"children":[{"type":"element","tag":"code","props":{"__ignoreMap":""},"children":[{"type":"text","value":"shamefully-hoist = true\n"}]}]},{"type":"element","tag":"h3","props":{"id":"更多信息请查看unplugin-vue-components"},"children":[{"type":"text","value":"更多信息请查看"},{"type":"element","tag":"a","props":{"href":"https://github.com/antfu/unplugin-vue-components#installation","rel":["nofollow"]},"children":[{"type":"text","value":"unplugin-vue-components"}]}]},{"type":"element","tag":"alert","props":{},"children":[{"type":"element","tag":"p","props":{},"children":[{"type":"text","value":"对于第三方组件(如 "},{"type":"element","tag":"a","props":{"href":"https://github.com/dcloudio/uni-ui","rel":["nofollow"]},"children":[{"type":"text","value":"dcloudio/uni-ui"}]},{"type":"text","value":"，"},{"type":"element","tag":"a","props":{"href":"https://github.com/ano-ui/ano-ui","rel":["nofollow"]},"children":[{"type":"text","value":"ano-ui"}]},{"type":"text","value":") 使用 "},{"type":"element","tag":"code","props":{"className":[]},"children":[{"type":"text","value":"vite-plugin-uni-components"}]},{"type":"text","value":" 会生成 "},{"type":"element","tag":"code","props":{"className":[]},"children":[{"type":"text","value":"default"}]},{"type":"text","value":" 属性，解决在 H5 端无法正确处理组件的问题。"}]},{"type":"element","tag":"pre","props":{"className":"language-diff shiki shiki-themes github-light github-dark","code":"declare module 'vue' {\n  export interface GlobalComponents {\n-  AButton: typeof import('ano-ui/components/AButton/AButton.vue')['AButton']\n+  AButton: typeof import('ano-ui/components/AButton/AButton.vue')['default']\n    Book: typeof import('./src/components/book/index.vue')['default']\n    ComponentA: typeof import('./src/components/ComponentA.vue')['default']\n-  UniCalendar: typeof import('@dcloudio/uni-ui/lib/uni-calendar/uni-calendar.vue')['UniCalendar']\n+  UniCalendar: typeof import('@dcloudio/uni-ui/lib/uni-calendar/uni-calendar.vue')['default']\n  }\n}\n","language":"diff","meta":"","style":""},"children":[{"type":"element","tag":"code","props":{"__ignoreMap":""},"children":[{"type":"element","tag":"span","props":{"class":"line","line":1},"children":[{"type":"element","tag":"span","props":{"style":"--shiki-default:#24292E;--shiki-dark:#E1E4E8"},"children":[{"type":"text","value":"declare module 'vue' {\n"}]}]},{"type":"element","tag":"span","props":{"class":"line","line":2},"children":[{"type":"element","tag":"span","props":{"style":"--shiki-default:#24292E;--shiki-dark:#E1E4E8"},"children":[{"type":"text","value":"  export interface GlobalComponents {\n"}]}]},{"type":"element","tag":"span","props":{"class":"line","line":3},"children":[{"type":"element","tag":"span","props":{"style":"--shiki-default:#B31D28;--shiki-dark:#FDAEB7"},"children":[{"type":"text","value":"-  AButton: typeof import('ano-ui/components/AButton/AButton.vue')['AButton']\n"}]}]},{"type":"element","tag":"span","props":{"class":"line","line":4},"children":[{"type":"element","tag":"span","props":{"style":"--shiki-default:#22863A;--shiki-dark:#85E89D"},"children":[{"type":"text","value":"+  AButton: typeof import('ano-ui/components/AButton/AButton.vue')['default']\n"}]}]},{"type":"element","tag":"span","props":{"class":"line","line":5},"children":[{"type":"element","tag":"span","props":{"style":"--shiki-default:#24292E;--shiki-dark:#E1E4E8"},"children":[{"type":"text","value":"    Book: typeof import('./src/components/book/index.vue')['default']\n"}]}]},{"type":"element","tag":"span","props":{"class":"line","line":6},"children":[{"type":"element","tag":"span","props":{"style":"--shiki-default:#24292E;--shiki-dark:#E1E4E8"},"children":[{"type":"text","value":"    ComponentA: typeof import('./src/components/ComponentA.vue')['default']\n"}]}]},{"type":"element","tag":"span","props":{"class":"line","line":7},"children":[{"type":"element","tag":"span","props":{"style":"--shiki-default:#B31D28;--shiki-dark:#FDAEB7"},"children":[{"type":"text","value":"-  UniCalendar: typeof import('@dcloudio/uni-ui/lib/uni-calendar/uni-calendar.vue')['UniCalendar']\n"}]}]},{"type":"element","tag":"span","props":{"class":"line","line":8},"children":[{"type":"element","tag":"span","props":{"style":"--shiki-default:#22863A;--shiki-dark:#85E89D"},"children":[{"type":"text","value":"+  UniCalendar: typeof import('@dcloudio/uni-ui/lib/uni-calendar/uni-calendar.vue')['default']\n"}]}]},{"type":"element","tag":"span","props":{"class":"line","line":9},"children":[{"type":"element","tag":"span","props":{"style":"--shiki-default:#24292E;--shiki-dark:#E1E4E8"},"children":[{"type":"text","value":"  }\n"}]}]},{"type":"element","tag":"span","props":{"class":"line","line":10},"children":[{"type":"element","tag":"span","props":{"style":"--shiki-default:#24292E;--shiki-dark:#E1E4E8"},"children":[{"type":"text","value":"}\n"}]}]}]}]}]},{"type":"element","tag":"style","props":{},"children":[{"type":"text","value":"html .default .shiki span {color: var(--shiki-default);background: var(--shiki-default-bg);font-style: var(--shiki-default-font-style);font-weight: var(--shiki-default-font-weight);text-decoration: var(--shiki-default-text-decoration);}html .shiki span {color: var(--shiki-default);background: var(--shiki-default-bg);font-style: var(--shiki-default-font-style);font-weight: var(--shiki-default-font-weight);text-decoration: var(--shiki-default-text-decoration);}html .dark .shiki span {color: var(--shiki-dark);background: var(--shiki-dark-bg);font-style: var(--shiki-dark-font-style);font-weight: var(--shiki-dark-font-weight);text-decoration: var(--shiki-dark-text-decoration);}html.dark .shiki span {color: var(--shiki-dark);background: var(--shiki-dark-bg);font-style: var(--shiki-dark-font-style);font-weight: var(--shiki-dark-font-weight);text-decoration: var(--shiki-dark-text-decoration);}"}]}],"toc":{"title":"","searchDepth":2,"depth":2,"links":[{"id":"安装","depth":2,"text":"安装"},{"id":"使用","depth":2,"text":"使用"},{"id":"从-ui-库导入","depth":2,"text":"从 UI 库导入"},{"id":"ui-组件类型提示","depth":2,"text":"UI 组件类型提示","children":[{"id":"更多信息请查看unplugin-vue-components","depth":3,"text":"更多信息请查看unplugin-vue-components"}]}]}},"_type":"markdown","_id":"content:vite-plugin-uni-components:index.md","_source":"content","_file":"vite-plugin-uni-components/index.md","_stem":"vite-plugin-uni-components/index","_extension":"md"}