[{"_path":"/hbuilderx-cli","_dir":"","_draft":false,"_partial":false,"_locale":"","title":"hbuilderx-cli","description":"HBuilderX cli 的 CJS/ESM 包装","icon":"carbon:chart-network","navTruncate":false,"badges":[{"value":"npm","to":"https://www.npmjs.com/package/@uni-helper/hbuilderx-cli","target":"_blank"},{"value":"source","icon":"lucide:code","to":"https://github.com/uni-helper/hbuilderx-cli","target":"_blank"}],"_type":"markdown","_id":"content:hbuilderx-cli:index.md","_source":"content","_file":"hbuilderx-cli/index.md","_stem":"hbuilderx-cli/index","_extension":"md"},{"_path":"/hbuilderx-vanilla/api","_dir":"hbuilderx-vanilla","_draft":false,"_partial":false,"_locale":"","title":"API 接口","description":"HBuilderX Vanilla 提供的 REST API 接口文档","icon":"ant-design:api-outlined","navTruncate":false,"badges":[{"value":"docker","icon":"simple-icons:docker","to":"https://hub.docker.com/r/flymyd114/hbuilderx-vanilla","target":"_blank"},{"value":"source","icon":"lucide:code","to":"https://github.com/uni-helper/hbuilderx-vanilla","target":"_blank"}],"_type":"markdown","_id":"content:hbuilderx-vanilla:2.api.md","_source":"content","_file":"hbuilderx-vanilla/2.api.md","_stem":"hbuilderx-vanilla/2.api","_extension":"md"}]