[{"_path":"/unh/devtools","_dir":"unh","_draft":false,"_partial":false,"_locale":"","title":"小程序开发者工具","description":"配置自动打开小程序开发者工具","navTruncate":false,"icon":"carbon:development","badges":[{"value":"npm","to":"https://www.npmjs.com/package/@uni-helper/unh","target":"_blank"},{"value":"source","icon":"lucide:code","to":"https://github.com/uni-helper/unh","target":"_blank"}],"_type":"markdown","_id":"content:unh:5.devtools.md","_source":"content","_file":"unh/5.devtools.md","_stem":"unh/5.devtools","_extension":"md"},{"_path":"/uni-deploy","_dir":"","_draft":false,"_partial":false,"_locale":"","title":"uni-deploy","description":"自动化部署 uni-app 应用","icon":"carbon:chart-network","navTruncate":false,"badges":[{"value":"npm","to":"https://www.npmjs.com/package/@uni-helper/uni-deploy","target":"_blank"},{"value":"source","icon":"lucide:code","to":"https://github.com/uni-helper/uni-deploy","target":"_blank"}],"_type":"markdown","_id":"content:uni-deploy:index.md","_source":"content","_file":"uni-deploy/index.md","_stem":"uni-deploy/index","_extension":"md"}]