{"_path":"/uni-use/api/tryonscopedispose","_dir":"api","_draft":false,"_partial":false,"_locale":"","title":"tryOnScopeDispose","description":"Safe onScopeDispose. Call onScopeDispose() if it's inside an effect scope lifecycle, if not, do nothing","body":{"type":"root","children":[{"type":"element","tag":"h1","props":{"id":"tryonscopedispose"},"children":[{"type":"text","value":"tryOnScopeDispose"}]},{"type":"element","tag":"p","props":{},"children":[{"type":"text","value":"Safe "},{"type":"element","tag":"code","props":{"className":[]},"children":[{"type":"text","value":"onScopeDispose"}]},{"type":"text","value":". Call "},{"type":"element","tag":"code","props":{"className":[]},"children":[{"type":"text","value":"onScopeDispose()"}]},{"type":"text","value":" if it's inside an effect scope lifecycle, if not, do nothing"}]},{"type":"element","tag":"h2","props":{"id":"usage"},"children":[{"type":"text","value":"Usage"}]},{"type":"element","tag":"pre","props":{"className":"language-js shiki shiki-themes github-light github-dark","code":"import { tryOnScopeDispose } from '@uni-helper/uni-use';\n\ntryOnScopeDispose(() => {\n\n});\n","language":"js","meta":"","style":""},"children":[{"type":"element","tag":"code","props":{"__ignoreMap":""},"children":[{"type":"element","tag":"span","props":{"class":"line","line":1},"children":[{"type":"element","tag":"span","props":{"style":"--shiki-default:#D73A49;--shiki-dark:#F97583"},"children":[{"type":"text","value":"import"}]},{"type":"element","tag":"span","props":{"style":"--shiki-default:#24292E;--shiki-dark:#E1E4E8"},"children":[{"type":"text","value":" { tryOnScopeDispose } "}]},{"type":"element","tag":"span","props":{"style":"--shiki-default:#D73A49;--shiki-dark:#F97583"},"children":[{"type":"text","value":"from"}]},{"type":"element","tag":"span","props":{"style":"--shiki-default:#032F62;--shiki-dark:#9ECBFF"},"children":[{"type":"text","value":" '@uni-helper/uni-use'"}]},{"type":"element","tag":"span","props":{"style":"--shiki-default:#24292E;--shiki-dark:#E1E4E8"},"children":[{"type":"text","value":";\n"}]}]},{"type":"element","tag":"span","props":{"class":"line","line":2},"children":[{"type":"element","tag":"span","props":{"emptyLinePlaceholder":true},"children":[{"type":"text","value":"\n"}]}]},{"type":"element","tag":"span","props":{"class":"line","line":3},"children":[{"type":"element","tag":"span","props":{"style":"--shiki-default:#6F42C1;--shiki-dark:#B392F0"},"children":[{"type":"text","value":"tryOnScopeDispose"}]},{"type":"element","tag":"span","props":{"style":"--shiki-default:#24292E;--shiki-dark:#E1E4E8"},"children":[{"type":"text","value":"(() "}]},{"type":"element","tag":"span","props":{"style":"--shiki-default:#D73A49;--shiki-dark:#F97583"},"children":[{"type":"text","value":"=>"}]},{"type":"element","tag":"span","props":{"style":"--shiki-default:#24292E;--shiki-dark:#E1E4E8"},"children":[{"type":"text","value":" {\n"}]}]},{"type":"element","tag":"span","props":{"class":"line","line":4},"children":[{"type":"element","tag":"span","props":{"emptyLinePlaceholder":true},"children":[{"type":"text","value":"\n"}]}]},{"type":"element","tag":"span","props":{"class":"line","line":5},"children":[{"type":"element","tag":"span","props":{"style":"--shiki-default:#24292E;--shiki-dark:#E1E4E8"},"children":[{"type":"text","value":"});\n"}]}]}]}]},{"type":"element","tag":"style","props":{},"children":[{"type":"text","value":"html .default .shiki span {color: var(--shiki-default);background: var(--shiki-default-bg);font-style: var(--shiki-default-font-style);font-weight: var(--shiki-default-font-weight);text-decoration: var(--shiki-default-text-decoration);}html .shiki span {color: var(--shiki-default);background: var(--shiki-default-bg);font-style: var(--shiki-default-font-style);font-weight: var(--shiki-default-font-weight);text-decoration: var(--shiki-default-text-decoration);}html .dark .shiki span {color: var(--shiki-dark);background: var(--shiki-dark-bg);font-style: var(--shiki-dark-font-style);font-weight: var(--shiki-dark-font-weight);text-decoration: var(--shiki-dark-text-decoration);}html.dark .shiki span {color: var(--shiki-dark);background: var(--shiki-dark-bg);font-style: var(--shiki-dark-font-style);font-weight: var(--shiki-dark-font-weight);text-decoration: var(--shiki-dark-text-decoration);}"}]}],"toc":{"title":"","searchDepth":2,"depth":2,"links":[{"id":"usage","depth":2,"text":"Usage"}]}},"_type":"markdown","_id":"content:uni-use:2.api:tryOnScopeDispose.md","_source":"content","_file":"uni-use/2.api/tryOnScopeDispose.md","_stem":"uni-use/2.api/tryOnScopeDispose","_extension":"md"}