[{"_path":"/vs-code/uni-helper-vscode","_dir":"vs-code","_draft":false,"_partial":false,"_locale":"","title":"uni-helper-vscode","description":"增强 uni-app 系列产品在 VSCode 内的体验","icon":"codicon-package","navTruncate":false,"badges":[{"value":"marketplace","to":"https://marketplace.visualstudio.com/items?itemName=uni-helper.uni-helper-vscode","target":"_blank"},{"value":"source","icon":"lucide:code","to":"https://github.com/uni-helper/uni-helper-vscode","target":"_blank"}],"_type":"markdown","_id":"content:vs-code:1.uni-helper-vscode.md","_source":"content","_file":"vs-code/1.uni-helper-vscode.md","_stem":"vs-code/1.uni-helper-vscode","_extension":"md"},{"_path":"/vs-code/uni-app-schemas-vscode","_dir":"vs-code","_draft":false,"_partial":false,"_locale":"","title":"uni-app-schemas-vscode","description":"为 VS Code 提供 uni-app 的 JSON Schema 支持","icon":"codicon:json","navTruncate":false,"badges":[{"value":"marketplace","to":"https://marketplace.visualstudio.com/items?itemName=uni-helper.uni-app-schemas-vscode","target":"_blank"},{"value":"source","icon":"lucide:code","to":"https://github.com/uni-helper/uni-app-schemas-vscode","target":"_blank"}],"_type":"markdown","_id":"content:vs-code:3.uni-app-schemas-vscode.md","_source":"content","_file":"vs-code/3.uni-app-schemas-vscode.md","_stem":"vs-code/3.uni-app-schemas-vscode","_extension":"md"}]