[{"_path":"/uni-network/api/instance","_dir":"api","_draft":false,"_partial":false,"_locale":"","title":"实例","description":"可以使用自定义配置创建一个实例","navTruncate":false,"icon":"lucide:inspection-panel","_type":"markdown","_id":"content:uni-network:2.api:2.instance.md","_source":"content","_file":"uni-network/2.api/2.instance.md","_stem":"uni-network/2.api/2.instance","_extension":"md"},{"_path":"/uni-network/api/response-schema","_dir":"api","_draft":false,"_partial":false,"_locale":"","title":"响应结构","description":"一个请求的响应包应含以下信息。","navTruncate":false,"icon":"material-symbols:schema-outline-rounded","_type":"markdown","_id":"content:uni-network:2.api:4.response-schema.md","_source":"content","_file":"uni-network/2.api/4.response-schema.md","_stem":"uni-network/2.api/4.response-schema","_extension":"md"}]