[{"_path":"/uni-use/api/tryonscopedispose","_dir":"api","_draft":false,"_partial":false,"_locale":"","title":"tryOnScopeDispose","description":"Safe onScopeDispose. Call onScopeDispose() if it's inside an effect scope lifecycle, if not, do nothing","_type":"markdown","_id":"content:uni-use:2.api:tryOnScopeDispose.md","_source":"content","_file":"uni-use/2.api/tryOnScopeDispose.md","_stem":"uni-use/2.api/tryOnScopeDispose","_extension":"md"},{"_path":"/uni-use/api/tryonunload","_dir":"api","_draft":false,"_partial":false,"_locale":"","title":"tryOnUnload","description":"尝试获取组件生命周期，并调用 onUnload","_type":"markdown","_id":"content:uni-use:2.api:tryOnUnload.md","_source":"content","_file":"uni-use/2.api/tryOnUnload.md","_stem":"uni-use/2.api/tryOnUnload","_extension":"md"}]