[{"_path":"/uni-typed/guide/uni-components","_dir":"guide","_draft":false,"_partial":false,"_locale":"","title":"uni-components","description":null,"icon":"hugeicons:typescript-01","navTruncate":false,"badges":[{"value":"npm","to":"https://www.npmjs.com/package/@uni-helper/uni-types","target":"_blank"},{"value":"source","icon":"lucide:code","to":"https://github.com/uni-helper/uni-typed","target":"_blank"}],"_type":"markdown","_id":"content:uni-typed:1.guide:10.uni-components.md","_source":"content","_file":"uni-typed/1.guide/10.uni-components.md","_stem":"uni-typed/1.guide/10.uni-components","_extension":"md"},{"_path":"/uni-typed/other/migrate-v0-to-v1","_dir":"other","_draft":false,"_partial":false,"_locale":"","title":"从 v0 迁移到 v1","description":"迁移指南","icon":"carbon:migrate","navTruncate":false,"badges":[{"value":"npm","to":"https://www.npmjs.com/package/@uni-helper/uni-types","target":"_blank"},{"value":"source","icon":"lucide:code","to":"https://github.com/uni-helper/uni-typed","target":"_blank"}],"_type":"markdown","_id":"content:uni-typed:2.other:2.migrate-v0-to-v1.md","_source":"content","_file":"uni-typed/2.other/2.migrate-v0-to-v1.md","_stem":"uni-typed/2.other/2.migrate-v0-to-v1","_extension":"md"}]