[{"_path":"/create-uni/info","_dir":"create-uni","_draft":false,"_partial":false,"_locale":"","title":"环境信息","description":"查看 uni-app 项目的环境信息","icon":"ri:info-card-line","navTruncate":false,"badges":[{"value":"npm","to":"https://www.npmjs.com/package/create-uni","target":"_blank"},{"value":"source","icon":"lucide:code","to":"https://github.com/uni-helper/create-uni","target":"_blank"},{"value":"赞助","icon":"lucide:coffee","to":"https://afdian.com/a/flippedround","target":"_blank"}],"_type":"markdown","_id":"content:create-uni:3.info.md","_source":"content","_file":"create-uni/3.info.md","_stem":"create-uni/3.info","_extension":"md"},{"_path":"/eslint-config","_dir":"","_draft":false,"_partial":false,"_locale":"","title":"eslint-config","description":"eslint-config 是为 uni-app 提供的 ESLint 配置","icon":"simple-icons:eslint","navTruncate":false,"badges":[{"value":"npm","to":"https://www.npmjs.com/package/@uni-helper/eslint-config","target":"_blank"},{"value":"source","icon":"lucide:code","to":"https://github.com/uni-helper/eslint-config","target":"_blank"}],"_type":"markdown","_id":"content:eslint-config:index.md","_source":"content","_file":"eslint-config/index.md","_stem":"eslint-config/index","_extension":"md"}]