[{"_path":"/uni-use/api/useprevpage","_dir":"api","_draft":false,"_partial":false,"_locale":"","title":"usePrevPage","description":"获取前一页信息。","_type":"markdown","_id":"content:uni-use:2.api:usePrevPage.md","_source":"content","_file":"uni-use/2.api/usePrevPage.md","_stem":"uni-use/2.api/usePrevPage","_extension":"md"},{"_path":"/uni-use/api/useprovider","_dir":"api","_draft":false,"_partial":false,"_locale":"","title":"useProvider","description":"设置服务供应商参数，调用返回方法获取服务供应商。","_type":"markdown","_id":"content:uni-use:2.api:useProvider.md","_source":"content","_file":"uni-use/2.api/useProvider.md","_stem":"uni-use/2.api/useProvider","_extension":"md"}]