[{"_path":"/vite-plugin-uni-platform","_dir":"","_draft":false,"_partial":false,"_locale":"","title":"vite-plugin-uni-platform","description":"基于文件名 (*.<h5|mp-weixin|app>.*) 的按平台编译插件","navTruncate":false,"icon":"carbon:platforms","badges":[{"value":"npm","to":"https://www.npmjs.com/package/@uni-helper/vite-plugin-uni-platform","target":"_blank"},{"value":"source","icon":"lucide:code","to":"https://github.com/uni-helper/vite-plugin-uni-platform","target":"_blank"}],"_type":"markdown","_id":"content:vite-plugin-uni-platform:index.md","_source":"content","_file":"vite-plugin-uni-platform/index.md","_stem":"vite-plugin-uni-platform/index","_extension":"md"},{"_path":"/vitesse-uni-app/getting-started/installation","_dir":"getting-started","_draft":false,"_partial":false,"_locale":"","title":"起步","description":"你可以直接使用在线编辑器快速试用，或者使用终端在本地开始使用。","navTruncate":false,"icon":"lucide:rocket","_type":"markdown","_id":"content:vitesse-uni-app:1.getting-started:2.installation.md","_source":"content","_file":"vitesse-uni-app/1.getting-started/2.installation.md","_stem":"vitesse-uni-app/1.getting-started/2.installation","_extension":"md"}]