[{"_path":"/uni-typed/guide/uni-ui-components","_dir":"guide","_draft":false,"_partial":false,"_locale":"","title":"uni-ui-components","description":null,"icon":"hugeicons:typescript-01","navTruncate":false,"badges":[{"value":"npm","to":"https://www.npmjs.com/package/@uni-helper/uni-types","target":"_blank"},{"value":"source","icon":"lucide:code","to":"https://github.com/uni-helper/uni-typed","target":"_blank"}],"_type":"markdown","_id":"content:uni-typed:1.guide:9.uni-ui-components.md","_source":"content","_file":"uni-typed/1.guide/9.uni-ui-components.md","_stem":"uni-typed/1.guide/9.uni-ui-components","_extension":"md"},{"_path":"/uni-typed/other/faq","_dir":"other","_draft":false,"_partial":false,"_locale":"","title":"常见问题","description":null,"icon":"qlementine-icons:faq-16","navTruncate":false,"badges":[{"value":"npm","to":"https://www.npmjs.com/package/@uni-helper/uni-types","target":"_blank"},{"value":"source","icon":"lucide:code","to":"https://github.com/uni-helper/uni-typed","target":"_blank"}],"_type":"markdown","_id":"content:uni-typed:2.other:1.faq.md","_source":"content","_file":"uni-typed/2.other/1.faq.md","_stem":"uni-typed/2.other/1.faq","_extension":"md"}]