{"_path":"/uni-network/guide/introduction","_dir":"guide","_draft":false,"_partial":false,"_locale":"","title":"介绍","description":"uni-network 是一个为 uni-app 打造的基于 Promise 的 HTTP 客户端。","icon":"lucide:notebook-text","body":{"type":"root","children":[{"type":"element","tag":"p","props":{},"children":[{"type":"element","tag":"code","props":{"className":[]},"children":[{"type":"text","value":"@uni-helper/uni-network"}]},{"type":"text","value":" 灵感和代码绝大部分源于 "},{"type":"element","tag":"code","props":{"className":[]},"children":[{"type":"text","value":"axios@0.27.2"}]},{"type":"text","value":"，功能包括："}]},{"type":"element","tag":"ul","props":{},"children":[{"type":"element","tag":"li","props":{},"children":[{"type":"text","value":"默认请求使用 "},{"type":"element","tag":"a","props":{"href":"https://uniapp.dcloud.io/api/request/request.html","rel":["nofollow"]},"children":[{"type":"text","value":"uni.request"}]}]},{"type":"element","tag":"li","props":{},"children":[{"type":"text","value":"上传文件使用 "},{"type":"element","tag":"a","props":{"href":"https://uniapp.dcloud.io/api/request/network-file.html#uploadfile","rel":["nofollow"]},"children":[{"type":"text","value":"uni.uploadFile"}]}]},{"type":"element","tag":"li","props":{},"children":[{"type":"text","value":"下载文件使用 "},{"type":"element","tag":"a","props":{"href":"https://uniapp.dcloud.io/api/request/network-file.html#downloadfile","rel":["nofollow"]},"children":[{"type":"text","value":"uni.downloadFile"}]}]},{"type":"element","tag":"li","props":{},"children":[{"type":"text","value":"支持 "},{"type":"element","tag":"a","props":{"href":"https://developer.mozilla.org/en-US/docs/Web/JavaScript/Reference/Global_Objects/Promise","rel":["nofollow"]},"children":[{"type":"text","value":"Promise"}]},{"type":"text","value":" API"}]},{"type":"element","tag":"li","props":{},"children":[{"type":"element","tag":"a","props":{"href":"../advanced/interceptors"},"children":[{"type":"text","value":"拦截请求和响应"}]}]},{"type":"element","tag":"li","props":{},"children":[{"type":"element","tag":"a","props":{"href":"../advanced/cancellation"},"children":[{"type":"text","value":"取消请求"}]}]},{"type":"element","tag":"li","props":{},"children":[{"type":"element","tag":"a","props":{"href":"../advanced/typescript-support"},"children":[{"type":"text","value":"TypeScript 支持"}]}]},{"type":"element","tag":"li","props":{},"children":[{"type":"element","tag":"a","props":{"href":"../advanced/composition-api"},"children":[{"type":"text","value":"组合式函数"}]}]}]}],"toc":{"title":"","searchDepth":2,"depth":2,"links":[]}},"_type":"markdown","_id":"content:uni-network:1.guide:1.introduction.md","_source":"content","_file":"uni-network/1.guide/1.introduction.md","_stem":"uni-network/1.guide/1.introduction","_extension":"md"}