[{"_path":"/unh/alias","_dir":"unh","_draft":false,"_partial":false,"_locale":"","title":"平台别名","description":"为不同平台配置简短别名，简化命令行操作","navTruncate":false,"icon":"oui:token-alias","badges":[{"value":"npm","to":"https://www.npmjs.com/package/@uni-helper/unh","target":"_blank"},{"value":"source","icon":"lucide:code","to":"https://github.com/uni-helper/unh","target":"_blank"}],"_type":"markdown","_id":"content:unh:2.alias.md","_source":"content","_file":"unh/2.alias.md","_stem":"unh/2.alias","_extension":"md"},{"_path":"/unh/auto-generate","_dir":"unh","_draft":false,"_partial":false,"_locale":"","title":"自动生成配置","description":"配置自动生成 pages.json 和 manifest.json 文件","navTruncate":false,"icon":"carbon:document-add","badges":[{"value":"npm","to":"https://www.npmjs.com/package/@uni-helper/unh","target":"_blank"},{"value":"source","icon":"lucide:code","to":"https://github.com/uni-helper/unh","target":"_blank"}],"_type":"markdown","_id":"content:unh:4.auto-generate.md","_source":"content","_file":"unh/4.auto-generate.md","_stem":"unh/4.auto-generate","_extension":"md"}]