[{"_path":"/uni-use/api/tryonbackpress","_dir":"api","_draft":false,"_partial":false,"_locale":"","title":"tryOnBackPress","description":"尝试执行 onBackPress。如果是在组件生命周期内，就直接调用 onBackPress；如果不是，就根据设定间隔重新尝试。","_type":"markdown","_id":"content:uni-use:2.api:tryOnBackPress.md","_source":"content","_file":"uni-use/2.api/tryOnBackPress.md","_stem":"uni-use/2.api/tryOnBackPress","_extension":"md"},{"_path":"/uni-use/api/tryoninit","_dir":"api","_draft":false,"_partial":false,"_locale":"","title":"tryOnInit","description":"尝试获取组件生命周期，并调用 onInit","_type":"markdown","_id":"content:uni-use:2.api:tryOnInit.md","_source":"content","_file":"uni-use/2.api/tryOnInit.md","_stem":"uni-use/2.api/tryOnInit","_extension":"md"}]