[{"_path":"/uni-promises","_dir":"","_draft":false,"_partial":false,"_locale":"","title":"uni-promises","description":"uni-promises 是为 uni-app 提供的 promise 化的 API","icon":"eos-icons:action-chains-outlined","navTruncate":false,"badges":[{"value":"npm","to":"https://www.npmjs.com/package/@uni-helper/uni-promises","target":"_blank"},{"value":"source","icon":"lucide:code","to":"https://github.com/uni-helper/uni-promises","target":"_blank"}],"_type":"markdown","_id":"content:uni-promises:index.md","_source":"content","_file":"uni-promises/index.md","_stem":"uni-promises/index","_extension":"md"},{"_path":"/uni-typed/guide/getting-started","_dir":"guide","_draft":false,"_partial":false,"_locale":"","title":"起步","description":"为 uni-app 提供 TypeScript 类型定义，提升开发效率。","icon":"lucide:rocket","navTruncate":false,"badges":[{"value":"npm","to":"https://www.npmjs.com/package/@uni-helper/uni-typed","target":"_blank"},{"value":"source","icon":"lucide:code","to":"https://github.com/uni-helper/uni-typed","target":"_blank"}],"_type":"markdown","_id":"content:uni-typed:1.guide:2.getting-started.md","_source":"content","_file":"uni-typed/1.guide/2.getting-started.md","_stem":"uni-typed/1.guide/2.getting-started","_extension":"md"}]