[{"_path":"/uni-network/advanced/handling-errors","_dir":"advanced","_draft":false,"_partial":false,"_locale":"","title":"错误处理","description":"优雅处理网络请求异常","navTruncate":false,"icon":"material-symbols:error-circle-rounded-outline-sharp","_type":"markdown","_id":"content:uni-network:3.advanced:2.handling-errors.md","_source":"content","_file":"uni-network/3.advanced/2.handling-errors.md","_stem":"uni-network/3.advanced/2.handling-errors","_extension":"md"},{"_path":"/uni-network/advanced/typescript-support","_dir":"advanced","_draft":false,"_partial":false,"_locale":"","title":"TypeScript 支持","description":"完整的类型定义和智能提示","navTruncate":false,"icon":"i-hugeicons:typescript-01","_type":"markdown","_id":"content:uni-network:3.advanced:4.typescript-support.md","_source":"content","_file":"uni-network/3.advanced/4.typescript-support.md","_stem":"uni-network/3.advanced/4.typescript-support","_extension":"md"}]