[{"_path":"/relations","_dir":"","_draft":false,"_partial":false,"_locale":"","title":"项目关系","description":"可视化 Uni-Helper 仓库与任何 npm 包之间的关系。","fullpage":true,"_type":"markdown","_id":"content:2.relations.md","_source":"content","_file":"2.relations.md","_stem":"2.relations","_extension":"md"},{"_path":"/awesome-uni-app","_dir":"","_draft":false,"_partial":false,"_locale":"","title":"Awesome uni-app","description":"多端统一开发框架 uni-app 优秀学习资源汇总","icon":"simple-icons:awesomelists","navTruncate":false,"badges":[{"value":"source","icon":"lucide:code","to":"https://github.com/uni-helper/awesome-uni-app","target":"_blank"}],"_type":"markdown","_id":"content:awesome-uni-app:index.md","_source":"content","_file":"awesome-uni-app/index.md","_stem":"awesome-uni-app/index","_extension":"md"}]