[{"_path":"/unh/env","_dir":"unh","_draft":false,"_partial":false,"_locale":"","title":"环境变量配置","description":"根据当前编译平台及模式提前加载对应的环境变量并生成类型声明文件","navTruncate":false,"icon":"lucide:chevrons-left-right-ellipsis","badges":[{"value":"npm","to":"https://www.npmjs.com/package/@uni-helper/unh","target":"_blank"},{"value":"source","icon":"lucide:code","to":"https://github.com/uni-helper/unh","target":"_blank"}],"_type":"markdown","_id":"content:unh:6.env.md","_source":"content","_file":"unh/6.env.md","_stem":"unh/6.env","_extension":"md"},{"_path":"/uni-devtools","_dir":"","_draft":false,"_partial":false,"_locale":"","title":"uni-devtools","description":"uni-devtools 是为 uni-app 提供的开发者工具","icon":"carbon:executable-program","navTruncate":false,"badges":[{"value":"npm","to":"https://www.npmjs.com/package/@uni-helper/devtools","target":"_blank"},{"value":"source","icon":"lucide:code","to":"https://github.com/uni-helper/devtools","target":"_blank"}],"_type":"markdown","_id":"content:uni-devtools:index.md","_source":"content","_file":"uni-devtools/index.md","_stem":"uni-devtools/index","_extension":"md"}]