{"_path":"/vitesse-uni-app/getting-started/introduction","_dir":"getting-started","_draft":false,"_partial":false,"_locale":"","title":"介绍","description":"vitess-uni-app 是一个基于 Vue 和 uni-app 的开源模板，采用直观且可扩展的方式创建类型安全、高性能和生产级的跨端应用。你可以直接开始编写 .vue 文件，而无需从头开始配置。","icon":"lucide:notebook-text","body":{"type":"root","children":[{"type":"element","tag":"p","props":{},"children":[{"type":"text","value":"vitesse-uni-app 灵感源于 "},{"type":"element","tag":"a","props":{"href":"https://github.com/antfu/vitesse","rel":["nofollow"]},"children":[{"type":"text","value":"vitesse"}]},{"type":"text","value":"。"}]},{"type":"element","tag":"h2","props":{"id":"为什么"},"children":[{"type":"text","value":"为什么"}]},{"type":"element","tag":"p","props":{},"children":[{"type":"element","tag":"code","props":{"className":[]},"children":[{"type":"text","value":"uni-app"}]},{"type":"text","value":" 背后的公司 DCloudio 选择创建自己的生态，比如 HBuilderX、uni_modules 等。这部分工作对部分开发者来说意义非凡，他们可以轻松上手并享受社区提供的一切资源。"}]},{"type":"element","tag":"p","props":{},"children":[{"type":"text","value":"但是，"},{"type":"element","tag":"code","props":{"className":[]},"children":[{"type":"text","value":"uni-app"}]},{"type":"text","value":" 社区生态远不如 npm 生态繁荣，我们常常需要求助于 npm 生态来实现部分需求，而 "},{"type":"element","tag":"code","props":{"className":[]},"children":[{"type":"text","value":"uni-app"}]},{"type":"text","value":" 的黑盒性阻碍了这一点。"}]},{"type":"element","tag":"p","props":{},"children":[{"type":"text","value":"vitesse-uni-app 充分拥抱开放生态，比如 VS Code 和 npm，希望能带给你更好的体验。"}]},{"type":"element","tag":"h2","props":{"id":"主要依赖"},"children":[{"type":"text","value":"主要依赖"}]},{"type":"element","tag":"p","props":{},"children":[{"type":"text","value":"vitess-uni-app 由不同的开源包组成："}]},{"type":"element","tag":"ul","props":{},"children":[{"type":"element","tag":"li","props":{},"children":[{"type":"text","value":"核心："},{"type":"element","tag":"a","props":{"href":"https://uni-helper.js.org/","rel":["nofollow"]},"children":[{"type":"text","value":"@uni-helper"}]}]},{"type":"element","tag":"li","props":{},"children":[{"type":"text","value":"引擎："},{"type":"element","tag":"a","props":{"href":"https://github.com/dcloudio/uni-app","rel":["nofollow"]},"children":[{"type":"text","value":"uni-app"}]}]},{"type":"element","tag":"li","props":{},"children":[{"type":"text","value":"打包器："},{"type":"element","tag":"a","props":{"href":"http://vite.dev/","rel":["nofollow"]},"children":[{"type":"text","value":"Vite"}]}]},{"type":"element","tag":"li","props":{},"children":[{"type":"text","value":"CSS 样式："},{"type":"element","tag":"a","props":{"href":"https://unocss.dev/","rel":["nofollow"]},"children":[{"type":"text","value":"UnoCSS"}]}]},{"type":"element","tag":"li","props":{},"children":[{"type":"text","value":"代码质量："},{"type":"element","tag":"a","props":{"href":"https://github.com/uni-helper/eslint-config","rel":["nofollow"]},"children":[{"type":"text","value":"ESLint"}]},{"type":"text","value":" 和 "},{"type":"element","tag":"a","props":{"href":"https://www.typescriptlang.org/","rel":["nofollow"]},"children":[{"type":"text","value":"TypeScript"}]}]}]}],"toc":{"title":"","searchDepth":2,"depth":2,"links":[{"id":"为什么","depth":2,"text":"为什么"},{"id":"主要依赖","depth":2,"text":"主要依赖"}]}},"_type":"markdown","_id":"content:vitesse-uni-app:1.getting-started:1.introduction.md","_source":"content","_file":"vitesse-uni-app/1.getting-started/1.introduction.md","_stem":"vitesse-uni-app/1.getting-started/1.introduction","_extension":"md"}