[{"_path":"/unh/installation","_dir":"unh","_draft":false,"_partial":false,"_locale":"","title":"安装","description":"二次封装的启动命令，支持平台别名和自动生成配置","navTruncate":false,"icon":"lucide:mouse-pointer-click","badges":[{"value":"npm","to":"https://www.npmjs.com/package/@uni-helper/unh","target":"_blank"},{"value":"source","icon":"lucide:code","to":"https://github.com/uni-helper/unh","target":"_blank"}],"_type":"markdown","_id":"content:unh:1.installation.md","_source":"content","_file":"unh/1.installation.md","_stem":"unh/1.installation","_extension":"md"},{"_path":"/unh/hooks","_dir":"unh","_draft":false,"_partial":false,"_locale":"","title":"自定义Hooks","description":"通过自定义hooks扩展unh功能，实现项目启动前后自定义逻辑","navTruncate":false,"icon":"carbon:webhook","badges":[{"value":"npm","to":"https://www.npmjs.com/package/@uni-helper/unh","target":"_blank"},{"value":"source","icon":"lucide:code","to":"https://github.com/uni-helper/unh","target":"_blank"}],"_type":"markdown","_id":"content:unh:3.hooks.md","_source":"content","_file":"unh/3.hooks.md","_stem":"unh/3.hooks","_extension":"md"}]