{"_path":"/vs-code/uni-cloud-snippets-vscode","_dir":"vs-code","_draft":false,"_partial":false,"_locale":"","title":"uni-cloud-snippets-vscode","description":"uni-cloud 的 VSCode 代码片段","icon":"ic:outline-snippet-folder","navTruncate":false,"badges":[{"value":"marketplace","to":"https://marketplace.visualstudio.com/items?itemName=uni-helper.uni-cloud-snippets-vscode","target":"_blank"},{"value":"source","icon":"lucide:code","to":"https://github.com/uni-helper/uni-cloud-snippets-vscode","target":"_blank"}],"body":{"type":"root","children":[{"type":"element","tag":"h2","props":{"id":"插件特性"},"children":[{"type":"text","value":"插件特性"}]},{"type":"element","tag":"ul","props":{},"children":[{"type":"element","tag":"li","props":{},"children":[{"type":"text","value":"uni-cloud 的 VSCode 代码片段"}]},{"type":"element","tag":"li","props":{},"children":[{"type":"text","value":"参考 "},{"type":"element","tag":"a","props":{"href":"https://uniapp.dcloud.io/component/","rel":["nofollow"]},"children":[{"type":"text","value":"uni-app 官方组件文档"}]}]},{"type":"element","tag":"li","props":{},"children":[{"type":"text","value":"参考 "},{"type":"element","tag":"a","props":{"href":"https://v2.cn.vuejs.org/v2/style-guide/","rel":["nofollow"]},"children":[{"type":"text","value":"Vue.js 2 风格指南"}]},{"type":"text","value":" 和 "},{"type":"element","tag":"a","props":{"href":"https://cn.vuejs.org/style-guide/","rel":["nofollow"]},"children":[{"type":"text","value":"Vue.js 3 风格指南"}]}]}]},{"type":"element","tag":"p","props":{},"children":[{"type":"element","tag":"strong","props":{},"children":[{"type":"text","value":"插件和文档的冲突之处，请以文档为准。"}]}]},{"type":"element","tag":"p","props":{},"children":[{"type":"text","value":"插件源代码在 "},{"type":"element","tag":"a","props":{"href":"https://github.com/uni-helper/uni-app-snippets-vscode","rel":["nofollow"]},"children":[{"type":"text","value":"uni-helper/uni-app-snippets-vscode"}]},{"type":"text","value":"。欢迎提交 ISSUE 和 PR 改进本插件。"}]},{"type":"element","tag":"h2","props":{"id":"使用"},"children":[{"type":"text","value":"使用"}]},{"type":"element","tag":"p","props":{},"children":[{"type":"text","value":"安装插件后重启 VSCode 即可。"}]}],"toc":{"title":"","searchDepth":2,"depth":2,"links":[{"id":"插件特性","depth":2,"text":"插件特性"},{"id":"使用","depth":2,"text":"使用"}]}},"_type":"markdown","_id":"content:vs-code:6.uni-cloud-snippets-vscode.md","_source":"content","_file":"vs-code/6.uni-cloud-snippets-vscode.md","_stem":"vs-code/6.uni-cloud-snippets-vscode","_extension":"md"}