{"_path":"/blog","_dir":"","_draft":false,"_partial":false,"_locale":"","title":"Blog","description":"探索 uni-helper 工具链的最新动态，获取前沿技术分享与实践心得","navigation":false,"fullpage":true,"body":{"type":"root","children":[{"type":"element","tag":"hero-alt","props":{":announcement":"{\"icon\":\"lucide:newspaper\",\"to\":\"https://juejin.cn/post/7530802836118159395\",\"title\":\"让 uni-app 拥抱 ESM 时代\"}"},"children":[{"type":"element","tag":"template","props":{"v-slot:title":""},"children":[{"type":"element","tag":"p","props":{},"children":[{"type":"text","value":"博客"}]}]},{"type":"element","tag":"template","props":{"v-slot:description":""},"children":[{"type":"element","tag":"p","props":{},"children":[{"type":"text","value":"探索 uni-helper 工具链的最新动态，获取前沿技术分享与实践心得"}]}]}]},{"type":"element","tag":"bookshelf","props":{":blogs":"[{\"title\":\"uni-helper/unh\",\"description\":\"uni-helper 是一个基于 uni-app 的工具链，它可以帮助你快速开发 uni-app 项目\",\"to\":\"/blog/unh\",\"footer\":\"2025-10-14\",\"bg\":\"dotGrid\",\"author\":\"FliPPeDround\"},{\"title\":\"definePage\",\"description\":\"使用 definePage 宏定义页面\",\"to\":\"/blog/definepage\",\"footer\":\"2025-08-28\",\"bg\":\"dither\",\"author\":\"FliPPeDround\"},{\"title\":\"uni-plugin\",\"description\":\"让 uni-app 拥抱 ESM 时代\",\"to\":\"https://juejin.cn/post/7530802836118159395\",\"footer\":\"2025-07-25\",\"bg\":\"tetris\",\"author\":\"FliPPeDround\"},{\"title\":\"create-uni\",\"description\":\"create-uni 是一个基于 uni-app 的项目初始化工具，它可以帮助你快速创建 uni-app 项目，并且可以根据你的需求自定义项目的配置\",\"to\":\"https://juejin.cn/post/7457808828605693988\",\"footer\":\"2025-01-09\",\"bg\":\"liquid\",\"author\":\"FliPPeDround\"},{\"title\":\"uni-helper 2024 年路线图\",\"description\":\"uni-helper 2024 年路线图\",\"to\":\"https://juejin.cn/post/7355738271694487591\",\"footer\":\"2024-04-10\",\"bg\":\"liquid\",\"author\":\"ModyQyW\"},{\"title\":\"vite-plugin-uni-pages\",\"description\":\"使 vite-plugin-uni-pages 支持类型安全\",\"to\":\"https://juejin.cn/post/7272187279984082984\",\"footer\":\"2023-08-28\",\"bg\":\"liquid\",\"author\":\"KeJunMao\"},{\"title\":\"uni-env\",\"description\":\"uni-env 是一个基于 uni-app 的环境变量工具，它可以帮助你在 uni-app 项目中使用环境变量\",\"to\":\"https://juejin.cn/post/7269652047111749667\",\"footer\":\"2023-08-21\",\"bg\":\"tetris\",\"author\":\"KeJunMao\"},{\"title\":\"增强 uni-app 系列产品体验\",\"description\":\"增强 uni-app 系列产品体验的 uni-helper\",\"to\":\"https://juejin.cn/post/7156482845614030862\",\"footer\":\"2022-10-20\",\"bg\":\"tetris\",\"author\":\"ModyQyW\"}]"},"children":[]}],"toc":{"title":"","searchDepth":2,"depth":2,"links":[]}},"_type":"markdown","_id":"content:blog:index.md","_source":"content","_file":"blog/index.md","_stem":"blog/index","_extension":"md"}