[{"_path":"/uni-use/api/usemodal","_dir":"api","_draft":false,"_partial":false,"_locale":"","title":"useModal","description":"返回一个方法，调用后显示模态弹窗。","_type":"markdown","_id":"content:uni-use:2.api:useModal.md","_source":"content","_file":"uni-use/2.api/useModal.md","_stem":"uni-use/2.api/useModal","_extension":"md"},{"_path":"/uni-use/api/useonline","_dir":"api","_draft":false,"_partial":false,"_locale":"","title":"useOnline","description":"获取是否在线。基于 useNetwork。","_type":"markdown","_id":"content:uni-use:2.api:useOnline.md","_source":"content","_file":"uni-use/2.api/useOnline.md","_stem":"uni-use/2.api/useOnline","_extension":"md"}]