[{"_path":"/vs-code/uni-highlight-vscode","_dir":"vs-code","_draft":false,"_partial":false,"_locale":"","title":"uni-highlight-vscode","description":"为VS Code条件编译语法高亮支持","icon":"carbon:text-highlight","navTruncate":false,"badges":[{"value":"marketplace","to":"https://marketplace.visualstudio.com/items?itemName=uni-helper.uni-highlight-vscode","target":"_blank"},{"value":"source","icon":"lucide:code","to":"https://github.com/uni-helper/uni-highlight-vscode","target":"_blank"}],"_type":"markdown","_id":"content:vs-code:2.uni-highlight-vscode.md","_source":"content","_file":"vs-code/2.uni-highlight-vscode.md","_stem":"vs-code/2.uni-highlight-vscode","_extension":"md"},{"_path":"/vs-code/uni-app-snippets-vscode","_dir":"vs-code","_draft":false,"_partial":false,"_locale":"","title":"uni-app-snippets-vscode","description":"uni-app 基本能力代码片段","icon":"ic:outline-snippet-folder","navTruncate":false,"badges":[{"value":"marketplace","to":"https://marketplace.visualstudio.com/items?itemName=uni-helper.uni-app-snippets-vscode","target":"_blank"},{"value":"source","icon":"lucide:code","to":"https://github.com/uni-helper/uni-app-snippets-vscode","target":"_blank"}],"_type":"markdown","_id":"content:vs-code:4.uni-app-snippets-vscode.md","_source":"content","_file":"vs-code/4.uni-app-snippets-vscode.md","_stem":"vs-code/4.uni-app-snippets-vscode","_extension":"md"}]