[{"_path":"/eslint-config","_dir":"","_draft":false,"_partial":false,"_locale":"","title":"eslint-config","description":"eslint-config 是为 uni-app 提供的 ESLint 配置","icon":"simple-icons:eslint","navTruncate":false,"badges":[{"value":"npm","to":"https://www.npmjs.com/package/@uni-helper/eslint-config","target":"_blank"},{"value":"source","icon":"lucide:code","to":"https://github.com/uni-helper/eslint-config","target":"_blank"}],"_type":"markdown","_id":"content:eslint-config:index.md","_source":"content","_file":"eslint-config/index.md","_stem":"eslint-config/index","_extension":"md"},{"_path":"/hbuilderx-vanilla/introduction","_dir":"hbuilderx-vanilla","_draft":false,"_partial":false,"_locale":"","title":"项目介绍","description":"优雅地在Linux环境下构建uni-app项目的wgt热更新包","icon":"carbon:package","navTruncate":false,"badges":[{"value":"docker","icon":"simple-icons:docker","to":"https://hub.docker.com/r/flymyd114/hbuilderx-vanilla","target":"_blank"},{"value":"source","icon":"lucide:code","to":"https://github.com/uni-helper/hbuilderx-vanilla","target":"_blank"}],"_type":"markdown","_id":"content:hbuilderx-vanilla:1.introduction.md","_source":"content","_file":"hbuilderx-vanilla/1.introduction.md","_stem":"hbuilderx-vanilla/1.introduction","_extension":"md"}]