[{"_path":"/vitesse-uni-app/getting-started/installation","_dir":"getting-started","_draft":false,"_partial":false,"_locale":"","title":"起步","description":"你可以直接使用在线编辑器快速试用，或者使用终端在本地开始使用。","navTruncate":false,"icon":"lucide:rocket","_type":"markdown","_id":"content:vitesse-uni-app:1.getting-started:2.installation.md","_source":"content","_file":"vitesse-uni-app/1.getting-started/2.installation.md","_stem":"vitesse-uni-app/1.getting-started/2.installation","_extension":"md"},{"_path":"/vitesse-uni-app/getting-started/styling","_dir":"getting-started","_draft":false,"_partial":false,"_locale":"","title":"样式","description":"模板基于 UnoCSS 提供主要样式支持。当然，你可以使用 CSS 预处理器、组件库等。","navTruncate":false,"icon":"vscode-icons:file-type-unocss","_type":"markdown","_id":"content:vitesse-uni-app:1.getting-started:4.styling.md","_source":"content","_file":"vitesse-uni-app/1.getting-started/4.styling.md","_stem":"vitesse-uni-app/1.getting-started/4.styling","_extension":"md"}]