[{"_path":"/uni-use/api/usescancode","_dir":"api","_draft":false,"_partial":false,"_locale":"","title":"useScanCode","description":"返回一个方法，调用后调起客户端扫码界面。","_type":"markdown","_id":"content:uni-use:2.api:useScanCode.md","_source":"content","_file":"uni-use/2.api/useScanCode.md","_stem":"uni-use/2.api/useScanCode","_extension":"md"},{"_path":"/uni-use/api/useselectorquery","_dir":"api","_draft":false,"_partial":false,"_locale":"","title":"useSelectorQuery","description":"uni.createSelectorQuery 的封装。","_type":"markdown","_id":"content:uni-use:2.api:useSelectorQuery.md","_source":"content","_file":"uni-use/2.api/useSelectorQuery.md","_stem":"uni-use/2.api/useSelectorQuery","_extension":"md"}]