[{"_path":"/uni-use/api/usestorageasync","_dir":"api","_draft":false,"_partial":false,"_locale":"","title":"useStorageAsync (废弃，请使用 useStorage)","description":"uni-app 关于 异步 storage 操作 的封装。","_type":"markdown","_id":"content:uni-use:2.api:useStorageAsync.md","_source":"content","_file":"uni-use/2.api/useStorageAsync.md","_stem":"uni-use/2.api/useStorageAsync","_extension":"md"},{"_path":"/uni-use/api/usetoast","_dir":"api","_draft":false,"_partial":false,"_locale":"","title":"useToast","description":"返回一个方法，调用后显示消息提示框。","_type":"markdown","_id":"content:uni-use:2.api:useToast.md","_source":"content","_file":"uni-use/2.api/useToast.md","_stem":"uni-use/2.api/useToast","_extension":"md"}]