{"_path":"/create-uni/gui","_dir":"create-uni","_draft":false,"_partial":false,"_locale":"","title":"图形化界面","description":"图形化界面与脚手架的结合","icon":"lucide:app-window","navTruncate":false,"navBadges":[{"value":"New","type":"lime"}],"badges":[{"value":"npm","to":"https://www.npmjs.com/package/create-uni","target":"_blank"},{"value":"source","icon":"lucide:code","to":"https://github.com/uni-helper/create-uni","target":"_blank"},{"value":"赞助","icon":"lucide:coffee","to":"https://afdian.com/a/flippedround","target":"_blank"}],"body":{"type":"root","children":[{"type":"element","tag":"h2","props":{"id":"快速开始"},"children":[{"type":"text","value":"🚀 快速开始"}]},{"type":"element","tag":"stack","props":{},"children":[{"type":"element","tag":"pm-create","props":{"name":"uni@latest --gui"},"children":[]},{"type":"element","tag":"alert","props":{},"children":[{"type":"element","tag":"p","props":{},"children":[{"type":"text","value":"建议添加上标记名（@latest），否则 npm 可能会解析到缓存的过时软件包版本"}]}]}]},{"type":"element","tag":"gui-image-show","props":{},"children":[]},{"type":"element","tag":"p","props":{},"children":[{"type":"element","tag":"code","props":{"className":[]},"children":[{"type":"text","value":"create-uni"}]},{"type":"text","value":"目前正在积极地探索一种完全崭新的"},{"type":"element","tag":"code","props":{"className":[]},"children":[{"type":"text","value":"CLI"}]},{"type":"text","value":"与"},{"type":"element","tag":"code","props":{"className":[]},"children":[{"type":"text","value":"GUI"}]},{"type":"text","value":"相结合的模式。这种模式的探索旨在为用户带来更加高效、便捷且直观的使用体验。"}]},{"type":"element","tag":"p","props":{},"children":[{"type":"text","value":"通过将命令行界面（CLI）的强大功能与图形用户界面（GUI）的友好交互性相融合，"},{"type":"element","tag":"code","props":{"className":[]},"children":[{"type":"text","value":"create-uni"}]},{"type":"text","value":"期望能够满足不同用户群体的需求，无论是喜欢通过命令行快速操作的开发者，还是更倾向于直观图形界面的用户。"}]}],"toc":{"title":"","searchDepth":2,"depth":2,"links":[{"id":"快速开始","depth":2,"text":"🚀 快速开始"}]}},"_type":"markdown","_id":"content:create-uni:2.gui.md","_source":"content","_file":"create-uni/2.gui.md","_stem":"create-uni/2.gui","_extension":"md"}