[{"_path":"/uni-use/guide/notice","_dir":"guide","_draft":false,"_partial":false,"_locale":"","title":"注意事项","description":null,"icon":"lucide:info","navTruncate":false,"badges":[{"value":"npm","to":"https://www.npmjs.com/package/@uni-helper/uni-use","target":"_blank"},{"value":"source","icon":"lucide:code","to":"https://github.com/uni-helper/uni-use","target":"_blank"}],"_type":"markdown","_id":"content:uni-use:1.guide:2.notice.md","_source":"content","_file":"uni-use/1.guide/2.notice.md","_stem":"uni-use/1.guide/2.notice","_extension":"md"},{"_path":"/uni-use/api/tryonhide","_dir":"api","_draft":false,"_partial":false,"_locale":"","title":"tryOnHide","description":"尝试获取组件生命周期，并调用 onHide","_type":"markdown","_id":"content:uni-use:2.api:tryOnHide.md","_source":"content","_file":"uni-use/2.api/tryOnHide.md","_stem":"uni-use/2.api/tryOnHide","_extension":"md"}]