{"_path":"/uni-use/guide/notice","_dir":"guide","_draft":false,"_partial":false,"_locale":"","title":"注意事项","description":null,"icon":"lucide:info","navTruncate":false,"badges":[{"value":"npm","to":"https://www.npmjs.com/package/@uni-helper/uni-use","target":"_blank"},{"value":"source","icon":"lucide:code","to":"https://github.com/uni-helper/uni-use","target":"_blank"}],"body":{"type":"root","children":[{"type":"element","tag":"h2","props":{"id":"限制"},"children":[{"type":"text","value":"限制"}]},{"type":"element","tag":"p","props":{},"children":[{"type":"text","value":"在小程序和移动应用环境下有如下无法避开的限制："}]},{"type":"element","tag":"ul","props":{},"children":[{"type":"element","tag":"li","props":{},"children":[{"type":"text","value":"缺失某些全局变量（如 "},{"type":"element","tag":"code","props":{"className":[]},"children":[{"type":"text","value":"window"}]},{"type":"text","value":"、"},{"type":"element","tag":"code","props":{"className":[]},"children":[{"type":"text","value":"navigator"}]},{"type":"text","value":" 等）"}]},{"type":"element","tag":"li","props":{},"children":[{"type":"text","value":"必须使用 "},{"type":"element","tag":"code","props":{"className":[]},"children":[{"type":"text","value":"uni-app"}]},{"type":"text","value":" 提供的 API 实现功能（如拦截器、存储等），API 不支持的也就无法支持，比如拦截同步 API、监听其它地方引起的剪切板变化等"}]},{"type":"element","tag":"li","props":{},"children":[{"type":"text","value":"无法使用顶层 "},{"type":"element","tag":"code","props":{"className":[]},"children":[{"type":"text","value":"await"}]}]}]},{"type":"element","tag":"p","props":{},"children":[{"type":"text","value":"在开发网页时，建议直接使用 "},{"type":"element","tag":"code","props":{"className":[]},"children":[{"type":"text","value":"vue"}]},{"type":"text","value":"，避免过多的环境判断代码，同时也能享受更好的生态，如 "},{"type":"element","tag":"code","props":{"className":[]},"children":[{"type":"text","value":"vueuse"}]},{"type":"text","value":" 的完整支持。"}]},{"type":"element","tag":"h2","props":{"id":"构建"},"children":[{"type":"text","value":"构建"}]},{"type":"element","tag":"p","props":{},"children":[{"type":"text","value":"目前 "},{"type":"element","tag":"code","props":{"className":[]},"children":[{"type":"text","value":"@uni-helper/uni-use"}]},{"type":"text","value":" 会使用 "},{"type":"element","tag":"code","props":{"className":[]},"children":[{"type":"text","value":"unbuild"}]},{"type":"text","value":" 将 "},{"type":"element","tag":"code","props":{"className":[]},"children":[{"type":"text","value":"uni"}]},{"type":"text","value":" API 之外的部分转译到 "},{"type":"element","tag":"code","props":{"className":[]},"children":[{"type":"text","value":"ES2017"}]},{"type":"text","value":"（即 "},{"type":"element","tag":"code","props":{"className":[]},"children":[{"type":"text","value":"ES8"}]},{"type":"text","value":"）。"},{"type":"element","tag":"code","props":{"className":[]},"children":[{"type":"text","value":"uni"}]},{"type":"text","value":" API 需要在项目构建时由 "},{"type":"element","tag":"code","props":{"className":[]},"children":[{"type":"text","value":"uni-app"}]},{"type":"text","value":" 官方提供的插件处理。"}]},{"type":"element","tag":"p","props":{},"children":[{"type":"text","value":"对于 "},{"type":"element","tag":"code","props":{"className":[]},"children":[{"type":"text","value":"vite + vue3"}]},{"type":"text","value":" 项目，请先设置 "},{"type":"element","tag":"code","props":{"className":[]},"children":[{"type":"text","value":"build.target"}]},{"type":"text","value":" 为 "},{"type":"element","tag":"code","props":{"className":[]},"children":[{"type":"text","value":"ES6"}]},{"type":"text","value":"。"}]},{"type":"element","tag":"pre","props":{"className":"language-typescript shiki shiki-themes github-light github-dark","code":"import uni from '@dcloudio/vite-plugin-uni'\nimport { defineConfig } from 'vite'\n\n// https://vitejs.dev/config/\nexport default defineConfig({\n  build: {\n    target: 'es6',\n    cssTarget: 'chrome61', // https://cn.vitejs.dev/config/build-options.html#build-csstarget\n  },\n  optimizeDeps: {\n    exclude: ['vue-demi'],\n  },\n  plugins: [\n    // ...,\n    uni(),\n    // ...,\n  ],\n})\n","filename":"vite.config.ts","language":"typescript","meta":"","style":""},"children":[{"type":"element","tag":"code","props":{"__ignoreMap":""},"children":[{"type":"element","tag":"span","props":{"class":"line","line":1},"children":[{"type":"element","tag":"span","props":{"style":"--shiki-default:#D73A49;--shiki-dark:#F97583"},"children":[{"type":"text","value":"import"}]},{"type":"element","tag":"span","props":{"style":"--shiki-default:#24292E;--shiki-dark:#E1E4E8"},"children":[{"type":"text","value":" uni "}]},{"type":"element","tag":"span","props":{"style":"--shiki-default:#D73A49;--shiki-dark:#F97583"},"children":[{"type":"text","value":"from"}]},{"type":"element","tag":"span","props":{"style":"--shiki-default:#032F62;--shiki-dark:#9ECBFF"},"children":[{"type":"text","value":" '@dcloudio/vite-plugin-uni'\n"}]}]},{"type":"element","tag":"span","props":{"class":"line","line":2},"children":[{"type":"element","tag":"span","props":{"style":"--shiki-default:#D73A49;--shiki-dark:#F97583"},"children":[{"type":"text","value":"import"}]},{"type":"element","tag":"span","props":{"style":"--shiki-default:#24292E;--shiki-dark:#E1E4E8"},"children":[{"type":"text","value":" { defineConfig } "}]},{"type":"element","tag":"span","props":{"style":"--shiki-default:#D73A49;--shiki-dark:#F97583"},"children":[{"type":"text","value":"from"}]},{"type":"element","tag":"span","props":{"style":"--shiki-default:#032F62;--shiki-dark:#9ECBFF"},"children":[{"type":"text","value":" 'vite'\n"}]}]},{"type":"element","tag":"span","props":{"class":"line","line":3},"children":[{"type":"element","tag":"span","props":{"emptyLinePlaceholder":true},"children":[{"type":"text","value":"\n"}]}]},{"type":"element","tag":"span","props":{"class":"line","line":4},"children":[{"type":"element","tag":"span","props":{"style":"--shiki-default:#6A737D;--shiki-dark:#6A737D"},"children":[{"type":"text","value":"// https://vitejs.dev/config/\n"}]}]},{"type":"element","tag":"span","props":{"class":"line","line":5},"children":[{"type":"element","tag":"span","props":{"style":"--shiki-default:#D73A49;--shiki-dark:#F97583"},"children":[{"type":"text","value":"export"}]},{"type":"element","tag":"span","props":{"style":"--shiki-default:#D73A49;--shiki-dark:#F97583"},"children":[{"type":"text","value":" default"}]},{"type":"element","tag":"span","props":{"style":"--shiki-default:#6F42C1;--shiki-dark:#B392F0"},"children":[{"type":"text","value":" defineConfig"}]},{"type":"element","tag":"span","props":{"style":"--shiki-default:#24292E;--shiki-dark:#E1E4E8"},"children":[{"type":"text","value":"({\n"}]}]},{"type":"element","tag":"span","props":{"class":"line","line":6},"children":[{"type":"element","tag":"span","props":{"style":"--shiki-default:#24292E;--shiki-dark:#E1E4E8"},"children":[{"type":"text","value":"  build: {\n"}]}]},{"type":"element","tag":"span","props":{"class":"line","line":7},"children":[{"type":"element","tag":"span","props":{"style":"--shiki-default:#24292E;--shiki-dark:#E1E4E8"},"children":[{"type":"text","value":"    target: "}]},{"type":"element","tag":"span","props":{"style":"--shiki-default:#032F62;--shiki-dark:#9ECBFF"},"children":[{"type":"text","value":"'es6'"}]},{"type":"element","tag":"span","props":{"style":"--shiki-default:#24292E;--shiki-dark:#E1E4E8"},"children":[{"type":"text","value":",\n"}]}]},{"type":"element","tag":"span","props":{"class":"line","line":8},"children":[{"type":"element","tag":"span","props":{"style":"--shiki-default:#24292E;--shiki-dark:#E1E4E8"},"children":[{"type":"text","value":"    cssTarget: "}]},{"type":"element","tag":"span","props":{"style":"--shiki-default:#032F62;--shiki-dark:#9ECBFF"},"children":[{"type":"text","value":"'chrome61'"}]},{"type":"element","tag":"span","props":{"style":"--shiki-default:#24292E;--shiki-dark:#E1E4E8"},"children":[{"type":"text","value":", "}]},{"type":"element","tag":"span","props":{"style":"--shiki-default:#6A737D;--shiki-dark:#6A737D"},"children":[{"type":"text","value":"// https://cn.vitejs.dev/config/build-options.html#build-csstarget\n"}]}]},{"type":"element","tag":"span","props":{"class":"line","line":9},"children":[{"type":"element","tag":"span","props":{"style":"--shiki-default:#24292E;--shiki-dark:#E1E4E8"},"children":[{"type":"text","value":"  },\n"}]}]},{"type":"element","tag":"span","props":{"class":"line","line":10},"children":[{"type":"element","tag":"span","props":{"style":"--shiki-default:#24292E;--shiki-dark:#E1E4E8"},"children":[{"type":"text","value":"  optimizeDeps: {\n"}]}]},{"type":"element","tag":"span","props":{"class":"line","line":11},"children":[{"type":"element","tag":"span","props":{"style":"--shiki-default:#24292E;--shiki-dark:#E1E4E8"},"children":[{"type":"text","value":"    exclude: ["}]},{"type":"element","tag":"span","props":{"style":"--shiki-default:#032F62;--shiki-dark:#9ECBFF"},"children":[{"type":"text","value":"'vue-demi'"}]},{"type":"element","tag":"span","props":{"style":"--shiki-default:#24292E;--shiki-dark:#E1E4E8"},"children":[{"type":"text","value":"],\n"}]}]},{"type":"element","tag":"span","props":{"class":"line","line":12},"children":[{"type":"element","tag":"span","props":{"style":"--shiki-default:#24292E;--shiki-dark:#E1E4E8"},"children":[{"type":"text","value":"  },\n"}]}]},{"type":"element","tag":"span","props":{"class":"line","line":13},"children":[{"type":"element","tag":"span","props":{"style":"--shiki-default:#24292E;--shiki-dark:#E1E4E8"},"children":[{"type":"text","value":"  plugins: [\n"}]}]},{"type":"element","tag":"span","props":{"class":"line","line":14},"children":[{"type":"element","tag":"span","props":{"style":"--shiki-default:#6A737D;--shiki-dark:#6A737D"},"children":[{"type":"text","value":"    // ...,\n"}]}]},{"type":"element","tag":"span","props":{"class":"line","line":15},"children":[{"type":"element","tag":"span","props":{"style":"--shiki-default:#6F42C1;--shiki-dark:#B392F0"},"children":[{"type":"text","value":"    uni"}]},{"type":"element","tag":"span","props":{"style":"--shiki-default:#24292E;--shiki-dark:#E1E4E8"},"children":[{"type":"text","value":"(),\n"}]}]},{"type":"element","tag":"span","props":{"class":"line","line":16},"children":[{"type":"element","tag":"span","props":{"style":"--shiki-default:#6A737D;--shiki-dark:#6A737D"},"children":[{"type":"text","value":"    // ...,\n"}]}]},{"type":"element","tag":"span","props":{"class":"line","line":17},"children":[{"type":"element","tag":"span","props":{"style":"--shiki-default:#24292E;--shiki-dark:#E1E4E8"},"children":[{"type":"text","value":"  ],\n"}]}]},{"type":"element","tag":"span","props":{"class":"line","line":18},"children":[{"type":"element","tag":"span","props":{"style":"--shiki-default:#24292E;--shiki-dark:#E1E4E8"},"children":[{"type":"text","value":"})\n"}]}]}]}]},{"type":"element","tag":"p","props":{},"children":[{"type":"text","value":"然后在 "},{"type":"element","tag":"code","props":{"className":[]},"children":[{"type":"text","value":"src/main.ts"}]},{"type":"text","value":" 或 "},{"type":"element","tag":"code","props":{"className":[]},"children":[{"type":"text","value":"src/main.js"}]},{"type":"text","value":" 处自行添加 polyfill。以下是使用 "},{"type":"element","tag":"a","props":{"href":"https://github.com/zloirock/core-js","rel":["nofollow"]},"children":[{"type":"text","value":"core-js"}]},{"type":"text","value":" 的示例（需要自行安装 "},{"type":"element","tag":"code","props":{"className":[]},"children":[{"type":"text","value":"core-js"}]},{"type":"text","value":"），你也可以使用 "},{"type":"element","tag":"a","props":{"href":"https://github.com/es-shims","rel":["nofollow"]},"children":[{"type":"text","value":"es-shims"}]},{"type":"text","value":"。"}]},{"type":"element","tag":"pre","props":{"className":"language-typescript shiki shiki-themes github-light github-dark","code":"// 你可以根据需要自行添加额外的 polyfills\n// import 'core-js/actual/object/values'\nimport { createSSRApp } from 'vue'\nimport App from './App.vue'\nimport 'core-js/actual/array/iterator'\nimport 'core-js/actual/promise'\nimport 'core-js/actual/object/assign'\nimport 'core-js/actual/promise/finally'\n\nexport function createApp() {\n  const app = createSSRApp(App)\n  return {\n    app,\n  }\n}\n","filename":"src/main.ts","language":"typescript","meta":"","style":""},"children":[{"type":"element","tag":"code","props":{"__ignoreMap":""},"children":[{"type":"element","tag":"span","props":{"class":"line","line":1},"children":[{"type":"element","tag":"span","props":{"style":"--shiki-default:#6A737D;--shiki-dark:#6A737D"},"children":[{"type":"text","value":"// 你可以根据需要自行添加额外的 polyfills\n"}]}]},{"type":"element","tag":"span","props":{"class":"line","line":2},"children":[{"type":"element","tag":"span","props":{"style":"--shiki-default:#6A737D;--shiki-dark:#6A737D"},"children":[{"type":"text","value":"// import 'core-js/actual/object/values'\n"}]}]},{"type":"element","tag":"span","props":{"class":"line","line":3},"children":[{"type":"element","tag":"span","props":{"style":"--shiki-default:#D73A49;--shiki-dark:#F97583"},"children":[{"type":"text","value":"import"}]},{"type":"element","tag":"span","props":{"style":"--shiki-default:#24292E;--shiki-dark:#E1E4E8"},"children":[{"type":"text","value":" { createSSRApp } "}]},{"type":"element","tag":"span","props":{"style":"--shiki-default:#D73A49;--shiki-dark:#F97583"},"children":[{"type":"text","value":"from"}]},{"type":"element","tag":"span","props":{"style":"--shiki-default:#032F62;--shiki-dark:#9ECBFF"},"children":[{"type":"text","value":" 'vue'\n"}]}]},{"type":"element","tag":"span","props":{"class":"line","line":4},"children":[{"type":"element","tag":"span","props":{"style":"--shiki-default:#D73A49;--shiki-dark:#F97583"},"children":[{"type":"text","value":"import"}]},{"type":"element","tag":"span","props":{"style":"--shiki-default:#24292E;--shiki-dark:#E1E4E8"},"children":[{"type":"text","value":" App "}]},{"type":"element","tag":"span","props":{"style":"--shiki-default:#D73A49;--shiki-dark:#F97583"},"children":[{"type":"text","value":"from"}]},{"type":"element","tag":"span","props":{"style":"--shiki-default:#032F62;--shiki-dark:#9ECBFF"},"children":[{"type":"text","value":" './App.vue'\n"}]}]},{"type":"element","tag":"span","props":{"class":"line","line":5},"children":[{"type":"element","tag":"span","props":{"style":"--shiki-default:#D73A49;--shiki-dark:#F97583"},"children":[{"type":"text","value":"import"}]},{"type":"element","tag":"span","props":{"style":"--shiki-default:#032F62;--shiki-dark:#9ECBFF"},"children":[{"type":"text","value":" 'core-js/actual/array/iterator'\n"}]}]},{"type":"element","tag":"span","props":{"class":"line","line":6},"children":[{"type":"element","tag":"span","props":{"style":"--shiki-default:#D73A49;--shiki-dark:#F97583"},"children":[{"type":"text","value":"import"}]},{"type":"element","tag":"span","props":{"style":"--shiki-default:#032F62;--shiki-dark:#9ECBFF"},"children":[{"type":"text","value":" 'core-js/actual/promise'\n"}]}]},{"type":"element","tag":"span","props":{"class":"line","line":7},"children":[{"type":"element","tag":"span","props":{"style":"--shiki-default:#D73A49;--shiki-dark:#F97583"},"children":[{"type":"text","value":"import"}]},{"type":"element","tag":"span","props":{"style":"--shiki-default:#032F62;--shiki-dark:#9ECBFF"},"children":[{"type":"text","value":" 'core-js/actual/object/assign'\n"}]}]},{"type":"element","tag":"span","props":{"class":"line","line":8},"children":[{"type":"element","tag":"span","props":{"style":"--shiki-default:#D73A49;--shiki-dark:#F97583"},"children":[{"type":"text","value":"import"}]},{"type":"element","tag":"span","props":{"style":"--shiki-default:#032F62;--shiki-dark:#9ECBFF"},"children":[{"type":"text","value":" 'core-js/actual/promise/finally'\n"}]}]},{"type":"element","tag":"span","props":{"class":"line","line":9},"children":[{"type":"element","tag":"span","props":{"emptyLinePlaceholder":true},"children":[{"type":"text","value":"\n"}]}]},{"type":"element","tag":"span","props":{"class":"line","line":10},"children":[{"type":"element","tag":"span","props":{"style":"--shiki-default:#D73A49;--shiki-dark:#F97583"},"children":[{"type":"text","value":"export"}]},{"type":"element","tag":"span","props":{"style":"--shiki-default:#D73A49;--shiki-dark:#F97583"},"children":[{"type":"text","value":" function"}]},{"type":"element","tag":"span","props":{"style":"--shiki-default:#6F42C1;--shiki-dark:#B392F0"},"children":[{"type":"text","value":" createApp"}]},{"type":"element","tag":"span","props":{"style":"--shiki-default:#24292E;--shiki-dark:#E1E4E8"},"children":[{"type":"text","value":"() {\n"}]}]},{"type":"element","tag":"span","props":{"class":"line","line":11},"children":[{"type":"element","tag":"span","props":{"style":"--shiki-default:#D73A49;--shiki-dark:#F97583"},"children":[{"type":"text","value":"  const"}]},{"type":"element","tag":"span","props":{"style":"--shiki-default:#005CC5;--shiki-dark:#79B8FF"},"children":[{"type":"text","value":" app"}]},{"type":"element","tag":"span","props":{"style":"--shiki-default:#D73A49;--shiki-dark:#F97583"},"children":[{"type":"text","value":" ="}]},{"type":"element","tag":"span","props":{"style":"--shiki-default:#6F42C1;--shiki-dark:#B392F0"},"children":[{"type":"text","value":" createSSRApp"}]},{"type":"element","tag":"span","props":{"style":"--shiki-default:#24292E;--shiki-dark:#E1E4E8"},"children":[{"type":"text","value":"(App)\n"}]}]},{"type":"element","tag":"span","props":{"class":"line","line":12},"children":[{"type":"element","tag":"span","props":{"style":"--shiki-default:#D73A49;--shiki-dark:#F97583"},"children":[{"type":"text","value":"  return"}]},{"type":"element","tag":"span","props":{"style":"--shiki-default:#24292E;--shiki-dark:#E1E4E8"},"children":[{"type":"text","value":" {\n"}]}]},{"type":"element","tag":"span","props":{"class":"line","line":13},"children":[{"type":"element","tag":"span","props":{"style":"--shiki-default:#24292E;--shiki-dark:#E1E4E8"},"children":[{"type":"text","value":"    app,\n"}]}]},{"type":"element","tag":"span","props":{"class":"line","line":14},"children":[{"type":"element","tag":"span","props":{"style":"--shiki-default:#24292E;--shiki-dark:#E1E4E8"},"children":[{"type":"text","value":"  }\n"}]}]},{"type":"element","tag":"span","props":{"class":"line","line":15},"children":[{"type":"element","tag":"span","props":{"style":"--shiki-default:#24292E;--shiki-dark:#E1E4E8"},"children":[{"type":"text","value":"}\n"}]}]}]}]},{"type":"element","tag":"p","props":{},"children":[{"type":"text","value":"微信小程序的 JavaScript 支持度见 "},{"type":"element","tag":"a","props":{"href":"https://github.com/wechat-miniprogram/miniprogram-compat","rel":["nofollow"]},"children":[{"type":"text","value":"wechat-miniprogram/miniprogram-compat"}]},{"type":"text","value":"。微信小程序要支持 "},{"type":"element","tag":"code","props":{"className":[]},"children":[{"type":"text","value":"vue3"}]},{"type":"text","value":"，需设置基础库最低版本为 2.11.2 或以上，2.11.2 对应 "},{"type":"element","tag":"code","props":{"className":[]},"children":[{"type":"text","value":"chrome>=53,ios>=10"}]},{"type":"text","value":"。"}]},{"type":"element","tag":"h2","props":{"id":"eventbus"},"children":[{"type":"text","value":"EventBus"}]},{"type":"element","tag":"p","props":{},"children":[{"type":"text","value":"如果你想使用 "},{"type":"element","tag":"code","props":{"className":[]},"children":[{"type":"text","value":"EventBus"}]},{"type":"text","value":"，请考虑使用 "},{"type":"element","tag":"a","props":{"href":"https://vueuse.org/core/useeventbus/#useeventbus","rel":["nofollow"]},"children":[{"type":"text","value":"VueUse - useEventBus"}]},{"type":"text","value":"、"},{"type":"element","tag":"a","props":{"href":"https://github.com/developit/mitt","rel":["nofollow"]},"children":[{"type":"text","value":"mitt"}]},{"type":"text","value":" 或 "},{"type":"element","tag":"a","props":{"href":"https://github.com/ai/nanoevents","rel":["nofollow"]},"children":[{"type":"text","value":"nanoevents"}]},{"type":"text","value":"。这个库不再重复提供类似功能。"}]},{"type":"element","tag":"style","props":{},"children":[{"type":"text","value":"html .default .shiki span {color: var(--shiki-default);background: var(--shiki-default-bg);font-style: var(--shiki-default-font-style);font-weight: var(--shiki-default-font-weight);text-decoration: var(--shiki-default-text-decoration);}html .shiki span {color: var(--shiki-default);background: var(--shiki-default-bg);font-style: var(--shiki-default-font-style);font-weight: var(--shiki-default-font-weight);text-decoration: var(--shiki-default-text-decoration);}html .dark .shiki span {color: var(--shiki-dark);background: var(--shiki-dark-bg);font-style: var(--shiki-dark-font-style);font-weight: var(--shiki-dark-font-weight);text-decoration: var(--shiki-dark-text-decoration);}html.dark .shiki span {color: var(--shiki-dark);background: var(--shiki-dark-bg);font-style: var(--shiki-dark-font-style);font-weight: var(--shiki-dark-font-weight);text-decoration: var(--shiki-dark-text-decoration);}"}]}],"toc":{"title":"","searchDepth":2,"depth":2,"links":[{"id":"限制","depth":2,"text":"限制"},{"id":"构建","depth":2,"text":"构建"},{"id":"eventbus","depth":2,"text":"EventBus"}]}},"_type":"markdown","_id":"content:uni-use:1.guide:2.notice.md","_source":"content","_file":"uni-use/1.guide/2.notice.md","_stem":"uni-use/1.guide/2.notice","_extension":"md"}