[{"_path":"/uni-use/api/useglobaldata","_dir":"api","_draft":false,"_partial":false,"_locale":"","title":"useGlobalData","description":"获取和设置当前应用实例的 globalData。你需要将默认值作为第一个参数传入。","_type":"markdown","_id":"content:uni-use:2.api:useGlobalData.md","_source":"content","_file":"uni-use/2.api/useGlobalData.md","_stem":"uni-use/2.api/useGlobalData","_extension":"md"},{"_path":"/uni-use/api/useloading","_dir":"api","_draft":false,"_partial":false,"_locale":"","title":"useLoading","description":"返回一个对象，包含两个方法。其中showLoading 调用后显示加载提示框，hideLoading 调用后隐藏加载提示框。","_type":"markdown","_id":"content:uni-use:2.api:useLoading.md","_source":"content","_file":"uni-use/2.api/useLoading.md","_stem":"uni-use/2.api/useLoading","_extension":"md"}]