{"_path":"/uni-use/api/userequest","_dir":"api","_draft":false,"_partial":false,"_locale":"","title":"useRequest","description":"uni.request 的封装，对标 @vueuse/core v10.7.1。使用方法参见 https://vueuse.org/integrations/useAxios/。","body":{"type":"root","children":[{"type":"element","tag":"h1","props":{"id":"userequest"},"children":[{"type":"text","value":"useRequest"}]},{"type":"element","tag":"p","props":{},"children":[{"type":"element","tag":"code","props":{"className":[]},"children":[{"type":"text","value":"uni.request"}]},{"type":"text","value":" 的封装，对标 "},{"type":"element","tag":"code","props":{"className":[]},"children":[{"type":"text","value":"@vueuse/core"}]},{"type":"text","value":" v10.7.1。使用方法参见 "},{"type":"element","tag":"a","props":{"href":"https://vueuse.org/integrations/useAxios/","rel":["nofollow"]},"children":[{"type":"text","value":"https://vueuse.org/integrations/useAxios/"}]},{"type":"text","value":"。"}]},{"type":"element","tag":"p","props":{},"children":[{"type":"element","tag":"strong","props":{},"children":[{"type":"text","value":"返回值中含有 task，可自行操作。"}]}]}],"toc":{"title":"","searchDepth":2,"depth":2,"links":[]}},"_type":"markdown","_id":"content:uni-use:2.api:useRequest.md","_source":"content","_file":"uni-use/2.api/useRequest.md","_stem":"uni-use/2.api/useRequest","_extension":"md"}