{"_path":"/uni-typed/guide/getting-started","_dir":"guide","_draft":false,"_partial":false,"_locale":"","title":"起步","description":"为 uni-app 提供 TypeScript 类型定义，提升开发效率。","icon":"lucide:rocket","navTruncate":false,"badges":[{"value":"npm","to":"https://www.npmjs.com/package/@uni-helper/uni-typed","target":"_blank"},{"value":"source","icon":"lucide:code","to":"https://github.com/uni-helper/uni-typed","target":"_blank"}],"body":{"type":"root","children":[{"type":"element","tag":"h2","props":{"id":"概览"},"children":[{"type":"text","value":"概览"}]},{"type":"element","tag":"p","props":{},"children":[{"type":"element","tag":"code","props":{"className":[]},"children":[{"type":"text","value":"@uni-helper/uni-typed"}]},{"type":"text","value":" 是一个为 "},{"type":"element","tag":"a","props":{"href":"https://uniapp.dcloud.io/","rel":["nofollow"]},"children":[{"type":"text","value":"uni-app"}]},{"type":"text","value":" 打造的 TypeScript 支持库，包含几个子包："}]},{"type":"element","tag":"table","props":{},"children":[{"type":"element","tag":"thead","props":{},"children":[{"type":"element","tag":"tr","props":{},"children":[{"type":"element","tag":"th","props":{},"children":[{"type":"text","value":"名称"}]},{"type":"element","tag":"th","props":{},"children":[{"type":"text","value":"描述"}]}]}]},{"type":"element","tag":"tbody","props":{},"children":[{"type":"element","tag":"tr","props":{},"children":[{"type":"element","tag":"td","props":{},"children":[{"type":"element","tag":"a","props":{"href":"/uni-typed/guide/uni-app-types"},"children":[{"type":"text","value":"@uni-helper/uni-app-types"}]}]},{"type":"element","tag":"td","props":{},"children":[{"type":"text","value":"为 Vue v3 uni-app 组件提供 TypeScript 类型。"}]}]},{"type":"element","tag":"tr","props":{},"children":[{"type":"element","tag":"td","props":{},"children":[{"type":"element","tag":"a","props":{"href":"/uni-typed/guide/uni-cloud-types"},"children":[{"type":"text","value":"@uni-helper/uni-cloud-types"}]}]},{"type":"element","tag":"td","props":{},"children":[{"type":"text","value":"为 Vue v3 uni-cloud 组件提供 TypeScript 类型。"}]}]},{"type":"element","tag":"tr","props":{},"children":[{"type":"element","tag":"td","props":{},"children":[{"type":"element","tag":"a","props":{"href":"/uni-typed/guide/uni-ui-types"},"children":[{"type":"text","value":"@uni-helper/uni-ui-types"}]}]},{"type":"element","tag":"td","props":{},"children":[{"type":"text","value":"为 Vue v3 uni-ui 组件提供 TypeScript 类型。"}]}]},{"type":"element","tag":"tr","props":{},"children":[{"type":"element","tag":"td","props":{},"children":[{"type":"element","tag":"a","props":{"href":"/uni-typed/guide/uni-types"},"children":[{"type":"text","value":"@uni-helper/uni-types"}]}]},{"type":"element","tag":"td","props":{},"children":[{"type":"text","value":"为 Vue v3 uni-app、uni-cloud 和 uni-ui 组件提供 TypeScript 类型支持，即以上三者的集合。"}]}]},{"type":"element","tag":"tr","props":{},"children":[{"type":"element","tag":"td","props":{},"children":[{"type":"element","tag":"a","props":{"href":"/uni-typed/guide/uni-app-components"},"children":[{"type":"text","value":"@uni-helper/uni-app-components"}]}]},{"type":"element","tag":"td","props":{},"children":[{"type":"text","value":"WIP 基于 @uni-helper/uni-app-types 封装 Vue v3 uni-app 组件。"}]}]},{"type":"element","tag":"tr","props":{},"children":[{"type":"element","tag":"td","props":{},"children":[{"type":"element","tag":"a","props":{"href":"/uni-typed/guide/uni-cloud-components"},"children":[{"type":"text","value":"@uni-helper/uni-cloud-components"}]}]},{"type":"element","tag":"td","props":{},"children":[{"type":"text","value":"WIP 基于 @uni-helper/uni-cloud-types 封装 Vue v3 uni-cloud 组件。"}]}]},{"type":"element","tag":"tr","props":{},"children":[{"type":"element","tag":"td","props":{},"children":[{"type":"element","tag":"a","props":{"href":"/uni-typed/guide/uni-ui-components"},"children":[{"type":"text","value":"@uni-helper/uni-ui-components"}]}]},{"type":"element","tag":"td","props":{},"children":[{"type":"text","value":"WIP 基于 @uni-helper/uni-ui-types 封装 Vue v3 uni-ui 组件。"}]}]},{"type":"element","tag":"tr","props":{},"children":[{"type":"element","tag":"td","props":{},"children":[{"type":"element","tag":"a","props":{"href":"/uni-typed/guide/uni-components"},"children":[{"type":"text","value":"@uni-helper/uni-components"}]}]},{"type":"element","tag":"td","props":{},"children":[{"type":"text","value":"WIP 基于 @uni-helper/uni-app-types 封装 Vue v3 uni-app 组件、基于 @uni-helper/uni-cloud-types 封装 Vue v3 uni-cloud 组件、基于 @uni-helper/uni-ui-types 封装 Vue v3 uni-ui 组件，即以上三者的集合。"}]}]}]}]},{"type":"element","tag":"h2","props":{"id":"致谢"},"children":[{"type":"text","value":"致谢"}]},{"type":"element","tag":"p","props":{},"children":[{"type":"text","value":"最初在 "},{"type":"element","tag":"a","props":{"href":"https://github.com/satrong/uni-base-components-types","rel":["nofollow"]},"children":[{"type":"text","value":"uni-base-components-types"}]},{"type":"text","value":" 得到了灵感。"}]},{"type":"element","tag":"p","props":{},"children":[{"type":"text","value":"基于 "},{"type":"element","tag":"a","props":{"href":"https://github.com/satrong/uni-base-components-types/pull/5","rel":["nofollow"]},"children":[{"type":"text","value":"这个 PR"}]},{"type":"text","value":" 完成。"}]},{"type":"element","tag":"h2","props":{"id":"贡献者们"},"children":[{"type":"text","value":"贡献者们"}]},{"type":"element","tag":"p","props":{},"children":[{"type":"text","value":"该项目由 "},{"type":"element","tag":"a","props":{"href":"https://github.com/ModyQyW","rel":["nofollow"]},"children":[{"type":"text","value":"ModyQyW"}]},{"type":"text","value":" 创建。"}]},{"type":"element","tag":"p","props":{},"children":[{"type":"text","value":"感谢 "},{"type":"element","tag":"a","props":{"href":"https://github.com/uni-helper/uni-typed/graphs/contributors","rel":["nofollow"]},"children":[{"type":"text","value":"所有贡献者"}]},{"type":"text","value":" 的付出！"}]}],"toc":{"title":"","searchDepth":2,"depth":2,"links":[{"id":"概览","depth":2,"text":"概览"},{"id":"致谢","depth":2,"text":"致谢"},{"id":"贡献者们","depth":2,"text":"贡献者们"}]}},"_type":"markdown","_id":"content:uni-typed:1.guide:2.getting-started.md","_source":"content","_file":"uni-typed/1.guide/2.getting-started.md","_stem":"uni-typed/1.guide/2.getting-started","_extension":"md"}