[{"_path":"/uni-use/api/usestorage","_dir":"api","_draft":false,"_partial":false,"_locale":"","title":"useStorage","description":"uni-app 关于 异步 storage 操作 的封装。","_type":"markdown","_id":"content:uni-use:2.api:useStorage.md","_source":"content","_file":"uni-use/2.api/useStorage.md","_stem":"uni-use/2.api/useStorage","_extension":"md"},{"_path":"/uni-use/api/usestoragesync","_dir":"api","_draft":false,"_partial":false,"_locale":"","title":"useStorageSync","description":"uni-app 关于 同步 storage 操作 的封装。","_type":"markdown","_id":"content:uni-use:2.api:useStorageSync.md","_source":"content","_file":"uni-use/2.api/useStorageSync.md","_stem":"uni-use/2.api/useStorageSync","_extension":"md"}]