[{"_path":"/create-uni/mcp","_dir":"create-uni","_draft":false,"_partial":false,"_locale":"","title":"MCP服务","description":"create-uni的MCP（Model Context Protocol）服务，为AI助手提供创建uni-app项目的能力。","icon":"lucide:mouse-pointer-click","navTruncate":false,"navBadges":[{"value":"New","type":"lime"}],"badges":[{"value":"npm","to":"https://www.npmjs.com/package/create-uni","target":"_blank"},{"value":"source","icon":"lucide:code","to":"https://github.com/uni-helper/create-uni","target":"_blank"},{"value":"赞助","icon":"lucide:coffee","to":"https://afdian.com/a/flippedround","target":"_blank"}],"_type":"markdown","_id":"content:create-uni:4.mcp.md","_source":"content","_file":"create-uni/4.mcp.md","_stem":"create-uni/4.mcp","_extension":"md"},{"_path":"/hbuilderx-cli","_dir":"","_draft":false,"_partial":false,"_locale":"","title":"hbuilderx-cli","description":"HBuilderX cli 的 CJS/ESM 包装","icon":"carbon:chart-network","navTruncate":false,"badges":[{"value":"npm","to":"https://www.npmjs.com/package/@uni-helper/hbuilderx-cli","target":"_blank"},{"value":"source","icon":"lucide:code","to":"https://github.com/uni-helper/hbuilderx-cli","target":"_blank"}],"_type":"markdown","_id":"content:hbuilderx-cli:index.md","_source":"content","_file":"hbuilderx-cli/index.md","_stem":"hbuilderx-cli/index","_extension":"md"}]