{"_path":"/uni-network/other/build","_dir":"other","_draft":false,"_partial":false,"_locale":"","title":"构建与环境支持","description":"多平台构建配置指南","navTruncate":false,"icon":"material-symbols:build-outline-rounded","body":{"type":"root","children":[{"type":"element","tag":"p","props":{},"children":[{"type":"text","value":"目前 "},{"type":"element","tag":"code","props":{"className":[]},"children":[{"type":"text","value":"@uni-helper/uni-network"}]},{"type":"text","value":" 会使用 "},{"type":"element","tag":"code","props":{"className":[]},"children":[{"type":"text","value":"tsdown"}]},{"type":"text","value":" 将语法 Syntax 转译到 "},{"type":"element","tag":"code","props":{"className":[]},"children":[{"type":"text","value":"ES2017"}]},{"type":"text","value":"（即 "},{"type":"element","tag":"code","props":{"className":[]},"children":[{"type":"text","value":"ES8"}]},{"type":"text","value":"）。"},{"type":"element","tag":"code","props":{"className":[]},"children":[{"type":"text","value":"uni"}]},{"type":"text","value":" API 需要在项目构建时由 "},{"type":"element","tag":"code","props":{"className":[]},"children":[{"type":"text","value":"uni-app"}]},{"type":"text","value":" 官方提供的插件处理，其它 API 需要根据实际情况手动注入 Polyfill。"}]},{"type":"element","tag":"p","props":{},"children":[{"type":"text","value":"如果你希望提供更好的兼容性，请参考 "},{"type":"element","tag":"a","props":{"href":"https://vitesse-docs.netlify.app/getting-started/deployment#%E5%85%BC%E5%AE%B9%E6%80%A7","rel":["nofollow"]},"children":[{"type":"text","value":"这里"}]},{"type":"text","value":"。"}]}],"toc":{"title":"","searchDepth":2,"depth":2,"links":[]}},"_type":"markdown","_id":"content:uni-network:4.other:1.build.md","_source":"content","_file":"uni-network/4.other/1.build.md","_stem":"uni-network/4.other/1.build","_extension":"md"}