[{"_path":"/uni-network/advanced/enhancements","_dir":"advanced","_draft":false,"_partial":false,"_locale":"","title":"高级功能","description":"扩展能力与实用工具集","navTruncate":false,"icon":"lucide:bookmark-plus","_type":"markdown","_id":"content:uni-network:3.advanced:5.enhancements.md","_source":"content","_file":"uni-network/3.advanced/5.enhancements.md","_stem":"uni-network/3.advanced/5.enhancements","_extension":"md"},{"_path":"/uni-network/other/build","_dir":"other","_draft":false,"_partial":false,"_locale":"","title":"构建与环境支持","description":"多平台构建配置指南","navTruncate":false,"icon":"material-symbols:build-outline-rounded","_type":"markdown","_id":"content:uni-network:4.other:1.build.md","_source":"content","_file":"uni-network/4.other/1.build.md","_stem":"uni-network/4.other/1.build","_extension":"md"}]