[{"_path":"/uni-use/api/useonline","_dir":"api","_draft":false,"_partial":false,"_locale":"","title":"useOnline","description":"获取是否在线。基于 useNetwork。","_type":"markdown","_id":"content:uni-use:2.api:useOnline.md","_source":"content","_file":"uni-use/2.api/useOnline.md","_stem":"uni-use/2.api/useOnline","_extension":"md"},{"_path":"/uni-use/api/usepages","_dir":"api","_draft":false,"_partial":false,"_locale":"","title":"usePages","description":"获取当前页面栈信息。","_type":"markdown","_id":"content:uni-use:2.api:usePages.md","_source":"content","_file":"uni-use/2.api/usePages.md","_stem":"uni-use/2.api/usePages","_extension":"md"}]