[{"_path":"/vite-plugin-uni-components","_dir":"","_draft":false,"_partial":false,"_locale":"","title":"vite-plugin-uni-components","description":"从 unplugin-vue-components 派生并修改以适应UniApp。","navTruncate":false,"icon":"carbon:workspace-import","badges":[{"value":"npm","to":"https://www.npmjs.com/package/@uni-helper/vite-plugin-uni-components","target":"_blank"},{"value":"source","icon":"lucide:code","to":"https://github.com/uni-helper/vite-plugin-uni-components","target":"_blank"}],"_type":"markdown","_id":"content:vite-plugin-uni-components:index.md","_source":"content","_file":"vite-plugin-uni-components/index.md","_stem":"vite-plugin-uni-components/index","_extension":"md"},{"_path":"/vite-plugin-uni-manifest","_dir":"","_draft":false,"_partial":false,"_locale":"","title":"vite-plugin-uni-manifest","description":"使用 TypeScript 编写 uni-app 的 manifest.json。","navTruncate":false,"icon":"lucide:file-cog","badges":[{"value":"npm","to":"https://www.npmjs.com/package/@uni-helper/vite-plugin-uni-manifest","target":"_blank"},{"value":"source","icon":"lucide:code","to":"https://github.com/uni-helper/vite-plugin-uni-manifest","target":"_blank"}],"_type":"markdown","_id":"content:vite-plugin-uni-manifest:index.md","_source":"content","_file":"vite-plugin-uni-manifest/index.md","_stem":"vite-plugin-uni-manifest/index","_extension":"md"}]