[{"_path":"/unh/hooks","_dir":"unh","_draft":false,"_partial":false,"_locale":"","title":"自定义Hooks","description":"通过自定义hooks扩展unh功能，实现项目启动前后自定义逻辑","navTruncate":false,"icon":"carbon:webhook","badges":[{"value":"npm","to":"https://www.npmjs.com/package/@uni-helper/unh","target":"_blank"},{"value":"source","icon":"lucide:code","to":"https://github.com/uni-helper/unh","target":"_blank"}],"_type":"markdown","_id":"content:unh:3.hooks.md","_source":"content","_file":"unh/3.hooks.md","_stem":"unh/3.hooks","_extension":"md"},{"_path":"/unh/devtools","_dir":"unh","_draft":false,"_partial":false,"_locale":"","title":"小程序开发者工具","description":"配置自动打开小程序开发者工具","navTruncate":false,"icon":"carbon:development","badges":[{"value":"npm","to":"https://www.npmjs.com/package/@uni-helper/unh","target":"_blank"},{"value":"source","icon":"lucide:code","to":"https://github.com/uni-helper/unh","target":"_blank"}],"_type":"markdown","_id":"content:unh:5.devtools.md","_source":"content","_file":"unh/5.devtools.md","_stem":"unh/5.devtools","_extension":"md"}]