{"_path":"/vs-code/uni-helper-vscode","_dir":"vs-code","_draft":false,"_partial":false,"_locale":"","title":"uni-helper-vscode","description":"增强 uni-app 系列产品在 VSCode 内的体验","icon":"codicon-package","navTruncate":false,"badges":[{"value":"marketplace","to":"https://marketplace.visualstudio.com/items?itemName=uni-helper.uni-helper-vscode","target":"_blank"},{"value":"source","icon":"lucide:code","to":"https://github.com/uni-helper/uni-helper-vscode","target":"_blank"}],"body":{"type":"root","children":[{"type":"element","tag":"p","props":{},"children":[{"type":"text","value":"增强 "},{"type":"element","tag":"code","props":{"className":[]},"children":[{"type":"text","value":"uni-app"}]},{"type":"text","value":" 系列产品在 "},{"type":"element","tag":"code","props":{"className":[]},"children":[{"type":"text","value":"VSCode"}]},{"type":"text","value":" 内的体验。"}]},{"type":"element","tag":"p","props":{},"children":[{"type":"text","value":"想让 "},{"type":"element","tag":"code","props":{"className":[]},"children":[{"type":"text","value":"uni-app"}]},{"type":"text","value":" 开发变得更直观、高效？想要更好的 "},{"type":"element","tag":"code","props":{"className":[]},"children":[{"type":"text","value":"uni-app"}]},{"type":"text","value":" 开发体验？不妨看看 "},{"type":"element","tag":"a","props":{"href":"https://uni-helper.js.org","rel":["nofollow"]},"children":[{"type":"text","value":"uni-helper 主页"}]},{"type":"text","value":" 和 "},{"type":"element","tag":"a","props":{"href":"https://github.com/uni-helper","rel":["nofollow"]},"children":[{"type":"text","value":"uni-helper GitHub Organization"}]},{"type":"text","value":"！"}]},{"type":"element","tag":"h2","props":{"id":"插件特性"},"children":[{"type":"text","value":"插件特性"}]},{"type":"element","tag":"p","props":{},"children":[{"type":"text","value":"本插件实际上是以下几个插件的扩展包。"}]},{"type":"element","tag":"ul","props":{},"children":[{"type":"element","tag":"li","props":{},"children":[{"type":"element","tag":"a","props":{"href":"https://marketplace.visualstudio.com/items?itemName=uni-helper.uni-app-schemas-vscode","rel":["nofollow"]},"children":[{"type":"text","value":"uni-app-schemas"}]},{"type":"text","value":" - 校验 "},{"type":"element","tag":"code","props":{"className":[]},"children":[{"type":"text","value":"uni-app"}]},{"type":"text","value":" 中的 "},{"type":"element","tag":"code","props":{"className":[]},"children":[{"type":"text","value":"androidPrivacy.json"}]},{"type":"text","value":"、"},{"type":"element","tag":"code","props":{"className":[]},"children":[{"type":"text","value":"pages.json"}]},{"type":"text","value":" 和 "},{"type":"element","tag":"code","props":{"className":[]},"children":[{"type":"text","value":"manifest.json"}]},{"type":"text","value":" 格式，也可以直接在对应的文件中添加 "},{"type":"element","tag":"code","props":{"className":[]},"children":[{"type":"text","value":"$schema"}]},{"type":"text","value":" 来使用对应的 "},{"type":"element","tag":"code","props":{"className":[]},"children":[{"type":"text","value":"schema"}]},{"type":"text","value":" 文件"}]},{"type":"element","tag":"li","props":{},"children":[{"type":"element","tag":"a","props":{"href":"https://marketplace.visualstudio.com/items?itemName=uni-helper.uni-app-snippets-vscode","rel":["nofollow"]},"children":[{"type":"text","value":"uni-app-snippets"}]},{"type":"text","value":" - 提供 "},{"type":"element","tag":"code","props":{"className":[]},"children":[{"type":"text","value":"uni-app"}]},{"type":"text","value":" 基本能力代码片段"}]},{"type":"element","tag":"li","props":{},"children":[{"type":"element","tag":"a","props":{"href":"https://marketplace.visualstudio.com/items?itemName=uni-helper.uni-cloud-snippets-vscode","rel":["nofollow"]},"children":[{"type":"text","value":"uni-cloud-snippets"}]},{"type":"text","value":" - 提供 "},{"type":"element","tag":"code","props":{"className":[]},"children":[{"type":"text","value":"uni-cloud"}]},{"type":"text","value":" 基本能力代码片段"}]},{"type":"element","tag":"li","props":{},"children":[{"type":"element","tag":"a","props":{"href":"https://marketplace.visualstudio.com/items?itemName=uni-helper.uni-ui-snippets-vscode","rel":["nofollow"]},"children":[{"type":"text","value":"uni-ui-snippets"}]},{"type":"text","value":" - 提供 "},{"type":"element","tag":"code","props":{"className":[]},"children":[{"type":"text","value":"uni-ui"}]},{"type":"text","value":" 基本能力代码片段"}]},{"type":"element","tag":"li","props":{},"children":[{"type":"element","tag":"a","props":{"href":"https://marketplace.visualstudio.com/items?itemName=uni-helper.uni-highlight-vscode","rel":["nofollow"]},"children":[{"type":"text","value":"uni-highlight"}]},{"type":"text","value":" - 在 "},{"type":"element","tag":"code","props":{"className":[]},"children":[{"type":"text","value":"VSCode"}]},{"type":"text","value":" 中对条件编译的代码注释部分提供了语法高亮"}]}]},{"type":"element","tag":"p","props":{},"children":[{"type":"element","tag":"strong","props":{},"children":[{"type":"text","value":"插件和文档的冲突之处，请以文档为准。"}]}]},{"type":"element","tag":"p","props":{},"children":[{"type":"text","value":"插件源代码在 "},{"type":"element","tag":"a","props":{"href":"https://github.com/uni-helper/uni-helper-vscode","rel":["nofollow"]},"children":[{"type":"text","value":"uni-helper/uni-helper-vscode"}]},{"type":"text","value":"。欢迎提交 ISSUE 和 PR 改进本插件。"}]},{"type":"element","tag":"h2","props":{"id":"使用"},"children":[{"type":"text","value":"使用"}]},{"type":"element","tag":"p","props":{},"children":[{"type":"text","value":"安装插件后重启 VSCode 即可。"}]},{"type":"element","tag":"h2","props":{"id":"额外推荐"},"children":[{"type":"text","value":"额外推荐"}]},{"type":"element","tag":"h3","props":{"id":"uni-app"},"children":[{"type":"text","value":"uni-app"}]},{"type":"element","tag":"p","props":{},"children":[{"type":"text","value":"以下是 "},{"type":"element","tag":"code","props":{"className":[]},"children":[{"type":"text","value":"uni-app"}]},{"type":"text","value":" 插件推荐，请视情况安装。"}]},{"type":"element","tag":"ul","props":{},"children":[{"type":"element","tag":"li","props":{},"children":[{"type":"element","tag":"a","props":{"href":"https://marketplace.visualstudio.com/items?itemName=mrmaoddxxaa.create-uniapp-view","rel":["nofollow"]},"children":[{"type":"text","value":"create-uniapp-view"}]},{"type":"text","value":" - 快捷创建 "},{"type":"element","tag":"code","props":{"className":[]},"children":[{"type":"text","value":"uni-app"}]},{"type":"text","value":" 页面并添加到 "},{"type":"element","tag":"code","props":{"className":[]},"children":[{"type":"text","value":"pages.json"}]},{"type":"text","value":"，也可以快速创建 "},{"type":"element","tag":"code","props":{"className":[]},"children":[{"type":"text","value":"uni-app"}]},{"type":"text","value":" 组件"}]}]},{"type":"element","tag":"h3","props":{"id":"vue"},"children":[{"type":"text","value":"vue"}]},{"type":"element","tag":"p","props":{},"children":[{"type":"text","value":"以下是 "},{"type":"element","tag":"code","props":{"className":[]},"children":[{"type":"text","value":"vue"}]},{"type":"text","value":" 插件推荐，请视情况安装。"}]},{"type":"element","tag":"ul","props":{},"children":[{"type":"element","tag":"li","props":{},"children":[{"type":"element","tag":"a","props":{"href":"https://marketplace.visualstudio.com/items?itemName=vue.volar","rel":["nofollow"]},"children":[{"type":"text","value":"Volar"}]},{"type":"text","value":" - 请仔细阅读 "},{"type":"element","tag":"a","props":{"href":"https://cn.vuejs.org/guide/typescript/overview.html","rel":["nofollow"]},"children":[{"type":"text","value":"文档"}]},{"type":"text","value":"，并按照文档做相应的设置，目前官方更推荐使用 "},{"type":"element","tag":"code","props":{"className":[]},"children":[{"type":"text","value":"Volar"}]},{"type":"text","value":" 而不是 "},{"type":"element","tag":"code","props":{"className":[]},"children":[{"type":"text","value":"Vetur"}]}]}]},{"type":"element","tag":"h3","props":{"id":"开发"},"children":[{"type":"text","value":"开发"}]},{"type":"element","tag":"p","props":{},"children":[{"type":"text","value":"以下是个人开发插件推荐，请视情况安装。"}]},{"type":"element","tag":"ul","props":{},"children":[{"type":"element","tag":"li","props":{},"children":[{"type":"element","tag":"a","props":{"href":"https://marketplace.visualstudio.com/items?itemName=russell.any-rule","rel":["nofollow"]},"children":[{"type":"text","value":"any-rule"}]}]},{"type":"element","tag":"li","props":{},"children":[{"type":"element","tag":"a","props":{"href":"https://marketplace.visualstudio.com/items?itemName=antfu.auto-npx","rel":["nofollow"]},"children":[{"type":"text","value":"Auto NPX"}]}]},{"type":"element","tag":"li","props":{},"children":[{"type":"element","tag":"a","props":{"href":"https://marketplace.visualstudio.com/items?itemName=streetsidesoftware.code-spell-checker","rel":["nofollow"]},"children":[{"type":"text","value":"Code Spell Checker"}]}]},{"type":"element","tag":"li","props":{},"children":[{"type":"element","tag":"a","props":{"href":"https://marketplace.visualstudio.com/items?itemName=dotenv.dotenv-vscode","rel":["nofollow"]},"children":[{"type":"text","value":"DotENV Official + Vault"}]}]},{"type":"element","tag":"li","props":{},"children":[{"type":"element","tag":"a","props":{"href":"https://marketplace.visualstudio.com/items?itemName=EditorConfig.EditorConfig","rel":["nofollow"]},"children":[{"type":"text","value":"EditorConfig for VS Code"}]}]},{"type":"element","tag":"li","props":{},"children":[{"type":"element","tag":"a","props":{"href":"https://marketplace.visualstudio.com/items?itemName=dbaeumer.vscode-eslint","rel":["nofollow"]},"children":[{"type":"text","value":"ESLint"}]}]},{"type":"element","tag":"li","props":{},"children":[{"type":"element","tag":"a","props":{"href":"https://marketplace.visualstudio.com/items?itemName=mhutchie.git-graph","rel":["nofollow"]},"children":[{"type":"text","value":"Git Graph"}]}]},{"type":"element","tag":"li","props":{},"children":[{"type":"element","tag":"a","props":{"href":"https://marketplace.visualstudio.com/items?itemName=donjayamanne.githistory","rel":["nofollow"]},"children":[{"type":"text","value":"Git History"}]}]},{"type":"element","tag":"li","props":{},"children":[{"type":"element","tag":"a","props":{"href":"https://marketplace.visualstudio.com/items?itemName=carlthome.git-line-blame","rel":["nofollow"]},"children":[{"type":"text","value":"Git Line Blame"}]}]},{"type":"element","tag":"li","props":{},"children":[{"type":"element","tag":"a","props":{"href":"https://marketplace.visualstudio.com/items?itemName=antfu.goto-alias","rel":["nofollow"]},"children":[{"type":"text","value":"Goto definition alias"}]}]},{"type":"element","tag":"li","props":{},"children":[{"type":"element","tag":"a","props":{"href":"https://marketplace.visualstudio.com/items?itemName=Lokalise.i18n-ally","rel":["nofollow"]},"children":[{"type":"text","value":"i18n Ally"}]}]},{"type":"element","tag":"li","props":{},"children":[{"type":"element","tag":"a","props":{"href":"https://marketplace.visualstudio.com/items?itemName=kisstkondoros.vscode-gutter-preview","rel":["nofollow"]},"children":[{"type":"text","value":"Image preview"}]}]},{"type":"element","tag":"li","props":{},"children":[{"type":"element","tag":"a","props":{"href":"https://marketplace.visualstudio.com/items?itemName=yzhang.markdown-all-in-one","rel":["nofollow"]},"children":[{"type":"text","value":"Markdown All in One"}]}]},{"type":"element","tag":"li","props":{},"children":[{"type":"element","tag":"a","props":{"href":"https://marketplace.visualstudio.com/items?itemName=shd101wyy.markdown-preview-enhanced","rel":["nofollow"]},"children":[{"type":"text","value":"Markdown Preview Enhanced"}]}]},{"type":"element","tag":"li","props":{},"children":[{"type":"element","tag":"a","props":{"href":"https://marketplace.visualstudio.com/items?itemName=DavidAnson.vscode-markdownlint","rel":["nofollow"]},"children":[{"type":"text","value":"markdownlint"}]}]},{"type":"element","tag":"li","props":{},"children":[{"type":"element","tag":"a","props":{"href":"https://marketplace.visualstudio.com/items?itemName=ryu1kn.partial-diff","rel":["nofollow"]},"children":[{"type":"text","value":"Partial Diff"}]}]},{"type":"element","tag":"li","props":{},"children":[{"type":"element","tag":"a","props":{"href":"https://marketplace.visualstudio.com/items?itemName=esbenp.prettier-vscode","rel":["nofollow"]},"children":[{"type":"text","value":"Prettier"}]}]},{"type":"element","tag":"li","props":{},"children":[{"type":"element","tag":"a","props":{"href":"https://marketplace.visualstudio.com/items?itemName=stylelint.vscode-stylelint","rel":["nofollow"]},"children":[{"type":"text","value":"Stylelint"}]}]},{"type":"element","tag":"li","props":{},"children":[{"type":"element","tag":"a","props":{"href":"https://marketplace.visualstudio.com/items?itemName=jock.svg","rel":["nofollow"]},"children":[{"type":"text","value":"SVG"}]}]},{"type":"element","tag":"li","props":{},"children":[{"type":"element","tag":"a","props":{"href":"https://marketplace.visualstudio.com/items?itemName=bradlc.vscode-tailwindcss","rel":["nofollow"]},"children":[{"type":"text","value":"Tailwind CSS IntelliSense"}]}]},{"type":"element","tag":"li","props":{},"children":[{"type":"element","tag":"a","props":{"href":"https://marketplace.visualstudio.com/items?itemName=Gruntfuggly.todo-tree","rel":["nofollow"]},"children":[{"type":"text","value":"Todo Tree"}]}]},{"type":"element","tag":"li","props":{},"children":[{"type":"element","tag":"a","props":{"href":"https://marketplace.visualstudio.com/items?itemName=johnsoncodehk.vscode-tsconfig-helper","rel":["nofollow"]},"children":[{"type":"text","value":"TSConfig Helper"}]}]},{"type":"element","tag":"li","props":{},"children":[{"type":"element","tag":"a","props":{"href":"https://marketplace.visualstudio.com/items?itemName=antfu.unocss","rel":["nofollow"]},"children":[{"type":"text","value":"UnoCSS"}]}]},{"type":"element","tag":"li","props":{},"children":[{"type":"element","tag":"a","props":{"href":"https://marketplace.visualstudio.com/items?itemName=redhat.vscode-yaml","rel":["nofollow"]},"children":[{"type":"text","value":"YAML"}]}]}]}],"toc":{"title":"","searchDepth":2,"depth":2,"links":[{"id":"插件特性","depth":2,"text":"插件特性"},{"id":"使用","depth":2,"text":"使用"},{"id":"额外推荐","depth":2,"text":"额外推荐","children":[{"id":"uni-app","depth":3,"text":"uni-app"},{"id":"vue","depth":3,"text":"vue"},{"id":"开发","depth":3,"text":"开发"}]}]}},"_type":"markdown","_id":"content:vs-code:1.uni-helper-vscode.md","_source":"content","_file":"vs-code/1.uni-helper-vscode.md","_stem":"vs-code/1.uni-helper-vscode","_extension":"md"}