[{"_path":"/uni-env","_dir":"","_draft":false,"_partial":false,"_locale":"","title":"uni-env","description":"在 uni-app 中优雅地判断当前环境。","icon":"carbon:chart-network","navTruncate":false,"badges":[{"value":"npm","to":"https://www.npmjs.com/package/@uni-helper/uni-env","target":"_blank"},{"value":"source","icon":"lucide:code","to":"https://github.com/uni-helper/uni-env","target":"_blank"}],"_type":"markdown","_id":"content:uni-env:index.md","_source":"content","_file":"uni-env/index.md","_stem":"uni-env/index","_extension":"md"},{"_path":"/uni-network/guide/installation","_dir":"guide","_draft":false,"_partial":false,"_locale":"","title":"起步","description":"安装 @uni-helper/uni-network","navTruncate":false,"icon":"lucide:rocket","_type":"markdown","_id":"content:uni-network:1.guide:2.installation.md","_source":"content","_file":"uni-network/1.guide/2.installation.md","_stem":"uni-network/1.guide/2.installation","_extension":"md"}]