[{"_path":"/vitesse-uni-app/guide/typescript","_dir":"guide","_draft":false,"_partial":false,"_locale":"","title":"TypeScript","description":"我们通过 @dcloudio/types 和 @uni-helper/uni-app-types 提供了 fully typed","navTruncate":false,"icon":"hugeicons:typescript-01","_type":"markdown","_id":"content:vitesse-uni-app:2.guide:3.typescript.md","_source":"content","_file":"vitesse-uni-app/2.guide/3.typescript.md","_stem":"vitesse-uni-app/2.guide/3.typescript","_extension":"md"},{"_path":"/vs-code/uni-highlight-vscode","_dir":"vs-code","_draft":false,"_partial":false,"_locale":"","title":"uni-highlight-vscode","description":"为VS Code条件编译语法高亮支持","icon":"carbon:text-highlight","navTruncate":false,"badges":[{"value":"marketplace","to":"https://marketplace.visualstudio.com/items?itemName=uni-helper.uni-highlight-vscode","target":"_blank"},{"value":"source","icon":"lucide:code","to":"https://github.com/uni-helper/uni-highlight-vscode","target":"_blank"}],"_type":"markdown","_id":"content:vs-code:2.uni-highlight-vscode.md","_source":"content","_file":"vs-code/2.uni-highlight-vscode.md","_stem":"vs-code/2.uni-highlight-vscode","_extension":"md"}]