[{"_path":"/vitesse-uni-app/getting-started/deployment","_dir":"getting-started","_draft":false,"_partial":false,"_locale":"","title":"部署","description":"对于 uni-app 来说，部署即打包和发行。","navTruncate":false,"icon":"material-symbols:deployed-code-update-outline-rounded","_type":"markdown","_id":"content:vitesse-uni-app:1.getting-started:7.deployment.md","_source":"content","_file":"vitesse-uni-app/1.getting-started/7.deployment.md","_stem":"vitesse-uni-app/1.getting-started/7.deployment","_extension":"md"},{"_path":"/vitesse-uni-app/guide/uniapp-development","_dir":"guide","_draft":false,"_partial":false,"_locale":"","title":"uni-app 开发","description":"本模板的核心是 uni-app 和 Vue。得益于 Uni Helper 在其基础上构建的开源生态，我们为其添加了组件自动导入、基于文件的路由等等功能","navTruncate":false,"icon":"ri:tools-line","_type":"markdown","_id":"content:vitesse-uni-app:2.guide:2.uniapp-development.md","_source":"content","_file":"vitesse-uni-app/2.guide/2.uniapp-development.md","_stem":"vitesse-uni-app/2.guide/2.uniapp-development","_extension":"md"}]