{"_path":"/vite-plugin-uni-pages/option","_dir":"vite-plugin-uni-pages","_draft":false,"_partial":false,"_locale":"","title":"配置","description":"插件配置","navTruncate":false,"icon":"lucide:option","badges":[{"value":"npm","to":"https://www.npmjs.com/package/@uni-helper/vite-plugin-uni-pages","target":"_blank"},{"value":"source","icon":"lucide:code","to":"https://github.com/uni-helper/vite-plugin-uni-pages","target":"_blank"}],"body":{"type":"root","children":[{"type":"element","tag":"h2","props":{"id":"配置"},"children":[{"type":"text","value":"配置"}]},{"type":"element","tag":"pre","props":{"className":"language-ts shiki shiki-themes github-light github-dark","code":"export interface Options {\n  /**\n   * 为页面路径生成 TypeScript 声明\n   *\n   * 接受布尔值或与相对项目根目录的路径\n   *\n   * 默认为 uni-pages.d.ts\n   *\n   * @default true\n   */\n  dts?: boolean | string\n\n  /**\n   * 配置文件\n   * @default 'pages.config.(ts|mts|cts|js|cjs|mjs|json)',\n   */\n  configSource: ConfigSource\n\n  /**\n   * 设置默认路由入口\n   * @default 'pages/index' || 'pages/index/index'\n   */\n  homePage: string\n\n  /**\n   * 是否扫描并合并 pages.json 中 pages 字段\n   * @default true\n   */\n  mergePages: boolean\n\n  /**\n   * 扫描的目录\n   * @default 'src/pages'\n   */\n  dir: string\n\n  /**\n   * subPackages 扫描的目录，例如：src/pages-sub\n   */\n  subPackages: string[]\n\n  /**\n   * 输出 pages.json 目录\n   * @default \"src\"\n   */\n  outDir: string\n\n  /**\n   * 排除的页面，相对于 dir 和 subPackages\n   * @default []\n   * @example ['**/components/**/*.*']\n   */\n   */\n  exclude: string[]\n\n  /**\n   * 自定义块语言\n   * @default 'json5'\n   */\n  routeBlockLang: 'json5' | 'jsonc' | 'json' | 'yaml' | 'yml'\n\n  onBeforeLoadUserConfig: (ctx: PageContext) => void\n  onAfterLoadUserConfig: (ctx: PageContext) => void\n  onBeforeScanPages: (ctx: PageContext) => void\n  onAfterScanPages: (ctx: PageContext) => void\n  onBeforeMergePageMetaData: (ctx: PageContext) => void\n  onAfterMergePageMetaData: (ctx: PageContext) => void\n  onBeforeWriteFile: (ctx: PageContext) => void\n  onAfterWriteFile: (ctx: PageContext) => void\n}\n","language":"ts","meta":"","style":""},"children":[{"type":"element","tag":"code","props":{"__ignoreMap":""},"children":[{"type":"element","tag":"span","props":{"class":"line","line":1},"children":[{"type":"element","tag":"span","props":{"style":"--shiki-default:#D73A49;--shiki-dark:#F97583"},"children":[{"type":"text","value":"export"}]},{"type":"element","tag":"span","props":{"style":"--shiki-default:#D73A49;--shiki-dark:#F97583"},"children":[{"type":"text","value":" interface"}]},{"type":"element","tag":"span","props":{"style":"--shiki-default:#6F42C1;--shiki-dark:#B392F0"},"children":[{"type":"text","value":" Options"}]},{"type":"element","tag":"span","props":{"style":"--shiki-default:#24292E;--shiki-dark:#E1E4E8"},"children":[{"type":"text","value":" {\n"}]}]},{"type":"element","tag":"span","props":{"class":"line","line":2},"children":[{"type":"element","tag":"span","props":{"style":"--shiki-default:#6A737D;--shiki-dark:#6A737D"},"children":[{"type":"text","value":"  /**\n"}]}]},{"type":"element","tag":"span","props":{"class":"line","line":3},"children":[{"type":"element","tag":"span","props":{"style":"--shiki-default:#6A737D;--shiki-dark:#6A737D"},"children":[{"type":"text","value":"   * 为页面路径生成 TypeScript 声明\n"}]}]},{"type":"element","tag":"span","props":{"class":"line","line":4},"children":[{"type":"element","tag":"span","props":{"style":"--shiki-default:#6A737D;--shiki-dark:#6A737D"},"children":[{"type":"text","value":"   *\n"}]}]},{"type":"element","tag":"span","props":{"class":"line","line":5},"children":[{"type":"element","tag":"span","props":{"style":"--shiki-default:#6A737D;--shiki-dark:#6A737D"},"children":[{"type":"text","value":"   * 接受布尔值或与相对项目根目录的路径\n"}]}]},{"type":"element","tag":"span","props":{"class":"line","line":6},"children":[{"type":"element","tag":"span","props":{"style":"--shiki-default:#6A737D;--shiki-dark:#6A737D"},"children":[{"type":"text","value":"   *\n"}]}]},{"type":"element","tag":"span","props":{"class":"line","line":7},"children":[{"type":"element","tag":"span","props":{"style":"--shiki-default:#6A737D;--shiki-dark:#6A737D"},"children":[{"type":"text","value":"   * 默认为 uni-pages.d.ts\n"}]}]},{"type":"element","tag":"span","props":{"class":"line","line":8},"children":[{"type":"element","tag":"span","props":{"style":"--shiki-default:#6A737D;--shiki-dark:#6A737D"},"children":[{"type":"text","value":"   *\n"}]}]},{"type":"element","tag":"span","props":{"class":"line","line":9},"children":[{"type":"element","tag":"span","props":{"style":"--shiki-default:#6A737D;--shiki-dark:#6A737D"},"children":[{"type":"text","value":"   * "}]},{"type":"element","tag":"span","props":{"style":"--shiki-default:#D73A49;--shiki-dark:#F97583"},"children":[{"type":"text","value":"@default"}]},{"type":"element","tag":"span","props":{"style":"--shiki-default:#24292E;--shiki-dark:#E1E4E8"},"children":[{"type":"text","value":" true\n"}]}]},{"type":"element","tag":"span","props":{"class":"line","line":10},"children":[{"type":"element","tag":"span","props":{"style":"--shiki-default:#6A737D;--shiki-dark:#6A737D"},"children":[{"type":"text","value":"   */\n"}]}]},{"type":"element","tag":"span","props":{"class":"line","line":11},"children":[{"type":"element","tag":"span","props":{"style":"--shiki-default:#E36209;--shiki-dark:#FFAB70"},"children":[{"type":"text","value":"  dts"}]},{"type":"element","tag":"span","props":{"style":"--shiki-default:#D73A49;--shiki-dark:#F97583"},"children":[{"type":"text","value":"?:"}]},{"type":"element","tag":"span","props":{"style":"--shiki-default:#005CC5;--shiki-dark:#79B8FF"},"children":[{"type":"text","value":" boolean"}]},{"type":"element","tag":"span","props":{"style":"--shiki-default:#D73A49;--shiki-dark:#F97583"},"children":[{"type":"text","value":" |"}]},{"type":"element","tag":"span","props":{"style":"--shiki-default:#005CC5;--shiki-dark:#79B8FF"},"children":[{"type":"text","value":" string\n"}]}]},{"type":"element","tag":"span","props":{"class":"line","line":12},"children":[{"type":"element","tag":"span","props":{"emptyLinePlaceholder":true},"children":[{"type":"text","value":"\n"}]}]},{"type":"element","tag":"span","props":{"class":"line","line":13},"children":[{"type":"element","tag":"span","props":{"style":"--shiki-default:#6A737D;--shiki-dark:#6A737D"},"children":[{"type":"text","value":"  /**\n"}]}]},{"type":"element","tag":"span","props":{"class":"line","line":14},"children":[{"type":"element","tag":"span","props":{"style":"--shiki-default:#6A737D;--shiki-dark:#6A737D"},"children":[{"type":"text","value":"   * 配置文件\n"}]}]},{"type":"element","tag":"span","props":{"class":"line","line":15},"children":[{"type":"element","tag":"span","props":{"style":"--shiki-default:#6A737D;--shiki-dark:#6A737D"},"children":[{"type":"text","value":"   * "}]},{"type":"element","tag":"span","props":{"style":"--shiki-default:#D73A49;--shiki-dark:#F97583"},"children":[{"type":"text","value":"@default"}]},{"type":"element","tag":"span","props":{"style":"--shiki-default:#032F62;--shiki-dark:#9ECBFF"},"children":[{"type":"text","value":" '"}]},{"type":"element","tag":"span","props":{"style":"--shiki-default:#24292E;--shiki-dark:#E1E4E8"},"children":[{"type":"text","value":"pages.config.(ts|mts|cts|js|cjs|mjs|json)"}]},{"type":"element","tag":"span","props":{"style":"--shiki-default:#032F62;--shiki-dark:#9ECBFF"},"children":[{"type":"text","value":"'"}]},{"type":"element","tag":"span","props":{"style":"--shiki-default:#6A737D;--shiki-dark:#6A737D"},"children":[{"type":"text","value":",\n"}]}]},{"type":"element","tag":"span","props":{"class":"line","line":16},"children":[{"type":"element","tag":"span","props":{"style":"--shiki-default:#6A737D;--shiki-dark:#6A737D"},"children":[{"type":"text","value":"   */\n"}]}]},{"type":"element","tag":"span","props":{"class":"line","line":17},"children":[{"type":"element","tag":"span","props":{"style":"--shiki-default:#E36209;--shiki-dark:#FFAB70"},"children":[{"type":"text","value":"  configSource"}]},{"type":"element","tag":"span","props":{"style":"--shiki-default:#D73A49;--shiki-dark:#F97583"},"children":[{"type":"text","value":":"}]},{"type":"element","tag":"span","props":{"style":"--shiki-default:#6F42C1;--shiki-dark:#B392F0"},"children":[{"type":"text","value":" ConfigSource\n"}]}]},{"type":"element","tag":"span","props":{"class":"line","line":18},"children":[{"type":"element","tag":"span","props":{"emptyLinePlaceholder":true},"children":[{"type":"text","value":"\n"}]}]},{"type":"element","tag":"span","props":{"class":"line","line":19},"children":[{"type":"element","tag":"span","props":{"style":"--shiki-default:#6A737D;--shiki-dark:#6A737D"},"children":[{"type":"text","value":"  /**\n"}]}]},{"type":"element","tag":"span","props":{"class":"line","line":20},"children":[{"type":"element","tag":"span","props":{"style":"--shiki-default:#6A737D;--shiki-dark:#6A737D"},"children":[{"type":"text","value":"   * 设置默认路由入口\n"}]}]},{"type":"element","tag":"span","props":{"class":"line","line":21},"children":[{"type":"element","tag":"span","props":{"style":"--shiki-default:#6A737D;--shiki-dark:#6A737D"},"children":[{"type":"text","value":"   * "}]},{"type":"element","tag":"span","props":{"style":"--shiki-default:#D73A49;--shiki-dark:#F97583"},"children":[{"type":"text","value":"@default"}]},{"type":"element","tag":"span","props":{"style":"--shiki-default:#032F62;--shiki-dark:#9ECBFF"},"children":[{"type":"text","value":" '"}]},{"type":"element","tag":"span","props":{"style":"--shiki-default:#24292E;--shiki-dark:#E1E4E8"},"children":[{"type":"text","value":"pages/index"}]},{"type":"element","tag":"span","props":{"style":"--shiki-default:#032F62;--shiki-dark:#9ECBFF"},"children":[{"type":"text","value":"'"}]},{"type":"element","tag":"span","props":{"style":"--shiki-default:#6A737D;--shiki-dark:#6A737D"},"children":[{"type":"text","value":" || 'pages/index/index'\n"}]}]},{"type":"element","tag":"span","props":{"class":"line","line":22},"children":[{"type":"element","tag":"span","props":{"style":"--shiki-default:#6A737D;--shiki-dark:#6A737D"},"children":[{"type":"text","value":"   */\n"}]}]},{"type":"element","tag":"span","props":{"class":"line","line":23},"children":[{"type":"element","tag":"span","props":{"style":"--shiki-default:#E36209;--shiki-dark:#FFAB70"},"children":[{"type":"text","value":"  homePage"}]},{"type":"element","tag":"span","props":{"style":"--shiki-default:#D73A49;--shiki-dark:#F97583"},"children":[{"type":"text","value":":"}]},{"type":"element","tag":"span","props":{"style":"--shiki-default:#005CC5;--shiki-dark:#79B8FF"},"children":[{"type":"text","value":" string\n"}]}]},{"type":"element","tag":"span","props":{"class":"line","line":24},"children":[{"type":"element","tag":"span","props":{"emptyLinePlaceholder":true},"children":[{"type":"text","value":"\n"}]}]},{"type":"element","tag":"span","props":{"class":"line","line":25},"children":[{"type":"element","tag":"span","props":{"style":"--shiki-default:#6A737D;--shiki-dark:#6A737D"},"children":[{"type":"text","value":"  /**\n"}]}]},{"type":"element","tag":"span","props":{"class":"line","line":26},"children":[{"type":"element","tag":"span","props":{"style":"--shiki-default:#6A737D;--shiki-dark:#6A737D"},"children":[{"type":"text","value":"   * 是否扫描并合并 pages.json 中 pages 字段\n"}]}]},{"type":"element","tag":"span","props":{"class":"line","line":27},"children":[{"type":"element","tag":"span","props":{"style":"--shiki-default:#6A737D;--shiki-dark:#6A737D"},"children":[{"type":"text","value":"   * "}]},{"type":"element","tag":"span","props":{"style":"--shiki-default:#D73A49;--shiki-dark:#F97583"},"children":[{"type":"text","value":"@default"}]},{"type":"element","tag":"span","props":{"style":"--shiki-default:#24292E;--shiki-dark:#E1E4E8"},"children":[{"type":"text","value":" true\n"}]}]},{"type":"element","tag":"span","props":{"class":"line","line":28},"children":[{"type":"element","tag":"span","props":{"style":"--shiki-default:#6A737D;--shiki-dark:#6A737D"},"children":[{"type":"text","value":"   */\n"}]}]},{"type":"element","tag":"span","props":{"class":"line","line":29},"children":[{"type":"element","tag":"span","props":{"style":"--shiki-default:#E36209;--shiki-dark:#FFAB70"},"children":[{"type":"text","value":"  mergePages"}]},{"type":"element","tag":"span","props":{"style":"--shiki-default:#D73A49;--shiki-dark:#F97583"},"children":[{"type":"text","value":":"}]},{"type":"element","tag":"span","props":{"style":"--shiki-default:#005CC5;--shiki-dark:#79B8FF"},"children":[{"type":"text","value":" boolean\n"}]}]},{"type":"element","tag":"span","props":{"class":"line","line":30},"children":[{"type":"element","tag":"span","props":{"emptyLinePlaceholder":true},"children":[{"type":"text","value":"\n"}]}]},{"type":"element","tag":"span","props":{"class":"line","line":31},"children":[{"type":"element","tag":"span","props":{"style":"--shiki-default:#6A737D;--shiki-dark:#6A737D"},"children":[{"type":"text","value":"  /**\n"}]}]},{"type":"element","tag":"span","props":{"class":"line","line":32},"children":[{"type":"element","tag":"span","props":{"style":"--shiki-default:#6A737D;--shiki-dark:#6A737D"},"children":[{"type":"text","value":"   * 扫描的目录\n"}]}]},{"type":"element","tag":"span","props":{"class":"line","line":33},"children":[{"type":"element","tag":"span","props":{"style":"--shiki-default:#6A737D;--shiki-dark:#6A737D"},"children":[{"type":"text","value":"   * "}]},{"type":"element","tag":"span","props":{"style":"--shiki-default:#D73A49;--shiki-dark:#F97583"},"children":[{"type":"text","value":"@default"}]},{"type":"element","tag":"span","props":{"style":"--shiki-default:#032F62;--shiki-dark:#9ECBFF"},"children":[{"type":"text","value":" '"}]},{"type":"element","tag":"span","props":{"style":"--shiki-default:#24292E;--shiki-dark:#E1E4E8"},"children":[{"type":"text","value":"src/pages"}]},{"type":"element","tag":"span","props":{"style":"--shiki-default:#032F62;--shiki-dark:#9ECBFF"},"children":[{"type":"text","value":"'\n"}]}]},{"type":"element","tag":"span","props":{"class":"line","line":34},"children":[{"type":"element","tag":"span","props":{"style":"--shiki-default:#6A737D;--shiki-dark:#6A737D"},"children":[{"type":"text","value":"   */\n"}]}]},{"type":"element","tag":"span","props":{"class":"line","line":35},"children":[{"type":"element","tag":"span","props":{"style":"--shiki-default:#E36209;--shiki-dark:#FFAB70"},"children":[{"type":"text","value":"  dir"}]},{"type":"element","tag":"span","props":{"style":"--shiki-default:#D73A49;--shiki-dark:#F97583"},"children":[{"type":"text","value":":"}]},{"type":"element","tag":"span","props":{"style":"--shiki-default:#005CC5;--shiki-dark:#79B8FF"},"children":[{"type":"text","value":" string\n"}]}]},{"type":"element","tag":"span","props":{"class":"line","line":36},"children":[{"type":"element","tag":"span","props":{"emptyLinePlaceholder":true},"children":[{"type":"text","value":"\n"}]}]},{"type":"element","tag":"span","props":{"class":"line","line":37},"children":[{"type":"element","tag":"span","props":{"style":"--shiki-default:#6A737D;--shiki-dark:#6A737D"},"children":[{"type":"text","value":"  /**\n"}]}]},{"type":"element","tag":"span","props":{"class":"line","line":38},"children":[{"type":"element","tag":"span","props":{"style":"--shiki-default:#6A737D;--shiki-dark:#6A737D"},"children":[{"type":"text","value":"   * subPackages 扫描的目录，例如：src/pages-sub\n"}]}]},{"type":"element","tag":"span","props":{"class":"line","line":39},"children":[{"type":"element","tag":"span","props":{"style":"--shiki-default:#6A737D;--shiki-dark:#6A737D"},"children":[{"type":"text","value":"   */\n"}]}]},{"type":"element","tag":"span","props":{"class":"line","line":40},"children":[{"type":"element","tag":"span","props":{"style":"--shiki-default:#E36209;--shiki-dark:#FFAB70"},"children":[{"type":"text","value":"  subPackages"}]},{"type":"element","tag":"span","props":{"style":"--shiki-default:#D73A49;--shiki-dark:#F97583"},"children":[{"type":"text","value":":"}]},{"type":"element","tag":"span","props":{"style":"--shiki-default:#005CC5;--shiki-dark:#79B8FF"},"children":[{"type":"text","value":" string"}]},{"type":"element","tag":"span","props":{"style":"--shiki-default:#24292E;--shiki-dark:#E1E4E8"},"children":[{"type":"text","value":"[]\n"}]}]},{"type":"element","tag":"span","props":{"class":"line","line":41},"children":[{"type":"element","tag":"span","props":{"emptyLinePlaceholder":true},"children":[{"type":"text","value":"\n"}]}]},{"type":"element","tag":"span","props":{"class":"line","line":42},"children":[{"type":"element","tag":"span","props":{"style":"--shiki-default:#6A737D;--shiki-dark:#6A737D"},"children":[{"type":"text","value":"  /**\n"}]}]},{"type":"element","tag":"span","props":{"class":"line","line":43},"children":[{"type":"element","tag":"span","props":{"style":"--shiki-default:#6A737D;--shiki-dark:#6A737D"},"children":[{"type":"text","value":"   * 输出 pages.json 目录\n"}]}]},{"type":"element","tag":"span","props":{"class":"line","line":44},"children":[{"type":"element","tag":"span","props":{"style":"--shiki-default:#6A737D;--shiki-dark:#6A737D"},"children":[{"type":"text","value":"   * "}]},{"type":"element","tag":"span","props":{"style":"--shiki-default:#D73A49;--shiki-dark:#F97583"},"children":[{"type":"text","value":"@default"}]},{"type":"element","tag":"span","props":{"style":"--shiki-default:#032F62;--shiki-dark:#9ECBFF"},"children":[{"type":"text","value":" \""}]},{"type":"element","tag":"span","props":{"style":"--shiki-default:#24292E;--shiki-dark:#E1E4E8"},"children":[{"type":"text","value":"src"}]},{"type":"element","tag":"span","props":{"style":"--shiki-default:#032F62;--shiki-dark:#9ECBFF"},"children":[{"type":"text","value":"\"\n"}]}]},{"type":"element","tag":"span","props":{"class":"line","line":45},"children":[{"type":"element","tag":"span","props":{"style":"--shiki-default:#6A737D;--shiki-dark:#6A737D"},"children":[{"type":"text","value":"   */\n"}]}]},{"type":"element","tag":"span","props":{"class":"line","line":46},"children":[{"type":"element","tag":"span","props":{"style":"--shiki-default:#E36209;--shiki-dark:#FFAB70"},"children":[{"type":"text","value":"  outDir"}]},{"type":"element","tag":"span","props":{"style":"--shiki-default:#D73A49;--shiki-dark:#F97583"},"children":[{"type":"text","value":":"}]},{"type":"element","tag":"span","props":{"style":"--shiki-default:#005CC5;--shiki-dark:#79B8FF"},"children":[{"type":"text","value":" string\n"}]}]},{"type":"element","tag":"span","props":{"class":"line","line":47},"children":[{"type":"element","tag":"span","props":{"emptyLinePlaceholder":true},"children":[{"type":"text","value":"\n"}]}]},{"type":"element","tag":"span","props":{"class":"line","line":48},"children":[{"type":"element","tag":"span","props":{"style":"--shiki-default:#6A737D;--shiki-dark:#6A737D"},"children":[{"type":"text","value":"  /**\n"}]}]},{"type":"element","tag":"span","props":{"class":"line","line":49},"children":[{"type":"element","tag":"span","props":{"style":"--shiki-default:#6A737D;--shiki-dark:#6A737D"},"children":[{"type":"text","value":"   * 排除的页面，相对于 dir 和 subPackages\n"}]}]},{"type":"element","tag":"span","props":{"class":"line","line":50},"children":[{"type":"element","tag":"span","props":{"style":"--shiki-default:#6A737D;--shiki-dark:#6A737D"},"children":[{"type":"text","value":"   * "}]},{"type":"element","tag":"span","props":{"style":"--shiki-default:#D73A49;--shiki-dark:#F97583"},"children":[{"type":"text","value":"@default"}]},{"type":"element","tag":"span","props":{"style":"--shiki-default:#24292E;--shiki-dark:#E1E4E8"},"children":[{"type":"text","value":" []\n"}]}]},{"type":"element","tag":"span","props":{"class":"line","line":51},"children":[{"type":"element","tag":"span","props":{"style":"--shiki-default:#6A737D;--shiki-dark:#6A737D"},"children":[{"type":"text","value":"   * "}]},{"type":"element","tag":"span","props":{"style":"--shiki-default:#D73A49;--shiki-dark:#F97583"},"children":[{"type":"text","value":"@example"}]},{"type":"element","tag":"span","props":{"style":"--shiki-default:#6A737D;--shiki-dark:#6A737D"},"children":[{"type":"text","value":" ['**/components/**/*.*']\n"}]}]},{"type":"element","tag":"span","props":{"class":"line","line":52},"children":[{"type":"element","tag":"span","props":{"style":"--shiki-default:#6A737D;--shiki-dark:#6A737D"},"children":[{"type":"text","value":"   */\n"}]}]},{"type":"element","tag":"span","props":{"class":"line","line":53},"children":[{"type":"element","tag":"span","props":{"style":"--shiki-default:#D73A49;--shiki-dark:#F97583"},"children":[{"type":"text","value":"   */\n"}]}]},{"type":"element","tag":"span","props":{"class":"line","line":54},"children":[{"type":"element","tag":"span","props":{"style":"--shiki-default:#E36209;--shiki-dark:#FFAB70"},"children":[{"type":"text","value":"  exclude"}]},{"type":"element","tag":"span","props":{"style":"--shiki-default:#D73A49;--shiki-dark:#F97583"},"children":[{"type":"text","value":":"}]},{"type":"element","tag":"span","props":{"style":"--shiki-default:#005CC5;--shiki-dark:#79B8FF"},"children":[{"type":"text","value":" string"}]},{"type":"element","tag":"span","props":{"style":"--shiki-default:#24292E;--shiki-dark:#E1E4E8"},"children":[{"type":"text","value":"[]\n"}]}]},{"type":"element","tag":"span","props":{"class":"line","line":55},"children":[{"type":"element","tag":"span","props":{"emptyLinePlaceholder":true},"children":[{"type":"text","value":"\n"}]}]},{"type":"element","tag":"span","props":{"class":"line","line":56},"children":[{"type":"element","tag":"span","props":{"style":"--shiki-default:#6A737D;--shiki-dark:#6A737D"},"children":[{"type":"text","value":"  /**\n"}]}]},{"type":"element","tag":"span","props":{"class":"line","line":57},"children":[{"type":"element","tag":"span","props":{"style":"--shiki-default:#6A737D;--shiki-dark:#6A737D"},"children":[{"type":"text","value":"   * 自定义块语言\n"}]}]},{"type":"element","tag":"span","props":{"class":"line","line":58},"children":[{"type":"element","tag":"span","props":{"style":"--shiki-default:#6A737D;--shiki-dark:#6A737D"},"children":[{"type":"text","value":"   * "}]},{"type":"element","tag":"span","props":{"style":"--shiki-default:#D73A49;--shiki-dark:#F97583"},"children":[{"type":"text","value":"@default"}]},{"type":"element","tag":"span","props":{"style":"--shiki-default:#032F62;--shiki-dark:#9ECBFF"},"children":[{"type":"text","value":" '"}]},{"type":"element","tag":"span","props":{"style":"--shiki-default:#24292E;--shiki-dark:#E1E4E8"},"children":[{"type":"text","value":"json5"}]},{"type":"element","tag":"span","props":{"style":"--shiki-default:#032F62;--shiki-dark:#9ECBFF"},"children":[{"type":"text","value":"'\n"}]}]},{"type":"element","tag":"span","props":{"class":"line","line":59},"children":[{"type":"element","tag":"span","props":{"style":"--shiki-default:#6A737D;--shiki-dark:#6A737D"},"children":[{"type":"text","value":"   */\n"}]}]},{"type":"element","tag":"span","props":{"class":"line","line":60},"children":[{"type":"element","tag":"span","props":{"style":"--shiki-default:#E36209;--shiki-dark:#FFAB70"},"children":[{"type":"text","value":"  routeBlockLang"}]},{"type":"element","tag":"span","props":{"style":"--shiki-default:#D73A49;--shiki-dark:#F97583"},"children":[{"type":"text","value":":"}]},{"type":"element","tag":"span","props":{"style":"--shiki-default:#032F62;--shiki-dark:#9ECBFF"},"children":[{"type":"text","value":" 'json5'"}]},{"type":"element","tag":"span","props":{"style":"--shiki-default:#D73A49;--shiki-dark:#F97583"},"children":[{"type":"text","value":" |"}]},{"type":"element","tag":"span","props":{"style":"--shiki-default:#032F62;--shiki-dark:#9ECBFF"},"children":[{"type":"text","value":" 'jsonc'"}]},{"type":"element","tag":"span","props":{"style":"--shiki-default:#D73A49;--shiki-dark:#F97583"},"children":[{"type":"text","value":" |"}]},{"type":"element","tag":"span","props":{"style":"--shiki-default:#032F62;--shiki-dark:#9ECBFF"},"children":[{"type":"text","value":" 'json'"}]},{"type":"element","tag":"span","props":{"style":"--shiki-default:#D73A49;--shiki-dark:#F97583"},"children":[{"type":"text","value":" |"}]},{"type":"element","tag":"span","props":{"style":"--shiki-default:#032F62;--shiki-dark:#9ECBFF"},"children":[{"type":"text","value":" 'yaml'"}]},{"type":"element","tag":"span","props":{"style":"--shiki-default:#D73A49;--shiki-dark:#F97583"},"children":[{"type":"text","value":" |"}]},{"type":"element","tag":"span","props":{"style":"--shiki-default:#032F62;--shiki-dark:#9ECBFF"},"children":[{"type":"text","value":" 'yml'\n"}]}]},{"type":"element","tag":"span","props":{"class":"line","line":61},"children":[{"type":"element","tag":"span","props":{"emptyLinePlaceholder":true},"children":[{"type":"text","value":"\n"}]}]},{"type":"element","tag":"span","props":{"class":"line","line":62},"children":[{"type":"element","tag":"span","props":{"style":"--shiki-default:#6F42C1;--shiki-dark:#B392F0"},"children":[{"type":"text","value":"  onBeforeLoadUserConfig"}]},{"type":"element","tag":"span","props":{"style":"--shiki-default:#D73A49;--shiki-dark:#F97583"},"children":[{"type":"text","value":":"}]},{"type":"element","tag":"span","props":{"style":"--shiki-default:#24292E;--shiki-dark:#E1E4E8"},"children":[{"type":"text","value":" ("}]},{"type":"element","tag":"span","props":{"style":"--shiki-default:#E36209;--shiki-dark:#FFAB70"},"children":[{"type":"text","value":"ctx"}]},{"type":"element","tag":"span","props":{"style":"--shiki-default:#D73A49;--shiki-dark:#F97583"},"children":[{"type":"text","value":":"}]},{"type":"element","tag":"span","props":{"style":"--shiki-default:#6F42C1;--shiki-dark:#B392F0"},"children":[{"type":"text","value":" PageContext"}]},{"type":"element","tag":"span","props":{"style":"--shiki-default:#24292E;--shiki-dark:#E1E4E8"},"children":[{"type":"text","value":") "}]},{"type":"element","tag":"span","props":{"style":"--shiki-default:#D73A49;--shiki-dark:#F97583"},"children":[{"type":"text","value":"=>"}]},{"type":"element","tag":"span","props":{"style":"--shiki-default:#005CC5;--shiki-dark:#79B8FF"},"children":[{"type":"text","value":" void\n"}]}]},{"type":"element","tag":"span","props":{"class":"line","line":63},"children":[{"type":"element","tag":"span","props":{"style":"--shiki-default:#6F42C1;--shiki-dark:#B392F0"},"children":[{"type":"text","value":"  onAfterLoadUserConfig"}]},{"type":"element","tag":"span","props":{"style":"--shiki-default:#D73A49;--shiki-dark:#F97583"},"children":[{"type":"text","value":":"}]},{"type":"element","tag":"span","props":{"style":"--shiki-default:#24292E;--shiki-dark:#E1E4E8"},"children":[{"type":"text","value":" ("}]},{"type":"element","tag":"span","props":{"style":"--shiki-default:#E36209;--shiki-dark:#FFAB70"},"children":[{"type":"text","value":"ctx"}]},{"type":"element","tag":"span","props":{"style":"--shiki-default:#D73A49;--shiki-dark:#F97583"},"children":[{"type":"text","value":":"}]},{"type":"element","tag":"span","props":{"style":"--shiki-default:#6F42C1;--shiki-dark:#B392F0"},"children":[{"type":"text","value":" PageContext"}]},{"type":"element","tag":"span","props":{"style":"--shiki-default:#24292E;--shiki-dark:#E1E4E8"},"children":[{"type":"text","value":") "}]},{"type":"element","tag":"span","props":{"style":"--shiki-default:#D73A49;--shiki-dark:#F97583"},"children":[{"type":"text","value":"=>"}]},{"type":"element","tag":"span","props":{"style":"--shiki-default:#005CC5;--shiki-dark:#79B8FF"},"children":[{"type":"text","value":" void\n"}]}]},{"type":"element","tag":"span","props":{"class":"line","line":64},"children":[{"type":"element","tag":"span","props":{"style":"--shiki-default:#6F42C1;--shiki-dark:#B392F0"},"children":[{"type":"text","value":"  onBeforeScanPages"}]},{"type":"element","tag":"span","props":{"style":"--shiki-default:#D73A49;--shiki-dark:#F97583"},"children":[{"type":"text","value":":"}]},{"type":"element","tag":"span","props":{"style":"--shiki-default:#24292E;--shiki-dark:#E1E4E8"},"children":[{"type":"text","value":" ("}]},{"type":"element","tag":"span","props":{"style":"--shiki-default:#E36209;--shiki-dark:#FFAB70"},"children":[{"type":"text","value":"ctx"}]},{"type":"element","tag":"span","props":{"style":"--shiki-default:#D73A49;--shiki-dark:#F97583"},"children":[{"type":"text","value":":"}]},{"type":"element","tag":"span","props":{"style":"--shiki-default:#6F42C1;--shiki-dark:#B392F0"},"children":[{"type":"text","value":" PageContext"}]},{"type":"element","tag":"span","props":{"style":"--shiki-default:#24292E;--shiki-dark:#E1E4E8"},"children":[{"type":"text","value":") "}]},{"type":"element","tag":"span","props":{"style":"--shiki-default:#D73A49;--shiki-dark:#F97583"},"children":[{"type":"text","value":"=>"}]},{"type":"element","tag":"span","props":{"style":"--shiki-default:#005CC5;--shiki-dark:#79B8FF"},"children":[{"type":"text","value":" void\n"}]}]},{"type":"element","tag":"span","props":{"class":"line","line":65},"children":[{"type":"element","tag":"span","props":{"style":"--shiki-default:#6F42C1;--shiki-dark:#B392F0"},"children":[{"type":"text","value":"  onAfterScanPages"}]},{"type":"element","tag":"span","props":{"style":"--shiki-default:#D73A49;--shiki-dark:#F97583"},"children":[{"type":"text","value":":"}]},{"type":"element","tag":"span","props":{"style":"--shiki-default:#24292E;--shiki-dark:#E1E4E8"},"children":[{"type":"text","value":" ("}]},{"type":"element","tag":"span","props":{"style":"--shiki-default:#E36209;--shiki-dark:#FFAB70"},"children":[{"type":"text","value":"ctx"}]},{"type":"element","tag":"span","props":{"style":"--shiki-default:#D73A49;--shiki-dark:#F97583"},"children":[{"type":"text","value":":"}]},{"type":"element","tag":"span","props":{"style":"--shiki-default:#6F42C1;--shiki-dark:#B392F0"},"children":[{"type":"text","value":" PageContext"}]},{"type":"element","tag":"span","props":{"style":"--shiki-default:#24292E;--shiki-dark:#E1E4E8"},"children":[{"type":"text","value":") "}]},{"type":"element","tag":"span","props":{"style":"--shiki-default:#D73A49;--shiki-dark:#F97583"},"children":[{"type":"text","value":"=>"}]},{"type":"element","tag":"span","props":{"style":"--shiki-default:#005CC5;--shiki-dark:#79B8FF"},"children":[{"type":"text","value":" void\n"}]}]},{"type":"element","tag":"span","props":{"class":"line","line":66},"children":[{"type":"element","tag":"span","props":{"style":"--shiki-default:#6F42C1;--shiki-dark:#B392F0"},"children":[{"type":"text","value":"  onBeforeMergePageMetaData"}]},{"type":"element","tag":"span","props":{"style":"--shiki-default:#D73A49;--shiki-dark:#F97583"},"children":[{"type":"text","value":":"}]},{"type":"element","tag":"span","props":{"style":"--shiki-default:#24292E;--shiki-dark:#E1E4E8"},"children":[{"type":"text","value":" ("}]},{"type":"element","tag":"span","props":{"style":"--shiki-default:#E36209;--shiki-dark:#FFAB70"},"children":[{"type":"text","value":"ctx"}]},{"type":"element","tag":"span","props":{"style":"--shiki-default:#D73A49;--shiki-dark:#F97583"},"children":[{"type":"text","value":":"}]},{"type":"element","tag":"span","props":{"style":"--shiki-default:#6F42C1;--shiki-dark:#B392F0"},"children":[{"type":"text","value":" PageContext"}]},{"type":"element","tag":"span","props":{"style":"--shiki-default:#24292E;--shiki-dark:#E1E4E8"},"children":[{"type":"text","value":") "}]},{"type":"element","tag":"span","props":{"style":"--shiki-default:#D73A49;--shiki-dark:#F97583"},"children":[{"type":"text","value":"=>"}]},{"type":"element","tag":"span","props":{"style":"--shiki-default:#005CC5;--shiki-dark:#79B8FF"},"children":[{"type":"text","value":" void\n"}]}]},{"type":"element","tag":"span","props":{"class":"line","line":67},"children":[{"type":"element","tag":"span","props":{"style":"--shiki-default:#6F42C1;--shiki-dark:#B392F0"},"children":[{"type":"text","value":"  onAfterMergePageMetaData"}]},{"type":"element","tag":"span","props":{"style":"--shiki-default:#D73A49;--shiki-dark:#F97583"},"children":[{"type":"text","value":":"}]},{"type":"element","tag":"span","props":{"style":"--shiki-default:#24292E;--shiki-dark:#E1E4E8"},"children":[{"type":"text","value":" ("}]},{"type":"element","tag":"span","props":{"style":"--shiki-default:#E36209;--shiki-dark:#FFAB70"},"children":[{"type":"text","value":"ctx"}]},{"type":"element","tag":"span","props":{"style":"--shiki-default:#D73A49;--shiki-dark:#F97583"},"children":[{"type":"text","value":":"}]},{"type":"element","tag":"span","props":{"style":"--shiki-default:#6F42C1;--shiki-dark:#B392F0"},"children":[{"type":"text","value":" PageContext"}]},{"type":"element","tag":"span","props":{"style":"--shiki-default:#24292E;--shiki-dark:#E1E4E8"},"children":[{"type":"text","value":") "}]},{"type":"element","tag":"span","props":{"style":"--shiki-default:#D73A49;--shiki-dark:#F97583"},"children":[{"type":"text","value":"=>"}]},{"type":"element","tag":"span","props":{"style":"--shiki-default:#005CC5;--shiki-dark:#79B8FF"},"children":[{"type":"text","value":" void\n"}]}]},{"type":"element","tag":"span","props":{"class":"line","line":68},"children":[{"type":"element","tag":"span","props":{"style":"--shiki-default:#6F42C1;--shiki-dark:#B392F0"},"children":[{"type":"text","value":"  onBeforeWriteFile"}]},{"type":"element","tag":"span","props":{"style":"--shiki-default:#D73A49;--shiki-dark:#F97583"},"children":[{"type":"text","value":":"}]},{"type":"element","tag":"span","props":{"style":"--shiki-default:#24292E;--shiki-dark:#E1E4E8"},"children":[{"type":"text","value":" ("}]},{"type":"element","tag":"span","props":{"style":"--shiki-default:#E36209;--shiki-dark:#FFAB70"},"children":[{"type":"text","value":"ctx"}]},{"type":"element","tag":"span","props":{"style":"--shiki-default:#D73A49;--shiki-dark:#F97583"},"children":[{"type":"text","value":":"}]},{"type":"element","tag":"span","props":{"style":"--shiki-default:#6F42C1;--shiki-dark:#B392F0"},"children":[{"type":"text","value":" PageContext"}]},{"type":"element","tag":"span","props":{"style":"--shiki-default:#24292E;--shiki-dark:#E1E4E8"},"children":[{"type":"text","value":") "}]},{"type":"element","tag":"span","props":{"style":"--shiki-default:#D73A49;--shiki-dark:#F97583"},"children":[{"type":"text","value":"=>"}]},{"type":"element","tag":"span","props":{"style":"--shiki-default:#005CC5;--shiki-dark:#79B8FF"},"children":[{"type":"text","value":" void\n"}]}]},{"type":"element","tag":"span","props":{"class":"line","line":69},"children":[{"type":"element","tag":"span","props":{"style":"--shiki-default:#6F42C1;--shiki-dark:#B392F0"},"children":[{"type":"text","value":"  onAfterWriteFile"}]},{"type":"element","tag":"span","props":{"style":"--shiki-default:#D73A49;--shiki-dark:#F97583"},"children":[{"type":"text","value":":"}]},{"type":"element","tag":"span","props":{"style":"--shiki-default:#24292E;--shiki-dark:#E1E4E8"},"children":[{"type":"text","value":" ("}]},{"type":"element","tag":"span","props":{"style":"--shiki-default:#E36209;--shiki-dark:#FFAB70"},"children":[{"type":"text","value":"ctx"}]},{"type":"element","tag":"span","props":{"style":"--shiki-default:#D73A49;--shiki-dark:#F97583"},"children":[{"type":"text","value":":"}]},{"type":"element","tag":"span","props":{"style":"--shiki-default:#6F42C1;--shiki-dark:#B392F0"},"children":[{"type":"text","value":" PageContext"}]},{"type":"element","tag":"span","props":{"style":"--shiki-default:#24292E;--shiki-dark:#E1E4E8"},"children":[{"type":"text","value":") "}]},{"type":"element","tag":"span","props":{"style":"--shiki-default:#D73A49;--shiki-dark:#F97583"},"children":[{"type":"text","value":"=>"}]},{"type":"element","tag":"span","props":{"style":"--shiki-default:#005CC5;--shiki-dark:#79B8FF"},"children":[{"type":"text","value":" void\n"}]}]},{"type":"element","tag":"span","props":{"class":"line","line":70},"children":[{"type":"element","tag":"span","props":{"style":"--shiki-default:#24292E;--shiki-dark:#E1E4E8"},"children":[{"type":"text","value":"}\n"}]}]}]}]},{"type":"element","tag":"h2","props":{"id":"感谢"},"children":[{"type":"text","value":"感谢"}]},{"type":"element","tag":"ul","props":{},"children":[{"type":"element","tag":"li","props":{},"children":[{"type":"element","tag":"a","props":{"href":"https://github.com/hannoeru/vite-plugin-pages.git","rel":["nofollow"]},"children":[{"type":"text","value":"vite-plugin-pages"}]}]}]},{"type":"element","tag":"style","props":{},"children":[{"type":"text","value":"html .default .shiki span {color: var(--shiki-default);background: var(--shiki-default-bg);font-style: var(--shiki-default-font-style);font-weight: var(--shiki-default-font-weight);text-decoration: var(--shiki-default-text-decoration);}html .shiki span {color: var(--shiki-default);background: var(--shiki-default-bg);font-style: var(--shiki-default-font-style);font-weight: var(--shiki-default-font-weight);text-decoration: var(--shiki-default-text-decoration);}html .dark .shiki span {color: var(--shiki-dark);background: var(--shiki-dark-bg);font-style: var(--shiki-dark-font-style);font-weight: var(--shiki-dark-font-weight);text-decoration: var(--shiki-dark-text-decoration);}html.dark .shiki span {color: var(--shiki-dark);background: var(--shiki-dark-bg);font-style: var(--shiki-dark-font-style);font-weight: var(--shiki-dark-font-weight);text-decoration: var(--shiki-dark-text-decoration);}"}]}],"toc":{"title":"","searchDepth":2,"depth":2,"links":[{"id":"配置","depth":2,"text":"配置"},{"id":"感谢","depth":2,"text":"感谢"}]}},"_type":"markdown","_id":"content:vite-plugin-uni-pages:3.option.md","_source":"content","_file":"vite-plugin-uni-pages/3.option.md","_stem":"vite-plugin-uni-pages/3.option","_extension":"md"}