[{"_path":"/uni-use/api/useprovider","_dir":"api","_draft":false,"_partial":false,"_locale":"","title":"useProvider","description":"设置服务供应商参数，调用返回方法获取服务供应商。","_type":"markdown","_id":"content:uni-use:2.api:useProvider.md","_source":"content","_file":"uni-use/2.api/useProvider.md","_stem":"uni-use/2.api/useProvider","_extension":"md"},{"_path":"/uni-use/api/userequest","_dir":"api","_draft":false,"_partial":false,"_locale":"","title":"useRequest","description":"uni.request 的封装，对标 @vueuse/core v10.7.1。使用方法参见 https://vueuse.org/integrations/useAxios/。","_type":"markdown","_id":"content:uni-use:2.api:useRequest.md","_source":"content","_file":"uni-use/2.api/useRequest.md","_stem":"uni-use/2.api/useRequest","_extension":"md"}]