[{"_path":"/vite-plugin-uni-middleware","_dir":"","_draft":false,"_partial":false,"_locale":"","title":"vite-plugin-uni-middleware","description":"在 Vite 驱动的 uni-app 中使用路由中间件","navTruncate":false,"icon":"mdi:middleware","badges":[{"value":"npm","to":"https://www.npmjs.com/package/@uni-helper/vite-plugin-uni-middleware","target":"_blank"},{"value":"source","icon":"lucide:code","to":"https://github.com/uni-helper/vite-plugin-uni-middleware","target":"_blank"}],"_type":"markdown","_id":"content:vite-plugin-uni-middleware:index.md","_source":"content","_file":"vite-plugin-uni-middleware/index.md","_stem":"vite-plugin-uni-middleware/index","_extension":"md"},{"_path":"/vite-plugin-uni-pages/definepage","_dir":"vite-plugin-uni-pages","_draft":false,"_partial":false,"_locale":"","title":"definePage","description":"使用 definePage 宏定义页面","navTruncate":false,"icon":"material-symbols:macro-auto-rounded","navBadges":[{"value":"New","type":"lime"}],"badges":[{"value":"npm","to":"https://www.npmjs.com/package/@uni-helper/vite-plugin-uni-pages","target":"_blank"},{"value":"source","icon":"lucide:code","to":"https://github.com/uni-helper/vite-plugin-uni-pages","target":"_blank"}],"_type":"markdown","_id":"content:vite-plugin-uni-pages:2.definepage.md","_source":"content","_file":"vite-plugin-uni-pages/2.definepage.md","_stem":"vite-plugin-uni-pages/2.definepage","_extension":"md"}]