[{"_path":"/uni-network/api/config-defaults","_dir":"api","_draft":false,"_partial":false,"_locale":"","title":"默认配置","description":"你可以指定默认配置，它将作用于每个请求。","navTruncate":false,"icon":"lucide:chevrons-left-right-ellipsis","_type":"markdown","_id":"content:uni-network:2.api:5.config-defaults.md","_source":"content","_file":"uni-network/2.api/5.config-defaults.md","_stem":"uni-network/2.api/5.config-defaults","_extension":"md"},{"_path":"/uni-network/advanced/handling-errors","_dir":"advanced","_draft":false,"_partial":false,"_locale":"","title":"错误处理","description":"优雅处理网络请求异常","navTruncate":false,"icon":"material-symbols:error-circle-rounded-outline-sharp","_type":"markdown","_id":"content:uni-network:3.advanced:2.handling-errors.md","_source":"content","_file":"uni-network/3.advanced/2.handling-errors.md","_stem":"uni-network/3.advanced/2.handling-errors","_extension":"md"}]