[{"_path":"/uni-use/api/tryonhide","_dir":"api","_draft":false,"_partial":false,"_locale":"","title":"tryOnHide","description":"尝试获取组件生命周期，并调用 onHide","_type":"markdown","_id":"content:uni-use:2.api:tryOnHide.md","_source":"content","_file":"uni-use/2.api/tryOnHide.md","_stem":"uni-use/2.api/tryOnHide","_extension":"md"},{"_path":"/uni-use/api/tryonload","_dir":"api","_draft":false,"_partial":false,"_locale":"","title":"tryOnLoad","description":"尝试获取组件生命周期，并调用 onLoad","_type":"markdown","_id":"content:uni-use:2.api:tryOnLoad.md","_source":"content","_file":"uni-use/2.api/tryOnLoad.md","_stem":"uni-use/2.api/tryOnLoad","_extension":"md"}]