[{"_path":"/vite-plugin-uni-layouts","_dir":"","_draft":false,"_partial":false,"_locale":"","title":"vite-plugin-uni-layouts","description":"Vite 下 uni-app 的可定制布局框架","navTruncate":false,"icon":"lucide:layout-dashboard","badges":[{"value":"npm","to":"https://www.npmjs.com/package/@uni-helper/vite-plugin-uni-layouts","target":"_blank"},{"value":"source","icon":"lucide:code","to":"https://github.com/uni-helper/vite-plugin-uni-layouts","target":"_blank"}],"_type":"markdown","_id":"content:vite-plugin-uni-layouts:index.md","_source":"content","_file":"vite-plugin-uni-layouts/index.md","_stem":"vite-plugin-uni-layouts/index","_extension":"md"},{"_path":"/vite-plugin-uni-middleware","_dir":"","_draft":false,"_partial":false,"_locale":"","title":"vite-plugin-uni-middleware","description":"在 Vite 驱动的 uni-app 中使用路由中间件","navTruncate":false,"icon":"mdi:middleware","badges":[{"value":"npm","to":"https://www.npmjs.com/package/@uni-helper/vite-plugin-uni-middleware","target":"_blank"},{"value":"source","icon":"lucide:code","to":"https://github.com/uni-helper/vite-plugin-uni-middleware","target":"_blank"}],"_type":"markdown","_id":"content:vite-plugin-uni-middleware:index.md","_source":"content","_file":"vite-plugin-uni-middleware/index.md","_stem":"vite-plugin-uni-middleware/index","_extension":"md"}]