[{"_path":"/vs-code/uni-app-schemas-vscode","_dir":"vs-code","_draft":false,"_partial":false,"_locale":"","title":"uni-app-schemas-vscode","description":"为 VS Code 提供 uni-app 的 JSON Schema 支持","icon":"codicon:json","navTruncate":false,"badges":[{"value":"marketplace","to":"https://marketplace.visualstudio.com/items?itemName=uni-helper.uni-app-schemas-vscode","target":"_blank"},{"value":"source","icon":"lucide:code","to":"https://github.com/uni-helper/uni-app-schemas-vscode","target":"_blank"}],"_type":"markdown","_id":"content:vs-code:3.uni-app-schemas-vscode.md","_source":"content","_file":"vs-code/3.uni-app-schemas-vscode.md","_stem":"vs-code/3.uni-app-schemas-vscode","_extension":"md"},{"_path":"/vs-code/uni-ui-snippets-vscode","_dir":"vs-code","_draft":false,"_partial":false,"_locale":"","title":"uni-ui-snippets-vscode","description":"uni-ui 的 VSCode 代码片段","icon":"ic:outline-snippet-folder","navTruncate":false,"badges":[{"value":"marketplace","to":"https://marketplace.visualstudio.com/items?itemName=uni-helper.uni-ui-snippets-vscode","target":"_blank"},{"value":"source","icon":"lucide:code","to":"https://github.com/uni-helper/uni-ui-snippets-vscode","target":"_blank"}],"_type":"markdown","_id":"content:vs-code:5.uni-ui-snippets-vscode.md","_source":"content","_file":"vs-code/5.uni-ui-snippets-vscode.md","_stem":"vs-code/5.uni-ui-snippets-vscode","_extension":"md"}]