{"_path":"/vs-code/uni-app-schemas-vscode","_dir":"vs-code","_draft":false,"_partial":false,"_locale":"","title":"uni-app-schemas-vscode","description":"为 VS Code 提供 uni-app 的 JSON Schema 支持","icon":"codicon:json","navTruncate":false,"badges":[{"value":"marketplace","to":"https://marketplace.visualstudio.com/items?itemName=uni-helper.uni-app-schemas-vscode","target":"_blank"},{"value":"source","icon":"lucide:code","to":"https://github.com/uni-helper/uni-app-schemas-vscode","target":"_blank"}],"body":{"type":"root","children":[{"type":"element","tag":"h2","props":{"id":"插件特性"},"children":[{"type":"text","value":"插件特性"}]},{"type":"element","tag":"p","props":{},"children":[{"type":"text","value":"校验 "},{"type":"element","tag":"code","props":{"className":[]},"children":[{"type":"text","value":"uni-app"}]},{"type":"text","value":" 中的 "},{"type":"element","tag":"code","props":{"className":[]},"children":[{"type":"text","value":"androidPrivacy.json"}]},{"type":"text","value":"、"},{"type":"element","tag":"code","props":{"className":[]},"children":[{"type":"text","value":"pages.json"}]},{"type":"text","value":" 和 "},{"type":"element","tag":"code","props":{"className":[]},"children":[{"type":"text","value":"manifest.json"}]},{"type":"text","value":" 格式。"}]},{"type":"element","tag":"p","props":{},"children":[{"type":"element","tag":"strong","props":{},"children":[{"type":"text","value":"插件和文档的冲突之处，请以文档为准。"}]}]},{"type":"element","tag":"p","props":{},"children":[{"type":"text","value":"插件源代码在 "},{"type":"element","tag":"a","props":{"href":"https://github.com/uni-helper/uni-app-schemas-vscode","rel":["nofollow"]},"children":[{"type":"text","value":"uni-helper/uni-app-schemas-vscode"}]},{"type":"text","value":"。欢迎提交 ISSUE 和 PR 改进本插件。"}]}],"toc":{"title":"","searchDepth":2,"depth":2,"links":[{"id":"插件特性","depth":2,"text":"插件特性"}]}},"_type":"markdown","_id":"content:vs-code:3.uni-app-schemas-vscode.md","_source":"content","_file":"vs-code/3.uni-app-schemas-vscode.md","_stem":"vs-code/3.uni-app-schemas-vscode","_extension":"md"}