[{"_path":"/hbuilderx-vanilla/build","_dir":"hbuilderx-vanilla","_draft":false,"_partial":false,"_locale":"","title":"自行构建","description":"自行构建指定版本的 HBuilderX Vanilla 镜像","icon":"lucide:hammer","navTruncate":false,"badges":[{"value":"docker","icon":"simple-icons:docker","to":"https://hub.docker.com/r/flymyd114/hbuilderx-vanilla","target":"_blank"},{"value":"source","icon":"lucide:code","to":"https://github.com/uni-helper/hbuilderx-vanilla","target":"_blank"}],"_type":"markdown","_id":"content:hbuilderx-vanilla:3.build.md","_source":"content","_file":"hbuilderx-vanilla/3.build.md","_stem":"hbuilderx-vanilla/3.build","_extension":"md"},{"_path":"/unh/installation","_dir":"unh","_draft":false,"_partial":false,"_locale":"","title":"安装","description":"二次封装的启动命令，支持平台别名和自动生成配置","navTruncate":false,"icon":"lucide:mouse-pointer-click","badges":[{"value":"npm","to":"https://www.npmjs.com/package/@uni-helper/unh","target":"_blank"},{"value":"source","icon":"lucide:code","to":"https://github.com/uni-helper/unh","target":"_blank"}],"_type":"markdown","_id":"content:unh:1.installation.md","_source":"content","_file":"unh/1.installation.md","_stem":"unh/1.installation","_extension":"md"}]