[{"_path":"/uni-use/api/tryonshow","_dir":"api","_draft":false,"_partial":false,"_locale":"","title":"tryOnShow","description":"尝试获取组件生命周期，并调用 onShow","_type":"markdown","_id":"content:uni-use:2.api:tryOnShow.md","_source":"content","_file":"uni-use/2.api/tryOnShow.md","_stem":"uni-use/2.api/tryOnShow","_extension":"md"},{"_path":"/uni-use/api/useactionsheet","_dir":"api","_draft":false,"_partial":false,"_locale":"","title":"useActionSheet","description":"返回一个方法，调用后从底部向上弹出操作菜单。","_type":"markdown","_id":"content:uni-use:2.api:useActionSheet.md","_source":"content","_file":"uni-use/2.api/useActionSheet.md","_stem":"uni-use/2.api/useActionSheet","_extension":"md"}]