{"_path":"/uni-network/guide/installation","_dir":"guide","_draft":false,"_partial":false,"_locale":"","title":"起步","description":"安装 @uni-helper/uni-network","navTruncate":false,"icon":"lucide:rocket","body":{"type":"root","children":[{"type":"element","tag":"blockquote","props":{},"children":[{"type":"element","tag":"p","props":{},"children":[{"type":"element","tag":"code","props":{"className":[]},"children":[{"type":"text","value":"@uni-helper/uni-network"}]},{"type":"text","value":" 要求你使用 "},{"type":"element","tag":"code","props":{"className":[]},"children":[{"type":"text","value":"node>=18"}]},{"type":"text","value":"。建议你使用 Node.js 的 LTS 版本。"}]}]},{"type":"element","tag":"pm-install","props":{"name":"@uni-helper/uni-network"},"children":[]},{"type":"element","tag":"alert","props":{"icon":"lucide:link","target":"_blank","to":"https://yarnpkg.com/configuration/yarnrc/#nodeLinker"},"children":[{"type":"element","tag":"p","props":{},"children":[{"type":"text","value":"如果你正在使用 yarn v1+，请参考文档设置 "},{"type":"element","tag":"code","props":{"className":[]},"children":[{"type":"text","value":"nodeLinker"}]},{"type":"text","value":" 为 "},{"type":"element","tag":"code","props":{"className":[]},"children":[{"type":"text","value":"node_modules"}]},{"type":"text","value":"。"}]}]},{"type":"element","tag":"alert","props":{"icon":"lucide:link","target":"_blank","to":"https://pnpm.io/npmrc#shamefully-hoist"},"children":[{"type":"element","tag":"p","props":{},"children":[{"type":"text","value":"如果你正在使用 pnpm，请参考文档设置 "},{"type":"element","tag":"code","props":{"className":[]},"children":[{"type":"text","value":"shamefully-hoist"}]},{"type":"text","value":" 为 "},{"type":"element","tag":"code","props":{"className":[]},"children":[{"type":"text","value":"true"}]},{"type":"text","value":"。"}]}]},{"type":"element","tag":"alert","props":{"icon":"lucide:info"},"children":[{"type":"element","tag":"p","props":{},"children":[{"type":"text","value":"目前不支持 "},{"type":"element","tag":"code","props":{"className":[]},"children":[{"type":"text","value":"uni_modules"}]},{"type":"text","value":"，也没有人力、精力和时间支持 "},{"type":"element","tag":"code","props":{"className":[]},"children":[{"type":"text","value":"uni_modules"}]},{"type":"text","value":"，但欢迎 PR 贡献！🫡"}]}]}],"toc":{"title":"","searchDepth":2,"depth":2,"links":[]}},"_type":"markdown","_id":"content:uni-network:1.guide:2.installation.md","_source":"content","_file":"uni-network/1.guide/2.installation.md","_stem":"uni-network/1.guide/2.installation","_extension":"md"}