[{"_path":"/vitesse-uni-app/getting-started/state-management","_dir":"getting-started","_draft":false,"_partial":false,"_locale":"","title":"状态管理","description":"得益于组合式方法（Composition API），管理状态非常简单。","navTruncate":false,"icon":"lucide:archive-restore","_type":"markdown","_id":"content:vitesse-uni-app:1.getting-started:6.state-management.md","_source":"content","_file":"vitesse-uni-app/1.getting-started/6.state-management.md","_stem":"vitesse-uni-app/1.getting-started/6.state-management","_extension":"md"},{"_path":"/vitesse-uni-app/guide/auto-imports","_dir":"guide","_draft":false,"_partial":false,"_locale":"","title":"自动导入","description":"得益于 vite-plugin-uni-components 和 unplugin-auto-import 使得自动导入成为现实。","navTruncate":false,"icon":"material-symbols:auto-fix-outline","_type":"markdown","_id":"content:vitesse-uni-app:2.guide:1.auto-imports.md","_source":"content","_file":"vitesse-uni-app/2.guide/1.auto-imports.md","_stem":"vitesse-uni-app/2.guide/1.auto-imports","_extension":"md"}]