[{"_path":"/uni-use/api/useuploadfile","_dir":"api","_draft":false,"_partial":false,"_locale":"","title":"useUploadFile","description":"uni.uploadFile 的封装，对标 @vueuse/core v10.7.1。使用方法参见 https://vueuse.org/integrations/useAxios/。","_type":"markdown","_id":"content:uni-use:2.api:useUploadFile.md","_source":"content","_file":"uni-use/2.api/useUploadFile.md","_stem":"uni-use/2.api/useUploadFile","_extension":"md"},{"_path":"/unocss-preset-uni","_dir":"","_draft":false,"_partial":false,"_locale":"","title":"unocss-preset-uni","description":"专为 uni-app 打造的 UnoCSS 预设","navTruncate":false,"icon":"logos:unocss","badges":[{"value":"npm","to":"https://www.npmjs.com/package/@uni-helper/unocss-preset-uni","target":"_blank"},{"value":"source","icon":"lucide:code","to":"https://github.com/uni-helper/unocss-preset-uni","target":"_blank"}],"_type":"markdown","_id":"content:unocss-preset-uni:index.md","_source":"content","_file":"unocss-preset-uni/index.md","_stem":"unocss-preset-uni/index","_extension":"md"}]