[{"_path":"/uni-use/api/usepreferredlanguage","_dir":"api","_draft":false,"_partial":false,"_locale":"","title":"usePreferredLanguage","description":"响应式的语言偏好。","_type":"markdown","_id":"content:uni-use:2.api:usePreferredLanguage.md","_source":"content","_file":"uni-use/2.api/usePreferredLanguage.md","_stem":"uni-use/2.api/usePreferredLanguage","_extension":"md"},{"_path":"/uni-use/api/useprevroute","_dir":"api","_draft":false,"_partial":false,"_locale":"","title":"usePrevRoute","description":"获取前一页面路由信息。","_type":"markdown","_id":"content:uni-use:2.api:usePrevRoute.md","_source":"content","_file":"uni-use/2.api/usePrevRoute.md","_stem":"uni-use/2.api/usePrevRoute","_extension":"md"}]