[{"_path":"/uni-use/api/tryonunload","_dir":"api","_draft":false,"_partial":false,"_locale":"","title":"tryOnUnload","description":"尝试获取组件生命周期，并调用 onUnload","_type":"markdown","_id":"content:uni-use:2.api:tryOnUnload.md","_source":"content","_file":"uni-use/2.api/tryOnUnload.md","_stem":"uni-use/2.api/tryOnUnload","_extension":"md"},{"_path":"/uni-use/api/useclipboarddata","_dir":"api","_draft":false,"_partial":false,"_locale":"","title":"useClipboardData","description":"获取和设置剪切板数据。你需要将默认值作为第一个参数传入。","_type":"markdown","_id":"content:uni-use:2.api:useClipboardData.md","_source":"content","_file":"uni-use/2.api/useClipboardData.md","_stem":"uni-use/2.api/useClipboardData","_extension":"md"}]