[{"_path":"/vitesse-uni-app/guide/auto-imports","_dir":"guide","_draft":false,"_partial":false,"_locale":"","title":"自动导入","description":"得益于 vite-plugin-uni-components 和 unplugin-auto-import 使得自动导入成为现实。","navTruncate":false,"icon":"material-symbols:auto-fix-outline","_type":"markdown","_id":"content:vitesse-uni-app:2.guide:1.auto-imports.md","_source":"content","_file":"vitesse-uni-app/2.guide/1.auto-imports.md","_stem":"vitesse-uni-app/2.guide/1.auto-imports","_extension":"md"},{"_path":"/vitesse-uni-app/guide/typescript","_dir":"guide","_draft":false,"_partial":false,"_locale":"","title":"TypeScript","description":"我们通过 @dcloudio/types 和 @uni-helper/uni-app-types 提供了 fully typed","navTruncate":false,"icon":"hugeicons:typescript-01","_type":"markdown","_id":"content:vitesse-uni-app:2.guide:3.typescript.md","_source":"content","_file":"vitesse-uni-app/2.guide/3.typescript.md","_stem":"vitesse-uni-app/2.guide/3.typescript","_extension":"md"}]