[{"_path":"/uni-use/api/usequery","_dir":"api","_draft":false,"_partial":false,"_locale":"","title":"useQuery","description":"获取页面传递的参数，支持自动解析 JSON 字符串。","_type":"markdown","_id":"content:uni-use:2.api:useQuery.md","_source":"content","_file":"uni-use/2.api/useQuery.md","_stem":"uni-use/2.api/useQuery","_extension":"md"},{"_path":"/uni-use/api/useroute","_dir":"api","_draft":false,"_partial":false,"_locale":"","title":"useRoute","description":"获取当前页路由信息。","_type":"markdown","_id":"content:uni-use:2.api:useRoute.md","_source":"content","_file":"uni-use/2.api/useRoute.md","_stem":"uni-use/2.api/useRoute","_extension":"md"}]