[{"_path":"/uni-use/api/usepreferreddark","_dir":"api","_draft":false,"_partial":false,"_locale":"","title":"usePreferredDark","description":"响应式的暗黑主题偏好。","_type":"markdown","_id":"content:uni-use:2.api:usePreferredDark.md","_source":"content","_file":"uni-use/2.api/usePreferredDark.md","_stem":"uni-use/2.api/usePreferredDark","_extension":"md"},{"_path":"/uni-use/api/useprevpage","_dir":"api","_draft":false,"_partial":false,"_locale":"","title":"usePrevPage","description":"获取前一页信息。","_type":"markdown","_id":"content:uni-use:2.api:usePrevPage.md","_source":"content","_file":"uni-use/2.api/usePrevPage.md","_stem":"uni-use/2.api/usePrevPage","_extension":"md"}]