[{"_path":"/uni-use/api/useroute","_dir":"api","_draft":false,"_partial":false,"_locale":"","title":"useRoute","description":"获取当前页路由信息。","_type":"markdown","_id":"content:uni-use:2.api:useRoute.md","_source":"content","_file":"uni-use/2.api/useRoute.md","_stem":"uni-use/2.api/useRoute","_extension":"md"},{"_path":"/uni-use/api/usescancode","_dir":"api","_draft":false,"_partial":false,"_locale":"","title":"useScanCode","description":"返回一个方法，调用后调起客户端扫码界面。","_type":"markdown","_id":"content:uni-use:2.api:useScanCode.md","_source":"content","_file":"uni-use/2.api/useScanCode.md","_stem":"uni-use/2.api/useScanCode","_extension":"md"}]