[{"_path":"/uni-use/api/userouter","_dir":"api","_draft":false,"_partial":false,"_locale":"","title":"useRouter","description":"路由相关的操作和变量","_type":"markdown","_id":"content:uni-use:2.api:useRouter.md","_source":"content","_file":"uni-use/2.api/useRouter.md","_stem":"uni-use/2.api/useRouter","_extension":"md"},{"_path":"/uni-use/api/usescreenbrightness","_dir":"api","_draft":false,"_partial":false,"_locale":"","title":"useScreenBrightness","description":"获取和设置屏幕亮度。你需要将默认值作为第一个参数传入。","_type":"markdown","_id":"content:uni-use:2.api:useScreenBrightness.md","_source":"content","_file":"uni-use/2.api/useScreenBrightness.md","_stem":"uni-use/2.api/useScreenBrightness","_extension":"md"}]