[{"_path":"/vitesse-uni-app/getting-started/introduction","_dir":"getting-started","_draft":false,"_partial":false,"_locale":"","title":"介绍","description":"vitess-uni-app 是一个基于 Vue 和 uni-app 的开源模板，采用直观且可扩展的方式创建类型安全、高性能和生产级的跨端应用。你可以直接开始编写 .vue 文件，而无需从头开始配置。","icon":"lucide:notebook-text","_type":"markdown","_id":"content:vitesse-uni-app:1.getting-started:1.introduction.md","_source":"content","_file":"vitesse-uni-app/1.getting-started/1.introduction.md","_stem":"vitesse-uni-app/1.getting-started/1.introduction","_extension":"md"},{"_path":"/vitesse-uni-app/getting-started/views","_dir":"getting-started","_draft":false,"_partial":false,"_locale":"","title":"视图","description":"视图是 uni-app 应用的用户界面，它由组件组成。","navTruncate":true,"icon":"lucide:component","_type":"markdown","_id":"content:vitesse-uni-app:1.getting-started:3.views.md","_source":"content","_file":"vitesse-uni-app/1.getting-started/3.views.md","_stem":"vitesse-uni-app/1.getting-started/3.views","_extension":"md"}]