{"_path":"/unh/env","_dir":"unh","_draft":false,"_partial":false,"_locale":"","title":"环境变量配置","description":"根据当前编译平台及模式提前加载对应的环境变量并生成类型声明文件","navTruncate":false,"icon":"lucide:chevrons-left-right-ellipsis","badges":[{"value":"npm","to":"https://www.npmjs.com/package/@uni-helper/unh","target":"_blank"},{"value":"source","icon":"lucide:code","to":"https://github.com/uni-helper/unh","target":"_blank"}],"body":{"type":"root","children":[{"type":"element","tag":"p","props":{},"children":[{"type":"element","tag":"code","props":{"className":[]},"children":[{"type":"text","value":"@uni-helper/unh"}]},{"type":"text","value":" 提供了环境变量配置功能，可以根据当前编译平台及模式提前加载对应的环境变量并生成类型声明文件，提升开发体验和代码安全性。"}]},{"type":"element","tag":"h2","props":{"id":"基本配置"},"children":[{"type":"text","value":"基本配置"}]},{"type":"element","tag":"p","props":{},"children":[{"type":"text","value":"在 "},{"type":"element","tag":"code","props":{"className":[]},"children":[{"type":"text","value":"unh.config.ts"}]},{"type":"text","value":" 中配置环境变量选项："}]},{"type":"element","tag":"pre","props":{"className":"language-ts shiki shiki-themes github-light github-dark","code":"import { defineConfig } from '@uni-helper/unh'\n\nexport default defineConfig({\n  // 环境变量配置\n  env: true, // 启用环境变量配置\n})\n","filename":"unh.config.ts","language":"ts","meta":"","style":""},"children":[{"type":"element","tag":"code","props":{"__ignoreMap":""},"children":[{"type":"element","tag":"span","props":{"class":"line","line":1},"children":[{"type":"element","tag":"span","props":{"style":"--shiki-default:#D73A49;--shiki-dark:#F97583"},"children":[{"type":"text","value":"import"}]},{"type":"element","tag":"span","props":{"style":"--shiki-default:#24292E;--shiki-dark:#E1E4E8"},"children":[{"type":"text","value":" { defineConfig } "}]},{"type":"element","tag":"span","props":{"style":"--shiki-default:#D73A49;--shiki-dark:#F97583"},"children":[{"type":"text","value":"from"}]},{"type":"element","tag":"span","props":{"style":"--shiki-default:#032F62;--shiki-dark:#9ECBFF"},"children":[{"type":"text","value":" '@uni-helper/unh'\n"}]}]},{"type":"element","tag":"span","props":{"class":"line","line":2},"children":[{"type":"element","tag":"span","props":{"emptyLinePlaceholder":true},"children":[{"type":"text","value":"\n"}]}]},{"type":"element","tag":"span","props":{"class":"line","line":3},"children":[{"type":"element","tag":"span","props":{"style":"--shiki-default:#D73A49;--shiki-dark:#F97583"},"children":[{"type":"text","value":"export"}]},{"type":"element","tag":"span","props":{"style":"--shiki-default:#D73A49;--shiki-dark:#F97583"},"children":[{"type":"text","value":" default"}]},{"type":"element","tag":"span","props":{"style":"--shiki-default:#6F42C1;--shiki-dark:#B392F0"},"children":[{"type":"text","value":" defineConfig"}]},{"type":"element","tag":"span","props":{"style":"--shiki-default:#24292E;--shiki-dark:#E1E4E8"},"children":[{"type":"text","value":"({\n"}]}]},{"type":"element","tag":"span","props":{"class":"line","line":4},"children":[{"type":"element","tag":"span","props":{"style":"--shiki-default:#6A737D;--shiki-dark:#6A737D"},"children":[{"type":"text","value":"  // 环境变量配置\n"}]}]},{"type":"element","tag":"span","props":{"class":"line","line":5},"children":[{"type":"element","tag":"span","props":{"style":"--shiki-default:#24292E;--shiki-dark:#E1E4E8"},"children":[{"type":"text","value":"  env: "}]},{"type":"element","tag":"span","props":{"style":"--shiki-default:#005CC5;--shiki-dark:#79B8FF"},"children":[{"type":"text","value":"true"}]},{"type":"element","tag":"span","props":{"style":"--shiki-default:#24292E;--shiki-dark:#E1E4E8"},"children":[{"type":"text","value":", "}]},{"type":"element","tag":"span","props":{"style":"--shiki-default:#6A737D;--shiki-dark:#6A737D"},"children":[{"type":"text","value":"// 启用环境变量配置\n"}]}]},{"type":"element","tag":"span","props":{"class":"line","line":6},"children":[{"type":"element","tag":"span","props":{"style":"--shiki-default:#24292E;--shiki-dark:#E1E4E8"},"children":[{"type":"text","value":"})\n"}]}]}]}]},{"type":"element","tag":"h2","props":{"id":"配置选项"},"children":[{"type":"text","value":"配置选项"}]},{"type":"element","tag":"h3","props":{"id":"env"},"children":[{"type":"element","tag":"code","props":{"className":[]},"children":[{"type":"text","value":"env"}]}]},{"type":"element","tag":"field","props":{"default-value":"false","name":"env","type":"boolean | EnvOptions"},"children":[{"type":"element","tag":"p","props":{},"children":[{"type":"text","value":"是否启用环境变量配置"}]},{"type":"element","tag":"ul","props":{},"children":[{"type":"element","tag":"li","props":{},"children":[{"type":"element","tag":"code","props":{"className":[]},"children":[{"type":"text","value":"true"}]},{"type":"text","value":" 启用默认配置"}]},{"type":"element","tag":"li","props":{},"children":[{"type":"text","value":"对象形式可配置更多选项"}]}]}]},{"type":"element","tag":"h3","props":{"id":"root"},"children":[{"type":"element","tag":"code","props":{"className":[]},"children":[{"type":"text","value":"root"}]}]},{"type":"element","tag":"field","props":{"default-value":"项目根目录","name":"root","type":"string"},"children":[{"type":"element","tag":"p","props":{},"children":[{"type":"text","value":"环境变量文件根目录，默认为项目根目录"}]}]},{"type":"element","tag":"h3","props":{"id":"useplatformdir"},"children":[{"type":"element","tag":"code","props":{"className":[]},"children":[{"type":"text","value":"usePlatformDir"}]}]},{"type":"element","tag":"field","props":{"default-value":"false","name":"usePlatformDir","type":"boolean"},"children":[{"type":"element","tag":"p","props":{},"children":[{"type":"text","value":"是否使用平台名称当作子目录"}]},{"type":"element","tag":"ul","props":{},"children":[{"type":"element","tag":"li","props":{},"children":[{"type":"text","value":"假设 "},{"type":"element","tag":"code","props":{"className":[]},"children":[{"type":"text","value":"root"}]},{"type":"text","value":" 为 "},{"type":"element","tag":"code","props":{"className":[]},"children":[{"type":"text","value":"envs"}]},{"type":"text","value":"，开启该参数后，则环境变量文件路径："},{"type":"element","tag":"code","props":{"className":[]},"children":[{"type":"text","value":"envs/mp-weixin/.env"}]},{"type":"text","value":"、"},{"type":"element","tag":"code","props":{"className":[]},"children":[{"type":"text","value":"envs/h5/.env"}]},{"type":"text","value":"..."}]}]}]},{"type":"element","tag":"h3","props":{"id":"prefixes"},"children":[{"type":"element","tag":"code","props":{"className":[]},"children":[{"type":"text","value":"prefixes"}]}]},{"type":"element","tag":"field","props":{"default-value":"['VITE_', 'UNI_']","name":"prefixes","type":"string[]"},"children":[{"type":"element","tag":"p","props":{},"children":[{"type":"text","value":"筛选需加载的环境变量名前缀，默认为 "},{"type":"element","tag":"code","props":{"className":[]},"children":[{"type":"text","value":"['VITE_', 'UNI_']"}]}]}]},{"type":"element","tag":"h3","props":{"id":"intoprocess"},"children":[{"type":"element","tag":"code","props":{"className":[]},"children":[{"type":"text","value":"intoProcess"}]}]},{"type":"element","tag":"field","props":{"default-value":"true","name":"intoProcess","type":"boolean"},"children":[{"type":"element","tag":"p","props":{},"children":[{"type":"text","value":"是否将加载的环境变量合并至 "},{"type":"element","tag":"code","props":{"className":[]},"children":[{"type":"text","value":"process.env"}]},{"type":"text","value":" 中"}]}]},{"type":"element","tag":"h3","props":{"id":"dts"},"children":[{"type":"element","tag":"code","props":{"className":[]},"children":[{"type":"text","value":"dts"}]}]},{"type":"element","tag":"field","props":{"default-value":"'uni-env.d.ts'","name":"dts","type":"boolean | string"},"children":[{"type":"element","tag":"p","props":{},"children":[{"type":"text","value":"是否生成类型声明文件"}]},{"type":"element","tag":"ul","props":{},"children":[{"type":"element","tag":"li","props":{},"children":[{"type":"element","tag":"code","props":{"className":[]},"children":[{"type":"text","value":"false"}]},{"type":"text","value":" 不生成类型声明文件"}]},{"type":"element","tag":"li","props":{},"children":[{"type":"element","tag":"code","props":{"className":[]},"children":[{"type":"text","value":"string"}]},{"type":"text","value":" 指定类型声明文件名"}]}]}]},{"type":"element","tag":"h2","props":{"id":"高级配置示例"},"children":[{"type":"text","value":"高级配置示例"}]},{"type":"element","tag":"pre","props":{"className":"language-ts shiki shiki-themes github-light github-dark","code":"import { defineConfig } from '@uni-helper/unh'\n\nexport default defineConfig({\n  env: {\n    // 环境变量文件根目录\n    root: 'envs',\n    // 使用平台名称当作子目录\n    usePlatformDir: true,\n    // 自定义环境变量前缀\n    prefixes: ['VITE_', 'UNI_', 'APP_'],\n    // 将加载的环境变量合并至 process.env 中\n    intoProcess: true,\n    // 生成类型声明文件\n    dts: 'types/env.d.ts',\n  },\n})\n","filename":"unh.config.ts","language":"ts","meta":"","style":""},"children":[{"type":"element","tag":"code","props":{"__ignoreMap":""},"children":[{"type":"element","tag":"span","props":{"class":"line","line":1},"children":[{"type":"element","tag":"span","props":{"style":"--shiki-default:#D73A49;--shiki-dark:#F97583"},"children":[{"type":"text","value":"import"}]},{"type":"element","tag":"span","props":{"style":"--shiki-default:#24292E;--shiki-dark:#E1E4E8"},"children":[{"type":"text","value":" { defineConfig } "}]},{"type":"element","tag":"span","props":{"style":"--shiki-default:#D73A49;--shiki-dark:#F97583"},"children":[{"type":"text","value":"from"}]},{"type":"element","tag":"span","props":{"style":"--shiki-default:#032F62;--shiki-dark:#9ECBFF"},"children":[{"type":"text","value":" '@uni-helper/unh'\n"}]}]},{"type":"element","tag":"span","props":{"class":"line","line":2},"children":[{"type":"element","tag":"span","props":{"emptyLinePlaceholder":true},"children":[{"type":"text","value":"\n"}]}]},{"type":"element","tag":"span","props":{"class":"line","line":3},"children":[{"type":"element","tag":"span","props":{"style":"--shiki-default:#D73A49;--shiki-dark:#F97583"},"children":[{"type":"text","value":"export"}]},{"type":"element","tag":"span","props":{"style":"--shiki-default:#D73A49;--shiki-dark:#F97583"},"children":[{"type":"text","value":" default"}]},{"type":"element","tag":"span","props":{"style":"--shiki-default:#6F42C1;--shiki-dark:#B392F0"},"children":[{"type":"text","value":" defineConfig"}]},{"type":"element","tag":"span","props":{"style":"--shiki-default:#24292E;--shiki-dark:#E1E4E8"},"children":[{"type":"text","value":"({\n"}]}]},{"type":"element","tag":"span","props":{"class":"line","line":4},"children":[{"type":"element","tag":"span","props":{"style":"--shiki-default:#24292E;--shiki-dark:#E1E4E8"},"children":[{"type":"text","value":"  env: {\n"}]}]},{"type":"element","tag":"span","props":{"class":"line","line":5},"children":[{"type":"element","tag":"span","props":{"style":"--shiki-default:#6A737D;--shiki-dark:#6A737D"},"children":[{"type":"text","value":"    // 环境变量文件根目录\n"}]}]},{"type":"element","tag":"span","props":{"class":"line","line":6},"children":[{"type":"element","tag":"span","props":{"style":"--shiki-default:#24292E;--shiki-dark:#E1E4E8"},"children":[{"type":"text","value":"    root: "}]},{"type":"element","tag":"span","props":{"style":"--shiki-default:#032F62;--shiki-dark:#9ECBFF"},"children":[{"type":"text","value":"'envs'"}]},{"type":"element","tag":"span","props":{"style":"--shiki-default:#24292E;--shiki-dark:#E1E4E8"},"children":[{"type":"text","value":",\n"}]}]},{"type":"element","tag":"span","props":{"class":"line","line":7},"children":[{"type":"element","tag":"span","props":{"style":"--shiki-default:#6A737D;--shiki-dark:#6A737D"},"children":[{"type":"text","value":"    // 使用平台名称当作子目录\n"}]}]},{"type":"element","tag":"span","props":{"class":"line","line":8},"children":[{"type":"element","tag":"span","props":{"style":"--shiki-default:#24292E;--shiki-dark:#E1E4E8"},"children":[{"type":"text","value":"    usePlatformDir: "}]},{"type":"element","tag":"span","props":{"style":"--shiki-default:#005CC5;--shiki-dark:#79B8FF"},"children":[{"type":"text","value":"true"}]},{"type":"element","tag":"span","props":{"style":"--shiki-default:#24292E;--shiki-dark:#E1E4E8"},"children":[{"type":"text","value":",\n"}]}]},{"type":"element","tag":"span","props":{"class":"line","line":9},"children":[{"type":"element","tag":"span","props":{"style":"--shiki-default:#6A737D;--shiki-dark:#6A737D"},"children":[{"type":"text","value":"    // 自定义环境变量前缀\n"}]}]},{"type":"element","tag":"span","props":{"class":"line","line":10},"children":[{"type":"element","tag":"span","props":{"style":"--shiki-default:#24292E;--shiki-dark:#E1E4E8"},"children":[{"type":"text","value":"    prefixes: ["}]},{"type":"element","tag":"span","props":{"style":"--shiki-default:#032F62;--shiki-dark:#9ECBFF"},"children":[{"type":"text","value":"'VITE_'"}]},{"type":"element","tag":"span","props":{"style":"--shiki-default:#24292E;--shiki-dark:#E1E4E8"},"children":[{"type":"text","value":", "}]},{"type":"element","tag":"span","props":{"style":"--shiki-default:#032F62;--shiki-dark:#9ECBFF"},"children":[{"type":"text","value":"'UNI_'"}]},{"type":"element","tag":"span","props":{"style":"--shiki-default:#24292E;--shiki-dark:#E1E4E8"},"children":[{"type":"text","value":", "}]},{"type":"element","tag":"span","props":{"style":"--shiki-default:#032F62;--shiki-dark:#9ECBFF"},"children":[{"type":"text","value":"'APP_'"}]},{"type":"element","tag":"span","props":{"style":"--shiki-default:#24292E;--shiki-dark:#E1E4E8"},"children":[{"type":"text","value":"],\n"}]}]},{"type":"element","tag":"span","props":{"class":"line","line":11},"children":[{"type":"element","tag":"span","props":{"style":"--shiki-default:#6A737D;--shiki-dark:#6A737D"},"children":[{"type":"text","value":"    // 将加载的环境变量合并至 process.env 中\n"}]}]},{"type":"element","tag":"span","props":{"class":"line","line":12},"children":[{"type":"element","tag":"span","props":{"style":"--shiki-default:#24292E;--shiki-dark:#E1E4E8"},"children":[{"type":"text","value":"    intoProcess: "}]},{"type":"element","tag":"span","props":{"style":"--shiki-default:#005CC5;--shiki-dark:#79B8FF"},"children":[{"type":"text","value":"true"}]},{"type":"element","tag":"span","props":{"style":"--shiki-default:#24292E;--shiki-dark:#E1E4E8"},"children":[{"type":"text","value":",\n"}]}]},{"type":"element","tag":"span","props":{"class":"line","line":13},"children":[{"type":"element","tag":"span","props":{"style":"--shiki-default:#6A737D;--shiki-dark:#6A737D"},"children":[{"type":"text","value":"    // 生成类型声明文件\n"}]}]},{"type":"element","tag":"span","props":{"class":"line","line":14},"children":[{"type":"element","tag":"span","props":{"style":"--shiki-default:#24292E;--shiki-dark:#E1E4E8"},"children":[{"type":"text","value":"    dts: "}]},{"type":"element","tag":"span","props":{"style":"--shiki-default:#032F62;--shiki-dark:#9ECBFF"},"children":[{"type":"text","value":"'types/env.d.ts'"}]},{"type":"element","tag":"span","props":{"style":"--shiki-default:#24292E;--shiki-dark:#E1E4E8"},"children":[{"type":"text","value":",\n"}]}]},{"type":"element","tag":"span","props":{"class":"line","line":15},"children":[{"type":"element","tag":"span","props":{"style":"--shiki-default:#24292E;--shiki-dark:#E1E4E8"},"children":[{"type":"text","value":"  },\n"}]}]},{"type":"element","tag":"span","props":{"class":"line","line":16},"children":[{"type":"element","tag":"span","props":{"style":"--shiki-default:#24292E;--shiki-dark:#E1E4E8"},"children":[{"type":"text","value":"})\n"}]}]}]}]},{"type":"element","tag":"style","props":{},"children":[{"type":"text","value":"html .default .shiki span {color: var(--shiki-default);background: var(--shiki-default-bg);font-style: var(--shiki-default-font-style);font-weight: var(--shiki-default-font-weight);text-decoration: var(--shiki-default-text-decoration);}html .shiki span {color: var(--shiki-default);background: var(--shiki-default-bg);font-style: var(--shiki-default-font-style);font-weight: var(--shiki-default-font-weight);text-decoration: var(--shiki-default-text-decoration);}html .dark .shiki span {color: var(--shiki-dark);background: var(--shiki-dark-bg);font-style: var(--shiki-dark-font-style);font-weight: var(--shiki-dark-font-weight);text-decoration: var(--shiki-dark-text-decoration);}html.dark .shiki span {color: var(--shiki-dark);background: var(--shiki-dark-bg);font-style: var(--shiki-dark-font-style);font-weight: var(--shiki-dark-font-weight);text-decoration: var(--shiki-dark-text-decoration);}"}]}],"toc":{"title":"","searchDepth":2,"depth":2,"links":[{"id":"基本配置","depth":2,"text":"基本配置"},{"id":"配置选项","depth":2,"text":"配置选项","children":[{"id":"env","depth":3,"text":"env"},{"id":"root","depth":3,"text":"root"},{"id":"useplatformdir","depth":3,"text":"usePlatformDir"},{"id":"prefixes","depth":3,"text":"prefixes"},{"id":"intoprocess","depth":3,"text":"intoProcess"},{"id":"dts","depth":3,"text":"dts"}]},{"id":"高级配置示例","depth":2,"text":"高级配置示例"}]}},"_type":"markdown","_id":"content:unh:6.env.md","_source":"content","_file":"unh/6.env.md","_stem":"unh/6.env","_extension":"md"}