[{"_path":"/uni-network/other/comparison","_dir":"other","_draft":false,"_partial":false,"_locale":"","title":"比较","description":"与其他请求库的对比","navTruncate":false,"icon":"material-symbols:compare-arrows-rounded","_type":"markdown","_id":"content:uni-network:4.other:2.comparison.md","_source":"content","_file":"uni-network/4.other/2.comparison.md","_stem":"uni-network/4.other/2.comparison","_extension":"md"},{"_path":"/uni-promises","_dir":"","_draft":false,"_partial":false,"_locale":"","title":"uni-promises","description":"uni-promises 是为 uni-app 提供的 promise 化的 API","icon":"eos-icons:action-chains-outlined","navTruncate":false,"badges":[{"value":"npm","to":"https://www.npmjs.com/package/@uni-helper/uni-promises","target":"_blank"},{"value":"source","icon":"lucide:code","to":"https://github.com/uni-helper/uni-promises","target":"_blank"}],"_type":"markdown","_id":"content:uni-promises:index.md","_source":"content","_file":"uni-promises/index.md","_stem":"uni-promises/index","_extension":"md"}]