[{"_path":"/uni-network/other/thank","_dir":"other","_draft":false,"_partial":false,"_locale":"","title":"致谢","description":"根据字母顺序排序。","navTruncate":false,"icon":"ic:outline-handshake","_type":"markdown","_id":"content:uni-network:4.other:3.thank.md","_source":"content","_file":"uni-network/4.other/3.thank.md","_stem":"uni-network/4.other/3.thank","_extension":"md"},{"_path":"/uni-typed/guide/why","_dir":"guide","_draft":false,"_partial":false,"_locale":"","title":"为什么？","description":"为 uni-app 提供 TypeScript 类型定义，提升开发效率。","icon":"material-symbols:question-mark-rounded","navTruncate":false,"badges":[{"value":"npm","to":"https://www.npmjs.com/package/@uni-helper/uni-typed","target":"_blank"},{"value":"source","icon":"lucide:code","to":"https://github.com/uni-helper/uni-typed","target":"_blank"}],"_type":"markdown","_id":"content:uni-typed:1.guide:1.why.md","_source":"content","_file":"uni-typed/1.guide/1.why.md","_stem":"uni-typed/1.guide/1.why","_extension":"md"}]