[{"_path":"/uni-network/guide/introduction","_dir":"guide","_draft":false,"_partial":false,"_locale":"","title":"介绍","description":"uni-network 是一个为 uni-app 打造的基于 Promise 的 HTTP 客户端。","icon":"lucide:notebook-text","_type":"markdown","_id":"content:uni-network:1.guide:1.introduction.md","_source":"content","_file":"uni-network/1.guide/1.introduction.md","_stem":"uni-network/1.guide/1.introduction","_extension":"md"},{"_path":"/uni-network/guide/example","_dir":"guide","_draft":false,"_partial":false,"_locale":"","title":"基本用例","description":"发起一个网络请求","navTruncate":false,"icon":"material-symbols:developer-guide-outline-rounded","_type":"markdown","_id":"content:uni-network:1.guide:3.example.md","_source":"content","_file":"uni-network/1.guide/3.example.md","_stem":"uni-network/1.guide/3.example","_extension":"md"}]