[{"_path":"/uni-network/api/introduction","_dir":"api","_draft":false,"_partial":false,"_locale":"","title":"API","description":"可以直接向导入的 un 传递相关配置来发起请求。","navTruncate":false,"icon":"ant-design:api-outlined","_type":"markdown","_id":"content:uni-network:2.api:1.introduction.md","_source":"content","_file":"uni-network/2.api/1.introduction.md","_stem":"uni-network/2.api/1.introduction","_extension":"md"},{"_path":"/uni-network/api/request-config","_dir":"api","_draft":false,"_partial":false,"_locale":"","title":"请求配置","description":"配置网络请求参数和选项","navTruncate":false,"icon":"lucide:chevrons-left-right","_type":"markdown","_id":"content:uni-network:2.api:3.request-config.md","_source":"content","_file":"uni-network/2.api/3.request-config.md","_stem":"uni-network/2.api/3.request-config","_extension":"md"}]