[{"_path":"/vs-code/uni-ui-snippets-vscode","_dir":"vs-code","_draft":false,"_partial":false,"_locale":"","title":"uni-ui-snippets-vscode","description":"uni-ui 的 VSCode 代码片段","icon":"ic:outline-snippet-folder","navTruncate":false,"badges":[{"value":"marketplace","to":"https://marketplace.visualstudio.com/items?itemName=uni-helper.uni-ui-snippets-vscode","target":"_blank"},{"value":"source","icon":"lucide:code","to":"https://github.com/uni-helper/uni-ui-snippets-vscode","target":"_blank"}],"_type":"markdown","_id":"content:vs-code:5.uni-ui-snippets-vscode.md","_source":"content","_file":"vs-code/5.uni-ui-snippets-vscode.md","_stem":"vs-code/5.uni-ui-snippets-vscode","_extension":"md"},{"_path":"/vs-code/uni-create-view","_dir":"vs-code","_draft":false,"_partial":false,"_locale":"","title":"uni-create-view","description":"在 VS Code 右键目录文件夹快速创建页面与组建，创建视图页面时将自动添加 `pages.json` 中","icon":"ic:outline-create-new-folder","navTruncate":false,"badges":[{"value":"marketplace","to":"https://marketplace.visualstudio.com/items?itemName=mrmaoddxxaa.create-uniapp-view","target":"_blank"},{"value":"source","icon":"lucide:code","to":"https://github.com/uni-helper/uni-create-view","target":"_blank"}],"_type":"markdown","_id":"content:vs-code:7.uni-create-view.md","_source":"content","_file":"vs-code/7.uni-create-view.md","_stem":"vs-code/7.uni-create-view","_extension":"md"}]