[{"_path":"/uni-typed/guide/uni-types","_dir":"guide","_draft":false,"_partial":false,"_locale":"","title":"uni-types","description":"为 Vue v3 uni-app、uni-cloud 和 uni-ui 组件提供 TypeScript 类型","icon":"hugeicons:typescript-01","navTruncate":false,"badges":[{"value":"npm","to":"https://www.npmjs.com/package/@uni-helper/uni-types","target":"_blank"},{"value":"source","icon":"lucide:code","to":"https://github.com/uni-helper/uni-typed","target":"_blank"}],"_type":"markdown","_id":"content:uni-typed:1.guide:6.uni-types.md","_source":"content","_file":"uni-typed/1.guide/6.uni-types.md","_stem":"uni-typed/1.guide/6.uni-types","_extension":"md"},{"_path":"/uni-typed/guide/uni-cloud-components","_dir":"guide","_draft":false,"_partial":false,"_locale":"","title":"uni-cloud-components","description":null,"icon":"hugeicons:typescript-01","navTruncate":false,"badges":[{"value":"npm","to":"https://www.npmjs.com/package/@uni-helper/uni-types","target":"_blank"},{"value":"source","icon":"lucide:code","to":"https://github.com/uni-helper/uni-typed","target":"_blank"}],"_type":"markdown","_id":"content:uni-typed:1.guide:8.uni-cloud-components.md","_source":"content","_file":"uni-typed/1.guide/8.uni-cloud-components.md","_stem":"uni-typed/1.guide/8.uni-cloud-components","_extension":"md"}]