{"_path":"/vitesse-uni-app/guide/typescript","_dir":"guide","_draft":false,"_partial":false,"_locale":"","title":"TypeScript","description":"我们通过 @dcloudio/types 和 @uni-helper/uni-app-types 提供了 fully typed","navTruncate":false,"icon":"hugeicons:typescript-01","body":{"type":"root","children":[{"type":"element","tag":"h2","props":{"id":"类型检查"},"children":[{"type":"text","value":"类型检查"}]},{"type":"element","tag":"p","props":{},"children":[{"type":"text","value":"默认情况下，出于性能原因，我们不在开发和构建时检查类型，但是你可以使用内置的 "},{"type":"element","tag":"code","props":{"className":[]},"children":[{"type":"text","value":"vue-tsc"}]},{"type":"text","value":" 进行类型检查"}]},{"type":"element","tag":"pre","props":{"className":"language-bash shiki shiki-themes github-light github-dark","code":"pnpm type-check\n","language":"bash","meta":"","style":""},"children":[{"type":"element","tag":"code","props":{"__ignoreMap":""},"children":[{"type":"element","tag":"span","props":{"class":"line","line":1},"children":[{"type":"element","tag":"span","props":{"style":"--shiki-default:#6F42C1;--shiki-dark:#B392F0"},"children":[{"type":"text","value":"pnpm"}]},{"type":"element","tag":"span","props":{"style":"--shiki-default:#032F62;--shiki-dark:#9ECBFF"},"children":[{"type":"text","value":" type-check\n"}]}]}]}]},{"type":"element","tag":"h2","props":{"id":"自动生成的类型"},"children":[{"type":"text","value":"自动生成的类型"}]},{"type":"element","tag":"p","props":{},"children":[{"type":"text","value":"当你执行开发和构建命令时，我们会支持自动生成以下类型文件："}]},{"type":"element","tag":"h3","props":{"id":"srcauto-importsdts"},"children":[{"type":"element","tag":"code","props":{"className":[]},"children":[{"type":"text","value":"src/auto-imports.d.ts"}]}]},{"type":"element","tag":"p","props":{},"children":[{"type":"text","value":"由 unplugin-auto-imports 提供，用于 uni-app、vue、vueuse 等提供类型支持"}]},{"type":"element","tag":"h3","props":{"id":"srccomponentsdts"},"children":[{"type":"element","tag":"code","props":{"className":[]},"children":[{"type":"text","value":"src/components.d.ts"}]}]},{"type":"element","tag":"p","props":{},"children":[{"type":"text","value":"由 vite-plugin-uni-components 提供，"}]},{"type":"element","tag":"h3","props":{"id":"srcuni-pagesdts"},"children":[{"type":"element","tag":"code","props":{"className":[]},"children":[{"type":"text","value":"src/uni-pages.d.ts"}]}]},{"type":"element","tag":"p","props":{},"children":[{"type":"text","value":"由 vite-plugin-uni-pages 提供，用于为 "},{"type":"element","tag":"code","props":{"className":[]},"children":[{"type":"text","value":"uni"}]},{"type":"text","value":" 的 navigate 相关函数提供类型支持"}]},{"type":"element","tag":"style","props":{},"children":[{"type":"text","value":"html .default .shiki span {color: var(--shiki-default);background: var(--shiki-default-bg);font-style: var(--shiki-default-font-style);font-weight: var(--shiki-default-font-weight);text-decoration: var(--shiki-default-text-decoration);}html .shiki span {color: var(--shiki-default);background: var(--shiki-default-bg);font-style: var(--shiki-default-font-style);font-weight: var(--shiki-default-font-weight);text-decoration: var(--shiki-default-text-decoration);}html .dark .shiki span {color: var(--shiki-dark);background: var(--shiki-dark-bg);font-style: var(--shiki-dark-font-style);font-weight: var(--shiki-dark-font-weight);text-decoration: var(--shiki-dark-text-decoration);}html.dark .shiki span {color: var(--shiki-dark);background: var(--shiki-dark-bg);font-style: var(--shiki-dark-font-style);font-weight: var(--shiki-dark-font-weight);text-decoration: var(--shiki-dark-text-decoration);}"}]}],"toc":{"title":"","searchDepth":2,"depth":2,"links":[{"id":"类型检查","depth":2,"text":"类型检查"},{"id":"自动生成的类型","depth":2,"text":"自动生成的类型","children":[{"id":"srcauto-importsdts","depth":3,"text":"src/auto-imports.d.ts"},{"id":"srccomponentsdts","depth":3,"text":"src/components.d.ts"},{"id":"srcuni-pagesdts","depth":3,"text":"src/uni-pages.d.ts"}]}]}},"_type":"markdown","_id":"content:vitesse-uni-app:2.guide:3.typescript.md","_source":"content","_file":"vitesse-uni-app/2.guide/3.typescript.md","_stem":"vitesse-uni-app/2.guide/3.typescript","_extension":"md"}