{"_path":"/unocss-preset-uni","_dir":{"_path":"/unocss-preset-uni/_dir","title":"unocss-preset-uni","collapse":false,"showTitle":false,"toc":{"links":[{"title":"点亮星星","icon":"lucide:star","to":"https://github.com/uni-helper/unocss-preset-uni","target":"_blank"},{"title":"反馈问题","icon":"lucide:github","to":"https://github.com/uni-helper/unocss-preset-uni/issues","target":"_blank"}]}},"_draft":false,"_partial":false,"_locale":"","title":"unocss-preset-uni","description":"专为 uni-app 打造的 UnoCSS 预设","navTruncate":false,"icon":"logos:unocss","badges":[{"value":"npm","to":"https://www.npmjs.com/package/@uni-helper/unocss-preset-uni","target":"_blank"},{"value":"source","icon":"lucide:code","to":"https://github.com/uni-helper/unocss-preset-uni","target":"_blank"}],"body":{"type":"root","children":[{"type":"element","tag":"h2","props":{"id":"特性"},"children":[{"type":"text","value":"特性"}]},{"type":"element","tag":"ul","props":{},"children":[{"type":"element","tag":"li","props":{},"children":[{"type":"text","value":"🥰 适配 uni-app 所有支持平台！"}]},{"type":"element","tag":"li","props":{},"children":[{"type":"text","value":"🚀 几乎零配置启动！"}]},{"type":"element","tag":"li","props":{},"children":[{"type":"text","value":"⚡️ 内置 "},{"type":"element","tag":"code","props":{"className":[]},"children":[{"type":"text","value":"presetUno"}]},{"type":"text","value":" 和 "},{"type":"element","tag":"code","props":{"className":[]},"children":[{"type":"text","value":"presetAttributify"}]},{"type":"text","value":" 支持！"}]},{"type":"element","tag":"li","props":{},"children":[{"type":"text","value":"⚙️ 随时停用或自定义预设的配置"}]},{"type":"element","tag":"li","props":{},"children":[{"type":"text","value":"🦾 按平台编写样式！"}]},{"type":"element","tag":"li","props":{},"children":[{"type":"text","value":"👻 Windows 用户？告别烦人的崩溃！"},{"type":"element","tag":"a","props":{"href":"https://github.com/dcloudio/uni-app/issues/3603","rel":["nofollow"]},"children":[{"type":"text","value":"#3603"}]}]}]},{"type":"element","tag":"h2","props":{"id":"使用"},"children":[{"type":"text","value":"使用"}]},{"type":"element","tag":"blockquote","props":{},"children":[{"type":"element","tag":"p","props":{},"children":[{"type":"text","value":"UnoCSS 从 v0.59 开始只提供 ESM 支持，相关信息请参考 "},{"type":"element","tag":"a","props":{"href":"https://gist.github.com/sindresorhus/a39789f98801d908bbc7ff3ecc99d99c","rel":["nofollow"]},"children":[{"type":"text","value":"Pure ESM package"}]},{"type":"text","value":"。"}]}]},{"type":"element","tag":"h3","props":{"id":"安装"},"children":[{"type":"text","value":"安装"}]},{"type":"element","tag":"pm-install","props":{"name":"-D @uni-helper/unocss-preset-uni unocss-applet unocss"},"children":[]},{"type":"element","tag":"collapsible","props":{"variant":"card"},"children":[{"type":"element","tag":"template","props":{"v-slot:title":""},"children":[{"type":"element","tag":"p","props":{},"children":[{"type":"text","value":"安装 "},{"type":"element","tag":"code","props":{"className":[]},"children":[{"type":"text","value":"unocss v0.58"}]},{"type":"text","value":" 以下版本"}]}]},{"type":"element","tag":"template","props":{"v-slot:content":""},"children":[{"type":"element","tag":"pm-install","props":{"name":"-D @uni-helper/unocss-preset-uni unocss-applet@0.7.8 unocss@0.58.9"},"children":[]}]}]},{"type":"element","tag":"h3","props":{"id":"配置"},"children":[{"type":"text","value":"配置"}]},{"type":"element","tag":"pre","props":{"className":"language-ts shiki shiki-themes github-light github-dark","code":"import Uni from '@dcloudio/vite-plugin-uni'\nimport { defineConfig } from 'vite'\n\nexport default async () => {\n  const UnoCSS = (await import('unocss/vite')).default\n\n  return defineConfig({\n    plugins: [\n      Uni(),\n      UnoCSS()\n    ]\n  })\n}\n","filename":"vite.config.ts","language":"ts","meta":"","style":""},"children":[{"type":"element","tag":"code","props":{"__ignoreMap":""},"children":[{"type":"element","tag":"span","props":{"class":"line","line":1},"children":[{"type":"element","tag":"span","props":{"style":"--shiki-default:#D73A49;--shiki-dark:#F97583"},"children":[{"type":"text","value":"import"}]},{"type":"element","tag":"span","props":{"style":"--shiki-default:#24292E;--shiki-dark:#E1E4E8"},"children":[{"type":"text","value":" Uni "}]},{"type":"element","tag":"span","props":{"style":"--shiki-default:#D73A49;--shiki-dark:#F97583"},"children":[{"type":"text","value":"from"}]},{"type":"element","tag":"span","props":{"style":"--shiki-default:#032F62;--shiki-dark:#9ECBFF"},"children":[{"type":"text","value":" '@dcloudio/vite-plugin-uni'\n"}]}]},{"type":"element","tag":"span","props":{"class":"line","line":2},"children":[{"type":"element","tag":"span","props":{"style":"--shiki-default:#D73A49;--shiki-dark:#F97583"},"children":[{"type":"text","value":"import"}]},{"type":"element","tag":"span","props":{"style":"--shiki-default:#24292E;--shiki-dark:#E1E4E8"},"children":[{"type":"text","value":" { defineConfig } "}]},{"type":"element","tag":"span","props":{"style":"--shiki-default:#D73A49;--shiki-dark:#F97583"},"children":[{"type":"text","value":"from"}]},{"type":"element","tag":"span","props":{"style":"--shiki-default:#032F62;--shiki-dark:#9ECBFF"},"children":[{"type":"text","value":" 'vite'\n"}]}]},{"type":"element","tag":"span","props":{"class":"line","line":3},"children":[{"type":"element","tag":"span","props":{"emptyLinePlaceholder":true},"children":[{"type":"text","value":"\n"}]}]},{"type":"element","tag":"span","props":{"class":"line","line":4},"children":[{"type":"element","tag":"span","props":{"style":"--shiki-default:#D73A49;--shiki-dark:#F97583"},"children":[{"type":"text","value":"export"}]},{"type":"element","tag":"span","props":{"style":"--shiki-default:#D73A49;--shiki-dark:#F97583"},"children":[{"type":"text","value":" default"}]},{"type":"element","tag":"span","props":{"style":"--shiki-default:#D73A49;--shiki-dark:#F97583"},"children":[{"type":"text","value":" async"}]},{"type":"element","tag":"span","props":{"style":"--shiki-default:#24292E;--shiki-dark:#E1E4E8"},"children":[{"type":"text","value":" () "}]},{"type":"element","tag":"span","props":{"style":"--shiki-default:#D73A49;--shiki-dark:#F97583"},"children":[{"type":"text","value":"=>"}]},{"type":"element","tag":"span","props":{"style":"--shiki-default:#24292E;--shiki-dark:#E1E4E8"},"children":[{"type":"text","value":" {\n"}]}]},{"type":"element","tag":"span","props":{"class":"line","line":5},"children":[{"type":"element","tag":"span","props":{"style":"--shiki-default:#D73A49;--shiki-dark:#F97583"},"children":[{"type":"text","value":"  const"}]},{"type":"element","tag":"span","props":{"style":"--shiki-default:#005CC5;--shiki-dark:#79B8FF"},"children":[{"type":"text","value":" UnoCSS"}]},{"type":"element","tag":"span","props":{"style":"--shiki-default:#D73A49;--shiki-dark:#F97583"},"children":[{"type":"text","value":" ="}]},{"type":"element","tag":"span","props":{"style":"--shiki-default:#24292E;--shiki-dark:#E1E4E8"},"children":[{"type":"text","value":" ("}]},{"type":"element","tag":"span","props":{"style":"--shiki-default:#D73A49;--shiki-dark:#F97583"},"children":[{"type":"text","value":"await"}]},{"type":"element","tag":"span","props":{"style":"--shiki-default:#D73A49;--shiki-dark:#F97583"},"children":[{"type":"text","value":" import"}]},{"type":"element","tag":"span","props":{"style":"--shiki-default:#24292E;--shiki-dark:#E1E4E8"},"children":[{"type":"text","value":"("}]},{"type":"element","tag":"span","props":{"style":"--shiki-default:#032F62;--shiki-dark:#9ECBFF"},"children":[{"type":"text","value":"'unocss/vite'"}]},{"type":"element","tag":"span","props":{"style":"--shiki-default:#24292E;--shiki-dark:#E1E4E8"},"children":[{"type":"text","value":")).default\n"}]}]},{"type":"element","tag":"span","props":{"class":"line","line":6},"children":[{"type":"element","tag":"span","props":{"emptyLinePlaceholder":true},"children":[{"type":"text","value":"\n"}]}]},{"type":"element","tag":"span","props":{"class":"line","line":7},"children":[{"type":"element","tag":"span","props":{"style":"--shiki-default:#D73A49;--shiki-dark:#F97583"},"children":[{"type":"text","value":"  return"}]},{"type":"element","tag":"span","props":{"style":"--shiki-default:#6F42C1;--shiki-dark:#B392F0"},"children":[{"type":"text","value":" defineConfig"}]},{"type":"element","tag":"span","props":{"style":"--shiki-default:#24292E;--shiki-dark:#E1E4E8"},"children":[{"type":"text","value":"({\n"}]}]},{"type":"element","tag":"span","props":{"class":"line","line":8},"children":[{"type":"element","tag":"span","props":{"style":"--shiki-default:#24292E;--shiki-dark:#E1E4E8"},"children":[{"type":"text","value":"    plugins: [\n"}]}]},{"type":"element","tag":"span","props":{"class":"line","line":9},"children":[{"type":"element","tag":"span","props":{"style":"--shiki-default:#6F42C1;--shiki-dark:#B392F0"},"children":[{"type":"text","value":"      Uni"}]},{"type":"element","tag":"span","props":{"style":"--shiki-default:#24292E;--shiki-dark:#E1E4E8"},"children":[{"type":"text","value":"(),\n"}]}]},{"type":"element","tag":"span","props":{"class":"line","line":10},"children":[{"type":"element","tag":"span","props":{"style":"--shiki-default:#6F42C1;--shiki-dark:#B392F0"},"children":[{"type":"text","value":"      UnoCSS"}]},{"type":"element","tag":"span","props":{"style":"--shiki-default:#24292E;--shiki-dark:#E1E4E8"},"children":[{"type":"text","value":"()\n"}]}]},{"type":"element","tag":"span","props":{"class":"line","line":11},"children":[{"type":"element","tag":"span","props":{"style":"--shiki-default:#24292E;--shiki-dark:#E1E4E8"},"children":[{"type":"text","value":"    ]\n"}]}]},{"type":"element","tag":"span","props":{"class":"line","line":12},"children":[{"type":"element","tag":"span","props":{"style":"--shiki-default:#24292E;--shiki-dark:#E1E4E8"},"children":[{"type":"text","value":"  })\n"}]}]},{"type":"element","tag":"span","props":{"class":"line","line":13},"children":[{"type":"element","tag":"span","props":{"style":"--shiki-default:#24292E;--shiki-dark:#E1E4E8"},"children":[{"type":"text","value":"}\n"}]}]}]}]},{"type":"element","tag":"p","props":{},"children":[{"type":"text","value":"完整配置示例可参考 "},{"type":"element","tag":"a","props":{"href":"https://github.com/uni-helper/vitesse-uni-app","rel":["nofollow"]},"children":[{"type":"text","value":"uni-helper/vitesse-uni-app"}]},{"type":"text","value":"。"}]},{"type":"element","tag":"h3","props":{"id":"选项"},"children":[{"type":"text","value":"选项"}]},{"type":"element","tag":"field","props":{":required":"true","default-value":"true","name":"uno","required":true,"type":"boolean"},"children":[{"type":"element","tag":"p","props":{},"children":[{"type":"text","value":"是否启用 "},{"type":"element","tag":"a","props":{"href":"https://unocss.dev/presets/uno","rel":["nofollow"]},"children":[{"type":"text","value":"@unocss/preset-uno"}]},{"type":"text","value":"。对于小程序平台，使用基于 @unocss/preset-uno 分叉而来的 "},{"type":"element","tag":"a","props":{"href":"https://github.com/unocss-applet/unocss-applet","rel":["nofollow"]},"children":[{"type":"text","value":"@unocss-applet/preset-applet"}]},{"type":"text","value":" 以获取更佳支持。"}]},{"type":"element","tag":"p","props":{},"children":[{"type":"text","value":"默认启用。要禁用，请传递 "},{"type":"element","tag":"code","props":{"className":[]},"children":[{"type":"text","value":"false"}]},{"type":"text","value":"。"}]},{"type":"element","tag":"p","props":{},"children":[{"type":"text","value":"除了传递 boolean 值，你也可以传递 @unocss/preset-uno 以及 @unocss-applet/preset-applet 的选项，具体选项请查看上方提供的文档链接，此时仍视为开启。"}]}]},{"type":"element","tag":"field","props":{":required":"true","default-value":"true","name":"remRpx","required":true,"type":"boolean"},"children":[{"type":"element","tag":"p","props":{},"children":[{"type":"text","value":"是否启用 "},{"type":"element","tag":"a","props":{"href":"https://github.com/unocss-applet/unocss-applet/tree/main/packages/preset-rem-rpx","rel":["nofollow"]},"children":[{"type":"text","value":"@unocss-applet/preset-rem-rpx"}]},{"type":"text","value":"。"}]},{"type":"element","tag":"p","props":{},"children":[{"type":"text","value":"默认启用，将 rpx 转换成 rem（即 "},{"type":"element","tag":"code","props":{"className":[]},"children":[{"type":"text","value":"mode: \"rpx2rem\""}]},{"type":"text","value":"）。要禁用，请传递 "},{"type":"element","tag":"code","props":{"className":[]},"children":[{"type":"text","value":"false"}]},{"type":"text","value":"。"}]},{"type":"element","tag":"p","props":{},"children":[{"type":"text","value":"除了传递 boolean 值，你也可以传递 @unocss-applet/preset-rem-rpx 的选项，具体选项请查看上方提供的文档链接，此时仍视为开启。"}]}]},{"type":"element","tag":"field","props":{":required":"true","default-value":"true","name":"attributify","required":true,"type":"boolean"},"children":[{"type":"element","tag":"p","props":{},"children":[{"type":"text","value":"默认启用，匹配属性，忽略 "},{"type":"element","tag":"code","props":{"className":[]},"children":[{"type":"text","value":"block"}]},{"type":"text","value":" 和 "},{"type":"element","tag":"code","props":{"className":[]},"children":[{"type":"text","value":"fixed"}]},{"type":"text","value":"。要禁用，请传递 "},{"type":"element","tag":"code","props":{"className":[]},"children":[{"type":"text","value":"false"}]},{"type":"text","value":"。"}]},{"type":"element","tag":"p","props":{},"children":[{"type":"text","value":"除了传递 boolean 值，你也可以传递 @unocss/preset-attributify 的选项，具体选项请查看上方提供的文档链接，此时仍视为开启。"}]},{"type":"element","tag":"p","props":{},"children":[{"type":"text","value":"注意：部分情况下组件库的属性命名可能会与此模式冲突，如果出现样式无效的情况，请尝试关闭此选项，或者设置 "},{"type":"element","tag":"code","props":{"className":[]},"children":[{"type":"text","value":"prefixedOnly"}]},{"type":"text","value":" 选项值为 "},{"type":"element","tag":"code","props":{"className":[]},"children":[{"type":"text","value":"true"}]},{"type":"text","value":"，只扫描前缀匹配的属性。"}]},{"type":"element","tag":"pre","props":{"className":"language-ts shiki shiki-themes github-light github-dark","code":"import { isMp } from '@uni-helper/uni-env'\nimport { presetUni } from '@uni-helper/unocss-preset-uni'\nimport { defineConfig } from 'unocss'\n\nexport default defineConfig({\n  presets: [\n    presetUni({\n      attributify: {\n        prefixedOnly: true,\n      }\n    })\n  ]\n})\n","language":"ts","meta":"","style":""},"children":[{"type":"element","tag":"code","props":{"__ignoreMap":""},"children":[{"type":"element","tag":"span","props":{"class":"line","line":1},"children":[{"type":"element","tag":"span","props":{"style":"--shiki-default:#D73A49;--shiki-dark:#F97583"},"children":[{"type":"text","value":"import"}]},{"type":"element","tag":"span","props":{"style":"--shiki-default:#24292E;--shiki-dark:#E1E4E8"},"children":[{"type":"text","value":" { isMp } "}]},{"type":"element","tag":"span","props":{"style":"--shiki-default:#D73A49;--shiki-dark:#F97583"},"children":[{"type":"text","value":"from"}]},{"type":"element","tag":"span","props":{"style":"--shiki-default:#032F62;--shiki-dark:#9ECBFF"},"children":[{"type":"text","value":" '@uni-helper/uni-env'\n"}]}]},{"type":"element","tag":"span","props":{"class":"line","line":2},"children":[{"type":"element","tag":"span","props":{"style":"--shiki-default:#D73A49;--shiki-dark:#F97583"},"children":[{"type":"text","value":"import"}]},{"type":"element","tag":"span","props":{"style":"--shiki-default:#24292E;--shiki-dark:#E1E4E8"},"children":[{"type":"text","value":" { presetUni } "}]},{"type":"element","tag":"span","props":{"style":"--shiki-default:#D73A49;--shiki-dark:#F97583"},"children":[{"type":"text","value":"from"}]},{"type":"element","tag":"span","props":{"style":"--shiki-default:#032F62;--shiki-dark:#9ECBFF"},"children":[{"type":"text","value":" '@uni-helper/unocss-preset-uni'\n"}]}]},{"type":"element","tag":"span","props":{"class":"line","line":3},"children":[{"type":"element","tag":"span","props":{"style":"--shiki-default:#D73A49;--shiki-dark:#F97583"},"children":[{"type":"text","value":"import"}]},{"type":"element","tag":"span","props":{"style":"--shiki-default:#24292E;--shiki-dark:#E1E4E8"},"children":[{"type":"text","value":" { defineConfig } "}]},{"type":"element","tag":"span","props":{"style":"--shiki-default:#D73A49;--shiki-dark:#F97583"},"children":[{"type":"text","value":"from"}]},{"type":"element","tag":"span","props":{"style":"--shiki-default:#032F62;--shiki-dark:#9ECBFF"},"children":[{"type":"text","value":" 'unocss'\n"}]}]},{"type":"element","tag":"span","props":{"class":"line","line":4},"children":[{"type":"element","tag":"span","props":{"emptyLinePlaceholder":true},"children":[{"type":"text","value":"\n"}]}]},{"type":"element","tag":"span","props":{"class":"line","line":5},"children":[{"type":"element","tag":"span","props":{"style":"--shiki-default:#D73A49;--shiki-dark:#F97583"},"children":[{"type":"text","value":"export"}]},{"type":"element","tag":"span","props":{"style":"--shiki-default:#D73A49;--shiki-dark:#F97583"},"children":[{"type":"text","value":" default"}]},{"type":"element","tag":"span","props":{"style":"--shiki-default:#6F42C1;--shiki-dark:#B392F0"},"children":[{"type":"text","value":" defineConfig"}]},{"type":"element","tag":"span","props":{"style":"--shiki-default:#24292E;--shiki-dark:#E1E4E8"},"children":[{"type":"text","value":"({\n"}]}]},{"type":"element","tag":"span","props":{"class":"line","line":6},"children":[{"type":"element","tag":"span","props":{"style":"--shiki-default:#24292E;--shiki-dark:#E1E4E8"},"children":[{"type":"text","value":"  presets: [\n"}]}]},{"type":"element","tag":"span","props":{"class":"line","line":7},"children":[{"type":"element","tag":"span","props":{"style":"--shiki-default:#6F42C1;--shiki-dark:#B392F0"},"children":[{"type":"text","value":"    presetUni"}]},{"type":"element","tag":"span","props":{"style":"--shiki-default:#24292E;--shiki-dark:#E1E4E8"},"children":[{"type":"text","value":"({\n"}]}]},{"type":"element","tag":"span","props":{"class":"line","line":8},"children":[{"type":"element","tag":"span","props":{"style":"--shiki-default:#24292E;--shiki-dark:#E1E4E8"},"children":[{"type":"text","value":"      attributify: {\n"}]}]},{"type":"element","tag":"span","props":{"class":"line","line":9},"children":[{"type":"element","tag":"span","props":{"style":"--shiki-default:#24292E;--shiki-dark:#E1E4E8"},"children":[{"type":"text","value":"        prefixedOnly: "}]},{"type":"element","tag":"span","props":{"style":"--shiki-default:#005CC5;--shiki-dark:#79B8FF"},"children":[{"type":"text","value":"true"}]},{"type":"element","tag":"span","props":{"style":"--shiki-default:#24292E;--shiki-dark:#E1E4E8"},"children":[{"type":"text","value":",\n"}]}]},{"type":"element","tag":"span","props":{"class":"line","line":10},"children":[{"type":"element","tag":"span","props":{"style":"--shiki-default:#24292E;--shiki-dark:#E1E4E8"},"children":[{"type":"text","value":"      }\n"}]}]},{"type":"element","tag":"span","props":{"class":"line","line":11},"children":[{"type":"element","tag":"span","props":{"style":"--shiki-default:#24292E;--shiki-dark:#E1E4E8"},"children":[{"type":"text","value":"    })\n"}]}]},{"type":"element","tag":"span","props":{"class":"line","line":12},"children":[{"type":"element","tag":"span","props":{"style":"--shiki-default:#24292E;--shiki-dark:#E1E4E8"},"children":[{"type":"text","value":"  ]\n"}]}]},{"type":"element","tag":"span","props":{"class":"line","line":13},"children":[{"type":"element","tag":"span","props":{"style":"--shiki-default:#24292E;--shiki-dark:#E1E4E8"},"children":[{"type":"text","value":"})\n"}]}]}]}]},{"type":"element","tag":"p","props":{},"children":[{"type":"text","value":"是否启用 "},{"type":"element","tag":"a","props":{"href":"https://unocss.dev/presets/attributify","rel":["nofollow"]},"children":[{"type":"text","value":"@unocss/preset-attributify"}]},{"type":"text","value":"。对于小程序平台，还会自动启用 "},{"type":"element","tag":"a","props":{"href":"https://github.com/unocss-applet/unocss-applet/tree/main/packages/transformer-attributify","rel":["nofollow"]},"children":[{"type":"text","value":"@unocss-applet/transformer-attributify"}]},{"type":"text","value":" 以获取更佳支持。"}]}]},{"type":"element","tag":"h2","props":{"id":"示例"},"children":[{"type":"text","value":"示例"}]},{"type":"element","tag":"p","props":{},"children":[{"type":"text","value":"默认地，用法与 "},{"type":"element","tag":"a","props":{"href":"https://unocss.dev/presets/uno","rel":["nofollow"]},"children":[{"type":"text","value":"@unocss/preset-uno"}]},{"type":"text","value":" 一致，额外支持以下功能。"}]},{"type":"element","tag":"h3","props":{"id":"按平台编写"},"children":[{"type":"text","value":"按平台编写"}]},{"type":"element","tag":"p","props":{},"children":[{"type":"text","value":"开箱即用的平台支持，允许你按平台编写相应样式。"}]},{"type":"element","tag":"pre","props":{"className":"language-html shiki shiki-themes github-light github-dark","code":"<!-- 只在 H5 编译出 mx-auto 类 -->\n<div class='uni-h5:mx-auto'></div>\n\n<!-- 只在 APP 编译出 mx-auto 类 -->\n<div class='uni-app:mx-auto'></div>\n\n<!-- 只在小程序编译出 mx-auto 类 -->\n<div class='uni-mp:mx-auto'></div>\n\n<!-- 只在微信小程序编译出 mx-auto 类，类名也可以写成 uni-mp-weixin:mx-auto -->\n<div class='uni-weixin:mx-auto'></div>\n\n<!-- 只在支付宝小程序编译出 mx-auto 类，类名也可以写成 uni-alipay:mx-auto -->\n<div class='uni-mp-alipay:mx-auto'></div>\n...\n","language":"html","meta":"","style":""},"children":[{"type":"element","tag":"code","props":{"__ignoreMap":""},"children":[{"type":"element","tag":"span","props":{"class":"line","line":1},"children":[{"type":"element","tag":"span","props":{"style":"--shiki-default:#6A737D;--shiki-dark:#6A737D"},"children":[{"type":"text","value":"<!-- 只在 H5 编译出 mx-auto 类 -->\n"}]}]},{"type":"element","tag":"span","props":{"class":"line","line":2},"children":[{"type":"element","tag":"span","props":{"style":"--shiki-default:#24292E;--shiki-dark:#E1E4E8"},"children":[{"type":"text","value":"<"}]},{"type":"element","tag":"span","props":{"style":"--shiki-default:#22863A;--shiki-dark:#85E89D"},"children":[{"type":"text","value":"div"}]},{"type":"element","tag":"span","props":{"style":"--shiki-default:#6F42C1;--shiki-dark:#B392F0"},"children":[{"type":"text","value":" class"}]},{"type":"element","tag":"span","props":{"style":"--shiki-default:#24292E;--shiki-dark:#E1E4E8"},"children":[{"type":"text","value":"="}]},{"type":"element","tag":"span","props":{"style":"--shiki-default:#032F62;--shiki-dark:#9ECBFF"},"children":[{"type":"text","value":"'uni-h5:mx-auto'"}]},{"type":"element","tag":"span","props":{"style":"--shiki-default:#24292E;--shiki-dark:#E1E4E8"},"children":[{"type":"text","value":"></"}]},{"type":"element","tag":"span","props":{"style":"--shiki-default:#22863A;--shiki-dark:#85E89D"},"children":[{"type":"text","value":"div"}]},{"type":"element","tag":"span","props":{"style":"--shiki-default:#24292E;--shiki-dark:#E1E4E8"},"children":[{"type":"text","value":">\n"}]}]},{"type":"element","tag":"span","props":{"class":"line","line":3},"children":[{"type":"element","tag":"span","props":{"emptyLinePlaceholder":true},"children":[{"type":"text","value":"\n"}]}]},{"type":"element","tag":"span","props":{"class":"line","line":4},"children":[{"type":"element","tag":"span","props":{"style":"--shiki-default:#6A737D;--shiki-dark:#6A737D"},"children":[{"type":"text","value":"<!-- 只在 APP 编译出 mx-auto 类 -->\n"}]}]},{"type":"element","tag":"span","props":{"class":"line","line":5},"children":[{"type":"element","tag":"span","props":{"style":"--shiki-default:#24292E;--shiki-dark:#E1E4E8"},"children":[{"type":"text","value":"<"}]},{"type":"element","tag":"span","props":{"style":"--shiki-default:#22863A;--shiki-dark:#85E89D"},"children":[{"type":"text","value":"div"}]},{"type":"element","tag":"span","props":{"style":"--shiki-default:#6F42C1;--shiki-dark:#B392F0"},"children":[{"type":"text","value":" class"}]},{"type":"element","tag":"span","props":{"style":"--shiki-default:#24292E;--shiki-dark:#E1E4E8"},"children":[{"type":"text","value":"="}]},{"type":"element","tag":"span","props":{"style":"--shiki-default:#032F62;--shiki-dark:#9ECBFF"},"children":[{"type":"text","value":"'uni-app:mx-auto'"}]},{"type":"element","tag":"span","props":{"style":"--shiki-default:#24292E;--shiki-dark:#E1E4E8"},"children":[{"type":"text","value":"></"}]},{"type":"element","tag":"span","props":{"style":"--shiki-default:#22863A;--shiki-dark:#85E89D"},"children":[{"type":"text","value":"div"}]},{"type":"element","tag":"span","props":{"style":"--shiki-default:#24292E;--shiki-dark:#E1E4E8"},"children":[{"type":"text","value":">\n"}]}]},{"type":"element","tag":"span","props":{"class":"line","line":6},"children":[{"type":"element","tag":"span","props":{"emptyLinePlaceholder":true},"children":[{"type":"text","value":"\n"}]}]},{"type":"element","tag":"span","props":{"class":"line","line":7},"children":[{"type":"element","tag":"span","props":{"style":"--shiki-default:#6A737D;--shiki-dark:#6A737D"},"children":[{"type":"text","value":"<!-- 只在小程序编译出 mx-auto 类 -->\n"}]}]},{"type":"element","tag":"span","props":{"class":"line","line":8},"children":[{"type":"element","tag":"span","props":{"style":"--shiki-default:#24292E;--shiki-dark:#E1E4E8"},"children":[{"type":"text","value":"<"}]},{"type":"element","tag":"span","props":{"style":"--shiki-default:#22863A;--shiki-dark:#85E89D"},"children":[{"type":"text","value":"div"}]},{"type":"element","tag":"span","props":{"style":"--shiki-default:#6F42C1;--shiki-dark:#B392F0"},"children":[{"type":"text","value":" class"}]},{"type":"element","tag":"span","props":{"style":"--shiki-default:#24292E;--shiki-dark:#E1E4E8"},"children":[{"type":"text","value":"="}]},{"type":"element","tag":"span","props":{"style":"--shiki-default:#032F62;--shiki-dark:#9ECBFF"},"children":[{"type":"text","value":"'uni-mp:mx-auto'"}]},{"type":"element","tag":"span","props":{"style":"--shiki-default:#24292E;--shiki-dark:#E1E4E8"},"children":[{"type":"text","value":"></"}]},{"type":"element","tag":"span","props":{"style":"--shiki-default:#22863A;--shiki-dark:#85E89D"},"children":[{"type":"text","value":"div"}]},{"type":"element","tag":"span","props":{"style":"--shiki-default:#24292E;--shiki-dark:#E1E4E8"},"children":[{"type":"text","value":">\n"}]}]},{"type":"element","tag":"span","props":{"class":"line","line":9},"children":[{"type":"element","tag":"span","props":{"emptyLinePlaceholder":true},"children":[{"type":"text","value":"\n"}]}]},{"type":"element","tag":"span","props":{"class":"line","line":10},"children":[{"type":"element","tag":"span","props":{"style":"--shiki-default:#6A737D;--shiki-dark:#6A737D"},"children":[{"type":"text","value":"<!-- 只在微信小程序编译出 mx-auto 类，类名也可以写成 uni-mp-weixin:mx-auto -->\n"}]}]},{"type":"element","tag":"span","props":{"class":"line","line":11},"children":[{"type":"element","tag":"span","props":{"style":"--shiki-default:#24292E;--shiki-dark:#E1E4E8"},"children":[{"type":"text","value":"<"}]},{"type":"element","tag":"span","props":{"style":"--shiki-default:#22863A;--shiki-dark:#85E89D"},"children":[{"type":"text","value":"div"}]},{"type":"element","tag":"span","props":{"style":"--shiki-default:#6F42C1;--shiki-dark:#B392F0"},"children":[{"type":"text","value":" class"}]},{"type":"element","tag":"span","props":{"style":"--shiki-default:#24292E;--shiki-dark:#E1E4E8"},"children":[{"type":"text","value":"="}]},{"type":"element","tag":"span","props":{"style":"--shiki-default:#032F62;--shiki-dark:#9ECBFF"},"children":[{"type":"text","value":"'uni-weixin:mx-auto'"}]},{"type":"element","tag":"span","props":{"style":"--shiki-default:#24292E;--shiki-dark:#E1E4E8"},"children":[{"type":"text","value":"></"}]},{"type":"element","tag":"span","props":{"style":"--shiki-default:#22863A;--shiki-dark:#85E89D"},"children":[{"type":"text","value":"div"}]},{"type":"element","tag":"span","props":{"style":"--shiki-default:#24292E;--shiki-dark:#E1E4E8"},"children":[{"type":"text","value":">\n"}]}]},{"type":"element","tag":"span","props":{"class":"line","line":12},"children":[{"type":"element","tag":"span","props":{"emptyLinePlaceholder":true},"children":[{"type":"text","value":"\n"}]}]},{"type":"element","tag":"span","props":{"class":"line","line":13},"children":[{"type":"element","tag":"span","props":{"style":"--shiki-default:#6A737D;--shiki-dark:#6A737D"},"children":[{"type":"text","value":"<!-- 只在支付宝小程序编译出 mx-auto 类，类名也可以写成 uni-alipay:mx-auto -->\n"}]}]},{"type":"element","tag":"span","props":{"class":"line","line":14},"children":[{"type":"element","tag":"span","props":{"style":"--shiki-default:#24292E;--shiki-dark:#E1E4E8"},"children":[{"type":"text","value":"<"}]},{"type":"element","tag":"span","props":{"style":"--shiki-default:#22863A;--shiki-dark:#85E89D"},"children":[{"type":"text","value":"div"}]},{"type":"element","tag":"span","props":{"style":"--shiki-default:#6F42C1;--shiki-dark:#B392F0"},"children":[{"type":"text","value":" class"}]},{"type":"element","tag":"span","props":{"style":"--shiki-default:#24292E;--shiki-dark:#E1E4E8"},"children":[{"type":"text","value":"="}]},{"type":"element","tag":"span","props":{"style":"--shiki-default:#032F62;--shiki-dark:#9ECBFF"},"children":[{"type":"text","value":"'uni-mp-alipay:mx-auto'"}]},{"type":"element","tag":"span","props":{"style":"--shiki-default:#24292E;--shiki-dark:#E1E4E8"},"children":[{"type":"text","value":"></"}]},{"type":"element","tag":"span","props":{"style":"--shiki-default:#22863A;--shiki-dark:#85E89D"},"children":[{"type":"text","value":"div"}]},{"type":"element","tag":"span","props":{"style":"--shiki-default:#24292E;--shiki-dark:#E1E4E8"},"children":[{"type":"text","value":">\n"}]}]},{"type":"element","tag":"span","props":{"class":"line","line":15},"children":[{"type":"element","tag":"span","props":{"style":"--shiki-default:#24292E;--shiki-dark:#E1E4E8"},"children":[{"type":"text","value":"...\n"}]}]}]}]},{"type":"element","tag":"p","props":{},"children":[{"type":"text","value":"你也可以通过自定义 "},{"type":"element","tag":"code","props":{"className":[]},"children":[{"type":"text","value":"theme.platforms"}]},{"type":"text","value":" 来自定义平台匹配规则:"}]},{"type":"element","tag":"pre","props":{"className":"language-ts shiki shiki-themes github-light github-dark","code":"import { presetUni } from '@uni-helper/unocss-preset-uni'\nimport { defineConfig } from 'unocss'\n\nexport default defineConfig({\n  presets: [\n    presetUni()\n  ],\n  theme: {\n    platforms: {\n      'wechat': 'mp-weixin', // 支持 uni-wechat，等同于 uni-mp-weixin\n      'my-app': 'my-app', // 自定义平台，支持 uni-my-app\n    }\n  }\n})\n","filename":"uno.config.ts","language":"ts","meta":"","style":""},"children":[{"type":"element","tag":"code","props":{"__ignoreMap":""},"children":[{"type":"element","tag":"span","props":{"class":"line","line":1},"children":[{"type":"element","tag":"span","props":{"style":"--shiki-default:#D73A49;--shiki-dark:#F97583"},"children":[{"type":"text","value":"import"}]},{"type":"element","tag":"span","props":{"style":"--shiki-default:#24292E;--shiki-dark:#E1E4E8"},"children":[{"type":"text","value":" { presetUni } "}]},{"type":"element","tag":"span","props":{"style":"--shiki-default:#D73A49;--shiki-dark:#F97583"},"children":[{"type":"text","value":"from"}]},{"type":"element","tag":"span","props":{"style":"--shiki-default:#032F62;--shiki-dark:#9ECBFF"},"children":[{"type":"text","value":" '@uni-helper/unocss-preset-uni'\n"}]}]},{"type":"element","tag":"span","props":{"class":"line","line":2},"children":[{"type":"element","tag":"span","props":{"style":"--shiki-default:#D73A49;--shiki-dark:#F97583"},"children":[{"type":"text","value":"import"}]},{"type":"element","tag":"span","props":{"style":"--shiki-default:#24292E;--shiki-dark:#E1E4E8"},"children":[{"type":"text","value":" { defineConfig } "}]},{"type":"element","tag":"span","props":{"style":"--shiki-default:#D73A49;--shiki-dark:#F97583"},"children":[{"type":"text","value":"from"}]},{"type":"element","tag":"span","props":{"style":"--shiki-default:#032F62;--shiki-dark:#9ECBFF"},"children":[{"type":"text","value":" 'unocss'\n"}]}]},{"type":"element","tag":"span","props":{"class":"line","line":3},"children":[{"type":"element","tag":"span","props":{"emptyLinePlaceholder":true},"children":[{"type":"text","value":"\n"}]}]},{"type":"element","tag":"span","props":{"class":"line","line":4},"children":[{"type":"element","tag":"span","props":{"style":"--shiki-default:#D73A49;--shiki-dark:#F97583"},"children":[{"type":"text","value":"export"}]},{"type":"element","tag":"span","props":{"style":"--shiki-default:#D73A49;--shiki-dark:#F97583"},"children":[{"type":"text","value":" default"}]},{"type":"element","tag":"span","props":{"style":"--shiki-default:#6F42C1;--shiki-dark:#B392F0"},"children":[{"type":"text","value":" defineConfig"}]},{"type":"element","tag":"span","props":{"style":"--shiki-default:#24292E;--shiki-dark:#E1E4E8"},"children":[{"type":"text","value":"({\n"}]}]},{"type":"element","tag":"span","props":{"class":"line","line":5},"children":[{"type":"element","tag":"span","props":{"style":"--shiki-default:#24292E;--shiki-dark:#E1E4E8"},"children":[{"type":"text","value":"  presets: [\n"}]}]},{"type":"element","tag":"span","props":{"class":"line","line":6},"children":[{"type":"element","tag":"span","props":{"style":"--shiki-default:#6F42C1;--shiki-dark:#B392F0"},"children":[{"type":"text","value":"    presetUni"}]},{"type":"element","tag":"span","props":{"style":"--shiki-default:#24292E;--shiki-dark:#E1E4E8"},"children":[{"type":"text","value":"()\n"}]}]},{"type":"element","tag":"span","props":{"class":"line","line":7},"children":[{"type":"element","tag":"span","props":{"style":"--shiki-default:#24292E;--shiki-dark:#E1E4E8"},"children":[{"type":"text","value":"  ],\n"}]}]},{"type":"element","tag":"span","props":{"class":"line","line":8},"children":[{"type":"element","tag":"span","props":{"style":"--shiki-default:#24292E;--shiki-dark:#E1E4E8"},"children":[{"type":"text","value":"  theme: {\n"}]}]},{"type":"element","tag":"span","props":{"class":"line","line":9},"children":[{"type":"element","tag":"span","props":{"style":"--shiki-default:#24292E;--shiki-dark:#E1E4E8"},"children":[{"type":"text","value":"    platforms: {\n"}]}]},{"type":"element","tag":"span","props":{"class":"line","line":10},"children":[{"type":"element","tag":"span","props":{"style":"--shiki-default:#032F62;--shiki-dark:#9ECBFF"},"children":[{"type":"text","value":"      'wechat'"}]},{"type":"element","tag":"span","props":{"style":"--shiki-default:#24292E;--shiki-dark:#E1E4E8"},"children":[{"type":"text","value":": "}]},{"type":"element","tag":"span","props":{"style":"--shiki-default:#032F62;--shiki-dark:#9ECBFF"},"children":[{"type":"text","value":"'mp-weixin'"}]},{"type":"element","tag":"span","props":{"style":"--shiki-default:#24292E;--shiki-dark:#E1E4E8"},"children":[{"type":"text","value":", "}]},{"type":"element","tag":"span","props":{"style":"--shiki-default:#6A737D;--shiki-dark:#6A737D"},"children":[{"type":"text","value":"// 支持 uni-wechat，等同于 uni-mp-weixin\n"}]}]},{"type":"element","tag":"span","props":{"class":"line","line":11},"children":[{"type":"element","tag":"span","props":{"style":"--shiki-default:#032F62;--shiki-dark:#9ECBFF"},"children":[{"type":"text","value":"      'my-app'"}]},{"type":"element","tag":"span","props":{"style":"--shiki-default:#24292E;--shiki-dark:#E1E4E8"},"children":[{"type":"text","value":": "}]},{"type":"element","tag":"span","props":{"style":"--shiki-default:#032F62;--shiki-dark:#9ECBFF"},"children":[{"type":"text","value":"'my-app'"}]},{"type":"element","tag":"span","props":{"style":"--shiki-default:#24292E;--shiki-dark:#E1E4E8"},"children":[{"type":"text","value":", "}]},{"type":"element","tag":"span","props":{"style":"--shiki-default:#6A737D;--shiki-dark:#6A737D"},"children":[{"type":"text","value":"// 自定义平台，支持 uni-my-app\n"}]}]},{"type":"element","tag":"span","props":{"class":"line","line":12},"children":[{"type":"element","tag":"span","props":{"style":"--shiki-default:#24292E;--shiki-dark:#E1E4E8"},"children":[{"type":"text","value":"    }\n"}]}]},{"type":"element","tag":"span","props":{"class":"line","line":13},"children":[{"type":"element","tag":"span","props":{"style":"--shiki-default:#24292E;--shiki-dark:#E1E4E8"},"children":[{"type":"text","value":"  }\n"}]}]},{"type":"element","tag":"span","props":{"class":"line","line":14},"children":[{"type":"element","tag":"span","props":{"style":"--shiki-default:#24292E;--shiki-dark:#E1E4E8"},"children":[{"type":"text","value":"})\n"}]}]}]}]},{"type":"element","tag":"pre","props":{"className":"language-html shiki shiki-themes github-light github-dark","code":"<!-- 注意：你不能省略 uni- 的类名前缀 -->\n<div class='uni-wechat:mx-auto'></div>\n<div class='uni-my-app:mx-auto'></div>\n","language":"html","meta":"","style":""},"children":[{"type":"element","tag":"code","props":{"__ignoreMap":""},"children":[{"type":"element","tag":"span","props":{"class":"line","line":1},"children":[{"type":"element","tag":"span","props":{"style":"--shiki-default:#6A737D;--shiki-dark:#6A737D"},"children":[{"type":"text","value":"<!-- 注意：你不能省略 uni- 的类名前缀 -->\n"}]}]},{"type":"element","tag":"span","props":{"class":"line","line":2},"children":[{"type":"element","tag":"span","props":{"style":"--shiki-default:#24292E;--shiki-dark:#E1E4E8"},"children":[{"type":"text","value":"<"}]},{"type":"element","tag":"span","props":{"style":"--shiki-default:#22863A;--shiki-dark:#85E89D"},"children":[{"type":"text","value":"div"}]},{"type":"element","tag":"span","props":{"style":"--shiki-default:#6F42C1;--shiki-dark:#B392F0"},"children":[{"type":"text","value":" class"}]},{"type":"element","tag":"span","props":{"style":"--shiki-default:#24292E;--shiki-dark:#E1E4E8"},"children":[{"type":"text","value":"="}]},{"type":"element","tag":"span","props":{"style":"--shiki-default:#032F62;--shiki-dark:#9ECBFF"},"children":[{"type":"text","value":"'uni-wechat:mx-auto'"}]},{"type":"element","tag":"span","props":{"style":"--shiki-default:#24292E;--shiki-dark:#E1E4E8"},"children":[{"type":"text","value":"></"}]},{"type":"element","tag":"span","props":{"style":"--shiki-default:#22863A;--shiki-dark:#85E89D"},"children":[{"type":"text","value":"div"}]},{"type":"element","tag":"span","props":{"style":"--shiki-default:#24292E;--shiki-dark:#E1E4E8"},"children":[{"type":"text","value":">\n"}]}]},{"type":"element","tag":"span","props":{"class":"line","line":3},"children":[{"type":"element","tag":"span","props":{"style":"--shiki-default:#24292E;--shiki-dark:#E1E4E8"},"children":[{"type":"text","value":"<"}]},{"type":"element","tag":"span","props":{"style":"--shiki-default:#22863A;--shiki-dark:#85E89D"},"children":[{"type":"text","value":"div"}]},{"type":"element","tag":"span","props":{"style":"--shiki-default:#6F42C1;--shiki-dark:#B392F0"},"children":[{"type":"text","value":" class"}]},{"type":"element","tag":"span","props":{"style":"--shiki-default:#24292E;--shiki-dark:#E1E4E8"},"children":[{"type":"text","value":"="}]},{"type":"element","tag":"span","props":{"style":"--shiki-default:#032F62;--shiki-dark:#9ECBFF"},"children":[{"type":"text","value":"'uni-my-app:mx-auto'"}]},{"type":"element","tag":"span","props":{"style":"--shiki-default:#24292E;--shiki-dark:#E1E4E8"},"children":[{"type":"text","value":"></"}]},{"type":"element","tag":"span","props":{"style":"--shiki-default:#22863A;--shiki-dark:#85E89D"},"children":[{"type":"text","value":"div"}]},{"type":"element","tag":"span","props":{"style":"--shiki-default:#24292E;--shiki-dark:#E1E4E8"},"children":[{"type":"text","value":">\n"}]}]}]}]},{"type":"element","tag":"details","props":{},"children":[{"type":"element","tag":"summary","props":{},"children":[{"type":"text","value":"点击展开查看内置的平台匹配规则"}]},{"type":"element","tag":"pre","props":{"className":"language-js shiki shiki-themes github-light github-dark","code":"platforms = {\n  '360': 'mp-360',\n  'mp': 'mp',\n  'app': 'app',\n  'quickapp': 'quickapp',\n  'app-plus': 'app-plus',\n  'h5': 'h5',\n  'mp-360': 'mp-360',\n  'mp-alipay': 'mp-alipay',\n  'alipay': 'mp-alipay',\n  'mp-baidu': 'mp-baidu',\n  'baidu': 'mp-baidu',\n  'mp-jd': 'mp-jd',\n  'jd': 'mp-jd',\n  'mp-kuaishou': 'mp-kuaishou',\n  'kuaishou': 'mp-kuaishou',\n  'mp-lark': 'mp-lark',\n  'lark': 'mp-lark',\n  'mp-qq': 'mp-qq',\n  'qq': 'mp-qq',\n  'mp-toutiao': 'mp-toutiao',\n  'toutiao': 'mp-toutiao',\n  'mp-weixin': 'mp-weixin',\n  'weixin': 'mp-weixin',\n  'quickapp-webview': 'quickapp-webview',\n  'quickapp-webview-huawei': 'quickapp-webview-huawei',\n  'quickapp-webview-union': 'quickapp-webview-union'\n}\n","language":"js","meta":"","style":""},"children":[{"type":"element","tag":"code","props":{"__ignoreMap":""},"children":[{"type":"element","tag":"span","props":{"class":"line","line":1},"children":[{"type":"element","tag":"span","props":{"style":"--shiki-default:#24292E;--shiki-dark:#E1E4E8"},"children":[{"type":"text","value":"platforms "}]},{"type":"element","tag":"span","props":{"style":"--shiki-default:#D73A49;--shiki-dark:#F97583"},"children":[{"type":"text","value":"="}]},{"type":"element","tag":"span","props":{"style":"--shiki-default:#24292E;--shiki-dark:#E1E4E8"},"children":[{"type":"text","value":" {\n"}]}]},{"type":"element","tag":"span","props":{"class":"line","line":2},"children":[{"type":"element","tag":"span","props":{"style":"--shiki-default:#032F62;--shiki-dark:#9ECBFF"},"children":[{"type":"text","value":"  '360'"}]},{"type":"element","tag":"span","props":{"style":"--shiki-default:#24292E;--shiki-dark:#E1E4E8"},"children":[{"type":"text","value":": "}]},{"type":"element","tag":"span","props":{"style":"--shiki-default:#032F62;--shiki-dark:#9ECBFF"},"children":[{"type":"text","value":"'mp-360'"}]},{"type":"element","tag":"span","props":{"style":"--shiki-default:#24292E;--shiki-dark:#E1E4E8"},"children":[{"type":"text","value":",\n"}]}]},{"type":"element","tag":"span","props":{"class":"line","line":3},"children":[{"type":"element","tag":"span","props":{"style":"--shiki-default:#032F62;--shiki-dark:#9ECBFF"},"children":[{"type":"text","value":"  'mp'"}]},{"type":"element","tag":"span","props":{"style":"--shiki-default:#24292E;--shiki-dark:#E1E4E8"},"children":[{"type":"text","value":": "}]},{"type":"element","tag":"span","props":{"style":"--shiki-default:#032F62;--shiki-dark:#9ECBFF"},"children":[{"type":"text","value":"'mp'"}]},{"type":"element","tag":"span","props":{"style":"--shiki-default:#24292E;--shiki-dark:#E1E4E8"},"children":[{"type":"text","value":",\n"}]}]},{"type":"element","tag":"span","props":{"class":"line","line":4},"children":[{"type":"element","tag":"span","props":{"style":"--shiki-default:#032F62;--shiki-dark:#9ECBFF"},"children":[{"type":"text","value":"  'app'"}]},{"type":"element","tag":"span","props":{"style":"--shiki-default:#24292E;--shiki-dark:#E1E4E8"},"children":[{"type":"text","value":": "}]},{"type":"element","tag":"span","props":{"style":"--shiki-default:#032F62;--shiki-dark:#9ECBFF"},"children":[{"type":"text","value":"'app'"}]},{"type":"element","tag":"span","props":{"style":"--shiki-default:#24292E;--shiki-dark:#E1E4E8"},"children":[{"type":"text","value":",\n"}]}]},{"type":"element","tag":"span","props":{"class":"line","line":5},"children":[{"type":"element","tag":"span","props":{"style":"--shiki-default:#032F62;--shiki-dark:#9ECBFF"},"children":[{"type":"text","value":"  'quickapp'"}]},{"type":"element","tag":"span","props":{"style":"--shiki-default:#24292E;--shiki-dark:#E1E4E8"},"children":[{"type":"text","value":": "}]},{"type":"element","tag":"span","props":{"style":"--shiki-default:#032F62;--shiki-dark:#9ECBFF"},"children":[{"type":"text","value":"'quickapp'"}]},{"type":"element","tag":"span","props":{"style":"--shiki-default:#24292E;--shiki-dark:#E1E4E8"},"children":[{"type":"text","value":",\n"}]}]},{"type":"element","tag":"span","props":{"class":"line","line":6},"children":[{"type":"element","tag":"span","props":{"style":"--shiki-default:#032F62;--shiki-dark:#9ECBFF"},"children":[{"type":"text","value":"  'app-plus'"}]},{"type":"element","tag":"span","props":{"style":"--shiki-default:#24292E;--shiki-dark:#E1E4E8"},"children":[{"type":"text","value":": "}]},{"type":"element","tag":"span","props":{"style":"--shiki-default:#032F62;--shiki-dark:#9ECBFF"},"children":[{"type":"text","value":"'app-plus'"}]},{"type":"element","tag":"span","props":{"style":"--shiki-default:#24292E;--shiki-dark:#E1E4E8"},"children":[{"type":"text","value":",\n"}]}]},{"type":"element","tag":"span","props":{"class":"line","line":7},"children":[{"type":"element","tag":"span","props":{"style":"--shiki-default:#032F62;--shiki-dark:#9ECBFF"},"children":[{"type":"text","value":"  'h5'"}]},{"type":"element","tag":"span","props":{"style":"--shiki-default:#24292E;--shiki-dark:#E1E4E8"},"children":[{"type":"text","value":": "}]},{"type":"element","tag":"span","props":{"style":"--shiki-default:#032F62;--shiki-dark:#9ECBFF"},"children":[{"type":"text","value":"'h5'"}]},{"type":"element","tag":"span","props":{"style":"--shiki-default:#24292E;--shiki-dark:#E1E4E8"},"children":[{"type":"text","value":",\n"}]}]},{"type":"element","tag":"span","props":{"class":"line","line":8},"children":[{"type":"element","tag":"span","props":{"style":"--shiki-default:#032F62;--shiki-dark:#9ECBFF"},"children":[{"type":"text","value":"  'mp-360'"}]},{"type":"element","tag":"span","props":{"style":"--shiki-default:#24292E;--shiki-dark:#E1E4E8"},"children":[{"type":"text","value":": "}]},{"type":"element","tag":"span","props":{"style":"--shiki-default:#032F62;--shiki-dark:#9ECBFF"},"children":[{"type":"text","value":"'mp-360'"}]},{"type":"element","tag":"span","props":{"style":"--shiki-default:#24292E;--shiki-dark:#E1E4E8"},"children":[{"type":"text","value":",\n"}]}]},{"type":"element","tag":"span","props":{"class":"line","line":9},"children":[{"type":"element","tag":"span","props":{"style":"--shiki-default:#032F62;--shiki-dark:#9ECBFF"},"children":[{"type":"text","value":"  'mp-alipay'"}]},{"type":"element","tag":"span","props":{"style":"--shiki-default:#24292E;--shiki-dark:#E1E4E8"},"children":[{"type":"text","value":": "}]},{"type":"element","tag":"span","props":{"style":"--shiki-default:#032F62;--shiki-dark:#9ECBFF"},"children":[{"type":"text","value":"'mp-alipay'"}]},{"type":"element","tag":"span","props":{"style":"--shiki-default:#24292E;--shiki-dark:#E1E4E8"},"children":[{"type":"text","value":",\n"}]}]},{"type":"element","tag":"span","props":{"class":"line","line":10},"children":[{"type":"element","tag":"span","props":{"style":"--shiki-default:#032F62;--shiki-dark:#9ECBFF"},"children":[{"type":"text","value":"  'alipay'"}]},{"type":"element","tag":"span","props":{"style":"--shiki-default:#24292E;--shiki-dark:#E1E4E8"},"children":[{"type":"text","value":": "}]},{"type":"element","tag":"span","props":{"style":"--shiki-default:#032F62;--shiki-dark:#9ECBFF"},"children":[{"type":"text","value":"'mp-alipay'"}]},{"type":"element","tag":"span","props":{"style":"--shiki-default:#24292E;--shiki-dark:#E1E4E8"},"children":[{"type":"text","value":",\n"}]}]},{"type":"element","tag":"span","props":{"class":"line","line":11},"children":[{"type":"element","tag":"span","props":{"style":"--shiki-default:#032F62;--shiki-dark:#9ECBFF"},"children":[{"type":"text","value":"  'mp-baidu'"}]},{"type":"element","tag":"span","props":{"style":"--shiki-default:#24292E;--shiki-dark:#E1E4E8"},"children":[{"type":"text","value":": "}]},{"type":"element","tag":"span","props":{"style":"--shiki-default:#032F62;--shiki-dark:#9ECBFF"},"children":[{"type":"text","value":"'mp-baidu'"}]},{"type":"element","tag":"span","props":{"style":"--shiki-default:#24292E;--shiki-dark:#E1E4E8"},"children":[{"type":"text","value":",\n"}]}]},{"type":"element","tag":"span","props":{"class":"line","line":12},"children":[{"type":"element","tag":"span","props":{"style":"--shiki-default:#032F62;--shiki-dark:#9ECBFF"},"children":[{"type":"text","value":"  'baidu'"}]},{"type":"element","tag":"span","props":{"style":"--shiki-default:#24292E;--shiki-dark:#E1E4E8"},"children":[{"type":"text","value":": "}]},{"type":"element","tag":"span","props":{"style":"--shiki-default:#032F62;--shiki-dark:#9ECBFF"},"children":[{"type":"text","value":"'mp-baidu'"}]},{"type":"element","tag":"span","props":{"style":"--shiki-default:#24292E;--shiki-dark:#E1E4E8"},"children":[{"type":"text","value":",\n"}]}]},{"type":"element","tag":"span","props":{"class":"line","line":13},"children":[{"type":"element","tag":"span","props":{"style":"--shiki-default:#032F62;--shiki-dark:#9ECBFF"},"children":[{"type":"text","value":"  'mp-jd'"}]},{"type":"element","tag":"span","props":{"style":"--shiki-default:#24292E;--shiki-dark:#E1E4E8"},"children":[{"type":"text","value":": "}]},{"type":"element","tag":"span","props":{"style":"--shiki-default:#032F62;--shiki-dark:#9ECBFF"},"children":[{"type":"text","value":"'mp-jd'"}]},{"type":"element","tag":"span","props":{"style":"--shiki-default:#24292E;--shiki-dark:#E1E4E8"},"children":[{"type":"text","value":",\n"}]}]},{"type":"element","tag":"span","props":{"class":"line","line":14},"children":[{"type":"element","tag":"span","props":{"style":"--shiki-default:#032F62;--shiki-dark:#9ECBFF"},"children":[{"type":"text","value":"  'jd'"}]},{"type":"element","tag":"span","props":{"style":"--shiki-default:#24292E;--shiki-dark:#E1E4E8"},"children":[{"type":"text","value":": "}]},{"type":"element","tag":"span","props":{"style":"--shiki-default:#032F62;--shiki-dark:#9ECBFF"},"children":[{"type":"text","value":"'mp-jd'"}]},{"type":"element","tag":"span","props":{"style":"--shiki-default:#24292E;--shiki-dark:#E1E4E8"},"children":[{"type":"text","value":",\n"}]}]},{"type":"element","tag":"span","props":{"class":"line","line":15},"children":[{"type":"element","tag":"span","props":{"style":"--shiki-default:#032F62;--shiki-dark:#9ECBFF"},"children":[{"type":"text","value":"  'mp-kuaishou'"}]},{"type":"element","tag":"span","props":{"style":"--shiki-default:#24292E;--shiki-dark:#E1E4E8"},"children":[{"type":"text","value":": "}]},{"type":"element","tag":"span","props":{"style":"--shiki-default:#032F62;--shiki-dark:#9ECBFF"},"children":[{"type":"text","value":"'mp-kuaishou'"}]},{"type":"element","tag":"span","props":{"style":"--shiki-default:#24292E;--shiki-dark:#E1E4E8"},"children":[{"type":"text","value":",\n"}]}]},{"type":"element","tag":"span","props":{"class":"line","line":16},"children":[{"type":"element","tag":"span","props":{"style":"--shiki-default:#032F62;--shiki-dark:#9ECBFF"},"children":[{"type":"text","value":"  'kuaishou'"}]},{"type":"element","tag":"span","props":{"style":"--shiki-default:#24292E;--shiki-dark:#E1E4E8"},"children":[{"type":"text","value":": "}]},{"type":"element","tag":"span","props":{"style":"--shiki-default:#032F62;--shiki-dark:#9ECBFF"},"children":[{"type":"text","value":"'mp-kuaishou'"}]},{"type":"element","tag":"span","props":{"style":"--shiki-default:#24292E;--shiki-dark:#E1E4E8"},"children":[{"type":"text","value":",\n"}]}]},{"type":"element","tag":"span","props":{"class":"line","line":17},"children":[{"type":"element","tag":"span","props":{"style":"--shiki-default:#032F62;--shiki-dark:#9ECBFF"},"children":[{"type":"text","value":"  'mp-lark'"}]},{"type":"element","tag":"span","props":{"style":"--shiki-default:#24292E;--shiki-dark:#E1E4E8"},"children":[{"type":"text","value":": "}]},{"type":"element","tag":"span","props":{"style":"--shiki-default:#032F62;--shiki-dark:#9ECBFF"},"children":[{"type":"text","value":"'mp-lark'"}]},{"type":"element","tag":"span","props":{"style":"--shiki-default:#24292E;--shiki-dark:#E1E4E8"},"children":[{"type":"text","value":",\n"}]}]},{"type":"element","tag":"span","props":{"class":"line","line":18},"children":[{"type":"element","tag":"span","props":{"style":"--shiki-default:#032F62;--shiki-dark:#9ECBFF"},"children":[{"type":"text","value":"  'lark'"}]},{"type":"element","tag":"span","props":{"style":"--shiki-default:#24292E;--shiki-dark:#E1E4E8"},"children":[{"type":"text","value":": "}]},{"type":"element","tag":"span","props":{"style":"--shiki-default:#032F62;--shiki-dark:#9ECBFF"},"children":[{"type":"text","value":"'mp-lark'"}]},{"type":"element","tag":"span","props":{"style":"--shiki-default:#24292E;--shiki-dark:#E1E4E8"},"children":[{"type":"text","value":",\n"}]}]},{"type":"element","tag":"span","props":{"class":"line","line":19},"children":[{"type":"element","tag":"span","props":{"style":"--shiki-default:#032F62;--shiki-dark:#9ECBFF"},"children":[{"type":"text","value":"  'mp-qq'"}]},{"type":"element","tag":"span","props":{"style":"--shiki-default:#24292E;--shiki-dark:#E1E4E8"},"children":[{"type":"text","value":": "}]},{"type":"element","tag":"span","props":{"style":"--shiki-default:#032F62;--shiki-dark:#9ECBFF"},"children":[{"type":"text","value":"'mp-qq'"}]},{"type":"element","tag":"span","props":{"style":"--shiki-default:#24292E;--shiki-dark:#E1E4E8"},"children":[{"type":"text","value":",\n"}]}]},{"type":"element","tag":"span","props":{"class":"line","line":20},"children":[{"type":"element","tag":"span","props":{"style":"--shiki-default:#032F62;--shiki-dark:#9ECBFF"},"children":[{"type":"text","value":"  'qq'"}]},{"type":"element","tag":"span","props":{"style":"--shiki-default:#24292E;--shiki-dark:#E1E4E8"},"children":[{"type":"text","value":": "}]},{"type":"element","tag":"span","props":{"style":"--shiki-default:#032F62;--shiki-dark:#9ECBFF"},"children":[{"type":"text","value":"'mp-qq'"}]},{"type":"element","tag":"span","props":{"style":"--shiki-default:#24292E;--shiki-dark:#E1E4E8"},"children":[{"type":"text","value":",\n"}]}]},{"type":"element","tag":"span","props":{"class":"line","line":21},"children":[{"type":"element","tag":"span","props":{"style":"--shiki-default:#032F62;--shiki-dark:#9ECBFF"},"children":[{"type":"text","value":"  'mp-toutiao'"}]},{"type":"element","tag":"span","props":{"style":"--shiki-default:#24292E;--shiki-dark:#E1E4E8"},"children":[{"type":"text","value":": "}]},{"type":"element","tag":"span","props":{"style":"--shiki-default:#032F62;--shiki-dark:#9ECBFF"},"children":[{"type":"text","value":"'mp-toutiao'"}]},{"type":"element","tag":"span","props":{"style":"--shiki-default:#24292E;--shiki-dark:#E1E4E8"},"children":[{"type":"text","value":",\n"}]}]},{"type":"element","tag":"span","props":{"class":"line","line":22},"children":[{"type":"element","tag":"span","props":{"style":"--shiki-default:#032F62;--shiki-dark:#9ECBFF"},"children":[{"type":"text","value":"  'toutiao'"}]},{"type":"element","tag":"span","props":{"style":"--shiki-default:#24292E;--shiki-dark:#E1E4E8"},"children":[{"type":"text","value":": "}]},{"type":"element","tag":"span","props":{"style":"--shiki-default:#032F62;--shiki-dark:#9ECBFF"},"children":[{"type":"text","value":"'mp-toutiao'"}]},{"type":"element","tag":"span","props":{"style":"--shiki-default:#24292E;--shiki-dark:#E1E4E8"},"children":[{"type":"text","value":",\n"}]}]},{"type":"element","tag":"span","props":{"class":"line","line":23},"children":[{"type":"element","tag":"span","props":{"style":"--shiki-default:#032F62;--shiki-dark:#9ECBFF"},"children":[{"type":"text","value":"  'mp-weixin'"}]},{"type":"element","tag":"span","props":{"style":"--shiki-default:#24292E;--shiki-dark:#E1E4E8"},"children":[{"type":"text","value":": "}]},{"type":"element","tag":"span","props":{"style":"--shiki-default:#032F62;--shiki-dark:#9ECBFF"},"children":[{"type":"text","value":"'mp-weixin'"}]},{"type":"element","tag":"span","props":{"style":"--shiki-default:#24292E;--shiki-dark:#E1E4E8"},"children":[{"type":"text","value":",\n"}]}]},{"type":"element","tag":"span","props":{"class":"line","line":24},"children":[{"type":"element","tag":"span","props":{"style":"--shiki-default:#032F62;--shiki-dark:#9ECBFF"},"children":[{"type":"text","value":"  'weixin'"}]},{"type":"element","tag":"span","props":{"style":"--shiki-default:#24292E;--shiki-dark:#E1E4E8"},"children":[{"type":"text","value":": "}]},{"type":"element","tag":"span","props":{"style":"--shiki-default:#032F62;--shiki-dark:#9ECBFF"},"children":[{"type":"text","value":"'mp-weixin'"}]},{"type":"element","tag":"span","props":{"style":"--shiki-default:#24292E;--shiki-dark:#E1E4E8"},"children":[{"type":"text","value":",\n"}]}]},{"type":"element","tag":"span","props":{"class":"line","line":25},"children":[{"type":"element","tag":"span","props":{"style":"--shiki-default:#032F62;--shiki-dark:#9ECBFF"},"children":[{"type":"text","value":"  'quickapp-webview'"}]},{"type":"element","tag":"span","props":{"style":"--shiki-default:#24292E;--shiki-dark:#E1E4E8"},"children":[{"type":"text","value":": "}]},{"type":"element","tag":"span","props":{"style":"--shiki-default:#032F62;--shiki-dark:#9ECBFF"},"children":[{"type":"text","value":"'quickapp-webview'"}]},{"type":"element","tag":"span","props":{"style":"--shiki-default:#24292E;--shiki-dark:#E1E4E8"},"children":[{"type":"text","value":",\n"}]}]},{"type":"element","tag":"span","props":{"class":"line","line":26},"children":[{"type":"element","tag":"span","props":{"style":"--shiki-default:#032F62;--shiki-dark:#9ECBFF"},"children":[{"type":"text","value":"  'quickapp-webview-huawei'"}]},{"type":"element","tag":"span","props":{"style":"--shiki-default:#24292E;--shiki-dark:#E1E4E8"},"children":[{"type":"text","value":": "}]},{"type":"element","tag":"span","props":{"style":"--shiki-default:#032F62;--shiki-dark:#9ECBFF"},"children":[{"type":"text","value":"'quickapp-webview-huawei'"}]},{"type":"element","tag":"span","props":{"style":"--shiki-default:#24292E;--shiki-dark:#E1E4E8"},"children":[{"type":"text","value":",\n"}]}]},{"type":"element","tag":"span","props":{"class":"line","line":27},"children":[{"type":"element","tag":"span","props":{"style":"--shiki-default:#032F62;--shiki-dark:#9ECBFF"},"children":[{"type":"text","value":"  'quickapp-webview-union'"}]},{"type":"element","tag":"span","props":{"style":"--shiki-default:#24292E;--shiki-dark:#E1E4E8"},"children":[{"type":"text","value":": "}]},{"type":"element","tag":"span","props":{"style":"--shiki-default:#032F62;--shiki-dark:#9ECBFF"},"children":[{"type":"text","value":"'quickapp-webview-union'\n"}]}]},{"type":"element","tag":"span","props":{"class":"line","line":28},"children":[{"type":"element","tag":"span","props":{"style":"--shiki-default:#24292E;--shiki-dark:#E1E4E8"},"children":[{"type":"text","value":"}\n"}]}]}]}]}]},{"type":"element","tag":"style","props":{},"children":[{"type":"text","value":"html .default .shiki span {color: var(--shiki-default);background: var(--shiki-default-bg);font-style: var(--shiki-default-font-style);font-weight: var(--shiki-default-font-weight);text-decoration: var(--shiki-default-text-decoration);}html .shiki span {color: var(--shiki-default);background: var(--shiki-default-bg);font-style: var(--shiki-default-font-style);font-weight: var(--shiki-default-font-weight);text-decoration: var(--shiki-default-text-decoration);}html .dark .shiki span {color: var(--shiki-dark);background: var(--shiki-dark-bg);font-style: var(--shiki-dark-font-style);font-weight: var(--shiki-dark-font-weight);text-decoration: var(--shiki-dark-text-decoration);}html.dark .shiki span {color: var(--shiki-dark);background: var(--shiki-dark-bg);font-style: var(--shiki-dark-font-style);font-weight: var(--shiki-dark-font-weight);text-decoration: var(--shiki-dark-text-decoration);}"}]}],"toc":{"title":"","searchDepth":2,"depth":2,"links":[{"id":"特性","depth":2,"text":"特性"},{"id":"使用","depth":2,"text":"使用","children":[{"id":"安装","depth":3,"text":"安装"},{"id":"配置","depth":3,"text":"配置"},{"id":"选项","depth":3,"text":"选项"}]},{"id":"示例","depth":2,"text":"示例","children":[{"id":"按平台编写","depth":3,"text":"按平台编写"}]}]}},"_type":"markdown","_id":"content:unocss-preset-uni:index.md","_source":"content","_file":"unocss-preset-uni/index.md","_stem":"unocss-preset-uni/index","_extension":"md"}