[{"_path":"/unh/auto-generate","_dir":"unh","_draft":false,"_partial":false,"_locale":"","title":"自动生成配置","description":"配置自动生成 pages.json 和 manifest.json 文件","navTruncate":false,"icon":"carbon:document-add","badges":[{"value":"npm","to":"https://www.npmjs.com/package/@uni-helper/unh","target":"_blank"},{"value":"source","icon":"lucide:code","to":"https://github.com/uni-helper/unh","target":"_blank"}],"_type":"markdown","_id":"content:unh:4.auto-generate.md","_source":"content","_file":"unh/4.auto-generate.md","_stem":"unh/4.auto-generate","_extension":"md"},{"_path":"/unh/env","_dir":"unh","_draft":false,"_partial":false,"_locale":"","title":"环境变量配置","description":"根据当前编译平台及模式提前加载对应的环境变量并生成类型声明文件","navTruncate":false,"icon":"lucide:chevrons-left-right-ellipsis","badges":[{"value":"npm","to":"https://www.npmjs.com/package/@uni-helper/unh","target":"_blank"},{"value":"source","icon":"lucide:code","to":"https://github.com/uni-helper/unh","target":"_blank"}],"_type":"markdown","_id":"content:unh:6.env.md","_source":"content","_file":"unh/6.env.md","_stem":"unh/6.env","_extension":"md"}]