[{"_path":"/uni-use/guide/installation","_dir":"guide","_draft":false,"_partial":false,"_locale":"","title":"uni-use","description":"uni-app (vue3) 组合式工具集","icon":"lucide:rocket","navTruncate":false,"badges":[{"value":"npm","to":"https://www.npmjs.com/package/@uni-helper/uni-use","target":"_blank"},{"value":"source","icon":"lucide:code","to":"https://github.com/uni-helper/uni-use","target":"_blank"}],"_type":"markdown","_id":"content:uni-use:1.guide:1.installation.md","_source":"content","_file":"uni-use/1.guide/1.installation.md","_stem":"uni-use/1.guide/1.installation","_extension":"md"},{"_path":"/uni-use/api/tryonbackpress","_dir":"api","_draft":false,"_partial":false,"_locale":"","title":"tryOnBackPress","description":"尝试执行 onBackPress。如果是在组件生命周期内，就直接调用 onBackPress；如果不是，就根据设定间隔重新尝试。","_type":"markdown","_id":"content:uni-use:2.api:tryOnBackPress.md","_source":"content","_file":"uni-use/2.api/tryOnBackPress.md","_stem":"uni-use/2.api/tryOnBackPress","_extension":"md"}]