[{"_path":"/vitesse-uni-app/getting-started/data-fetching","_dir":"getting-started","_draft":false,"_partial":false,"_locale":"","title":"数据获取","description":"你可以使用你喜欢的第三方请求库来获取数据。一般情况下，直接使用 uni-app 内置方法即可。","navTruncate":false,"icon":"simple-icons:axios","_type":"markdown","_id":"content:vitesse-uni-app:1.getting-started:5.data-fetching.md","_source":"content","_file":"vitesse-uni-app/1.getting-started/5.data-fetching.md","_stem":"vitesse-uni-app/1.getting-started/5.data-fetching","_extension":"md"},{"_path":"/vitesse-uni-app/getting-started/deployment","_dir":"getting-started","_draft":false,"_partial":false,"_locale":"","title":"部署","description":"对于 uni-app 来说，部署即打包和发行。","navTruncate":false,"icon":"material-symbols:deployed-code-update-outline-rounded","_type":"markdown","_id":"content:vitesse-uni-app:1.getting-started:7.deployment.md","_source":"content","_file":"vitesse-uni-app/1.getting-started/7.deployment.md","_stem":"vitesse-uni-app/1.getting-started/7.deployment","_extension":"md"}]