{"_path":"/uni-typed/other/faq","_dir":"other","_draft":false,"_partial":false,"_locale":"","title":"常见问题","description":null,"icon":"qlementine-icons:faq-16","navTruncate":false,"badges":[{"value":"npm","to":"https://www.npmjs.com/package/@uni-helper/uni-types","target":"_blank"},{"value":"source","icon":"lucide:code","to":"https://github.com/uni-helper/uni-typed","target":"_blank"}],"body":{"type":"root","children":[{"type":"element","tag":"h2","props":{"id":"我项目里类型报错怎么办"},"children":[{"type":"text","value":"我项目里类型报错，怎么办？"}]},{"type":"element","tag":"p","props":{},"children":[{"type":"text","value":"Volar、TypeScript、Vue 等开源项目的目标是与开放标准（即 W3C Web 标准、ECMA 规范等）保持一致，这意味着它们对小程序、uni-app 等非开放标准支持度较低。你可以在 "},{"type":"element","tag":"a","props":{"href":"https://github.com/vueuse/vueuse/pull/1073","rel":["nofollow"]},"children":[{"type":"text","value":"vueuse/vueuse#1073"}]},{"type":"text","value":" 了解这一观点。"}]},{"type":"element","tag":"p","props":{},"children":[{"type":"element","tag":"code","props":{"className":[]},"children":[{"type":"text","value":"@uni-helper/uni-typed"}]},{"type":"text","value":" 项目严重依赖 Volar、TypeScript 和 Vue，因此更新其中任一依赖后，编辑器或 IDE 可能无法正常提示部分元素的的 TypeScript 类型（本身是 HTML 自带但被占用的元素，如 SVG 相关元素 view、image、text、输入框元素 input 等），我们强烈建议锁定依赖版本以避免类似问题。"}]},{"type":"element","tag":"p","props":{},"children":[{"type":"text","value":"如果你遇到了类似的问题，请先回退并锁定版本，并在 QQ 群内反馈、微信群内反馈、提交 ISSUE 或 PR，我们将尽快处理，非常感谢你的帮助！🙏"}]},{"type":"element","tag":"p","props":{},"children":[{"type":"text","value":"截至 2024-10-17，经实测确定，以下版本组合可正常实现类型提示。"}]},{"type":"element","tag":"table","props":{},"children":[{"type":"element","tag":"thead","props":{},"children":[{"type":"element","tag":"tr","props":{},"children":[{"type":"element","tag":"th","props":{},"children":[{"type":"text","value":"依赖"}]},{"type":"element","tag":"th","props":{},"children":[{"type":"text","value":"版本"}]}]}]},{"type":"element","tag":"tbody","props":{},"children":[{"type":"element","tag":"tr","props":{},"children":[{"type":"element","tag":"td","props":{},"children":[{"type":"text","value":"Volar"}]},{"type":"element","tag":"td","props":{},"children":[{"type":"text","value":"v2.0.28、v2.1.2、v2.1.4、v2.1.6"}]}]},{"type":"element","tag":"tr","props":{},"children":[{"type":"element","tag":"td","props":{},"children":[{"type":"text","value":"TypeScript"}]},{"type":"element","tag":"td","props":{},"children":[{"type":"text","value":"v5.5.4"}]}]},{"type":"element","tag":"tr","props":{},"children":[{"type":"element","tag":"td","props":{},"children":[{"type":"text","value":"Vue"}]},{"type":"element","tag":"td","props":{},"children":[{"type":"text","value":"v3.4.38"}]}]},{"type":"element","tag":"tr","props":{},"children":[{"type":"element","tag":"td","props":{},"children":[{"type":"text","value":"@dcloudio/*"}]},{"type":"element","tag":"td","props":{},"children":[{"type":"text","value":"v3.0.0-4020420240722002、v3.0.0-4020920240930001"}]}]},{"type":"element","tag":"tr","props":{},"children":[{"type":"element","tag":"td","props":{},"children":[{"type":"text","value":"@uni-helper/uni-app-types"}]},{"type":"element","tag":"td","props":{},"children":[{"type":"text","value":"latest"}]}]},{"type":"element","tag":"tr","props":{},"children":[{"type":"element","tag":"td","props":{},"children":[{"type":"text","value":"@uni-helper/uni-cloud-types"}]},{"type":"element","tag":"td","props":{},"children":[{"type":"text","value":"latest"}]}]},{"type":"element","tag":"tr","props":{},"children":[{"type":"element","tag":"td","props":{},"children":[{"type":"text","value":"@uni-helper/uni-ui-types"}]},{"type":"element","tag":"td","props":{},"children":[{"type":"text","value":"latest"}]}]},{"type":"element","tag":"tr","props":{},"children":[{"type":"element","tag":"td","props":{},"children":[{"type":"text","value":"@uni-helper/uni-types"}]},{"type":"element","tag":"td","props":{},"children":[{"type":"text","value":"latest"}]}]},{"type":"element","tag":"tr","props":{},"children":[{"type":"element","tag":"td","props":{},"children":[{"type":"text","value":"@uni-helper/uni-app-types"}]},{"type":"element","tag":"td","props":{},"children":[{"type":"text","value":"latest"}]}]},{"type":"element","tag":"tr","props":{},"children":[{"type":"element","tag":"td","props":{},"children":[{"type":"text","value":"@uni-helper/uni-cloud-types"}]},{"type":"element","tag":"td","props":{},"children":[{"type":"text","value":"latest"}]}]},{"type":"element","tag":"tr","props":{},"children":[{"type":"element","tag":"td","props":{},"children":[{"type":"text","value":"@uni-helper/uni-ui-types"}]},{"type":"element","tag":"td","props":{},"children":[{"type":"text","value":"latest"}]}]},{"type":"element","tag":"tr","props":{},"children":[{"type":"element","tag":"td","props":{},"children":[{"type":"text","value":"@uni-helper/uni-types"}]},{"type":"element","tag":"td","props":{},"children":[{"type":"text","value":"latest"}]}]}]}]},{"type":"element","tag":"h2","props":{"id":"如何确认-volar-版本"},"children":[{"type":"text","value":"如何确认 Volar 版本？"}]},{"type":"element","tag":"h3","props":{"id":"vsc"},"children":[{"type":"text","value":"VSC"}]},{"type":"element","tag":"p","props":{},"children":[{"type":"text","value":"在 VSC 中打开 Extensions -> Vue - Official，可以看到 Volar 版本。如果正在使用 v2.0.21 或以下版本，请使用 "},{"type":"element","tag":"a","props":{"href":"https://github.com/uni-helper/uni-app-types","rel":["nofollow"]},"children":[{"type":"text","value":"@uni-helper/uni-app-types v0.5"}]},{"type":"text","value":" 和 "},{"type":"element","tag":"a","props":{"href":"https://github.com/uni-helper/uni-ui-types","rel":["nofollow"]},"children":[{"type":"text","value":"@uni-helper/uni-ui-types v0.5"}]},{"type":"text","value":" 以获取类型支持。"}]},{"type":"element","tag":"p","props":{},"children":[{"type":"element","tag":"img","props":{"alt":"vsc-extension","src":"uni-typed/vsc-extension.png"},"children":[]}]},{"type":"element","tag":"h3","props":{"id":"webstorm"},"children":[{"type":"text","value":"WebStorm"}]},{"type":"element","tag":"p","props":{},"children":[{"type":"text","value":"在 WebStorm 中打开一个 Vue 项目，然后打开 Settings -> Languages & Frameworks -> TypeScript -> Vue，可以看到 Volar 版本。如果正在使用 @vue/language-server v2.0.21 或以下版本，请使用 "},{"type":"element","tag":"a","props":{"href":"https://github.com/uni-helper/uni-app-types","rel":["nofollow"]},"children":[{"type":"text","value":"@uni-helper/uni-app-types v0.5"}]},{"type":"text","value":" 和 "},{"type":"element","tag":"a","props":{"href":"https://github.com/uni-helper/uni-ui-types","rel":["nofollow"]},"children":[{"type":"text","value":"@uni-helper/uni-ui-types v0.5"}]},{"type":"text","value":" 以获取类型支持。"}]},{"type":"element","tag":"p","props":{},"children":[{"type":"element","tag":"img","props":{"alt":"webstorm-settings","src":"uni-typed/webstorm-settings.png"},"children":[]}]},{"type":"element","tag":"h3","props":{"id":"zed"},"children":[{"type":"text","value":"Zed"}]},{"type":"element","tag":"p","props":{},"children":[{"type":"text","value":"截至 v0.149.3，Zed 锁定 @vue/language-server 为 v1.8，请使用 "},{"type":"element","tag":"a","props":{"href":"https://github.com/uni-helper/uni-app-types","rel":["nofollow"]},"children":[{"type":"text","value":"@uni-helper/uni-app-types v0.5"}]},{"type":"text","value":" 和 "},{"type":"element","tag":"a","props":{"href":"https://github.com/uni-helper/uni-ui-types","rel":["nofollow"]},"children":[{"type":"text","value":"@uni-helper/uni-ui-types v0.5"}]},{"type":"text","value":" 以获取类型支持。"}]},{"type":"element","tag":"h2","props":{"id":"vue-2-支持情况"},"children":[{"type":"text","value":"Vue 2 支持情况"}]},{"type":"element","tag":"p","props":{},"children":[{"type":"text","value":"如果你正在使用 Vue 2 且需要组件 TypeScript 类型支持，请参考以下版本组合，这是最后已知可用的版本组合。请使用 "},{"type":"element","tag":"a","props":{"href":"https://cdn.jsdelivr.net/gh/uni-helper/uni-typed/assets/Vue.volar-2.0.21.vsix","rel":["nofollow"]},"children":[{"type":"text","value":"Volar v2.0.21"}]},{"type":"text","value":"、Vue v2.6.14、"},{"type":"element","tag":"a","props":{"href":"https://github.com/uni-helper/uni-ui-types","rel":["nofollow"]},"children":[{"type":"text","value":"@uni-helper/uni-ui-types v0.5"}]},{"type":"text","value":" 和 TypeScript v5.4.5，这是最后已知可用的版本组合。"}]},{"type":"element","tag":"table","props":{},"children":[{"type":"element","tag":"thead","props":{},"children":[{"type":"element","tag":"tr","props":{},"children":[{"type":"element","tag":"th","props":{},"children":[{"type":"text","value":"依赖"}]},{"type":"element","tag":"th","props":{},"children":[{"type":"text","value":"版本"}]}]}]},{"type":"element","tag":"tbody","props":{},"children":[{"type":"element","tag":"tr","props":{},"children":[{"type":"element","tag":"td","props":{},"children":[{"type":"text","value":"Volar"}]},{"type":"element","tag":"td","props":{},"children":[{"type":"text","value":"v2.0.21"}]}]},{"type":"element","tag":"tr","props":{},"children":[{"type":"element","tag":"td","props":{},"children":[{"type":"text","value":"TypeScript"}]},{"type":"element","tag":"td","props":{},"children":[{"type":"text","value":"v5.4.5"}]}]},{"type":"element","tag":"tr","props":{},"children":[{"type":"element","tag":"td","props":{},"children":[{"type":"text","value":"Vue"}]},{"type":"element","tag":"td","props":{},"children":[{"type":"text","value":"v2.6.14"}]}]},{"type":"element","tag":"tr","props":{},"children":[{"type":"element","tag":"td","props":{},"children":[{"type":"text","value":"@dcloudio/*"}]},{"type":"element","tag":"td","props":{},"children":[{"type":"text","value":"2.0.2-4020420240722003"}]}]},{"type":"element","tag":"tr","props":{},"children":[{"type":"element","tag":"td","props":{},"children":[{"type":"text","value":"@uni-helper/uni-app-types"}]},{"type":"element","tag":"td","props":{},"children":[{"type":"text","value":"v0.5.13"}]}]},{"type":"element","tag":"tr","props":{},"children":[{"type":"element","tag":"td","props":{},"children":[{"type":"text","value":"@uni-helper/uni-ui-types"}]},{"type":"element","tag":"td","props":{},"children":[{"type":"text","value":"v0.5.13"}]}]}]}]},{"type":"element","tag":"alert","props":{"type":"warning"},"children":[{"type":"element","tag":"p","props":{},"children":[{"type":"text","value":"uni-app 不支持 Vue v2.7。"}]}]},{"type":"element","tag":"p","props":{},"children":[{"type":"text","value":"如果你正在使用 Vue 2 但无需组件 TypeScript 类型支持，请使用 "},{"type":"element","tag":"a","props":{"href":"https://github.com/vuejs/vetur","rel":["nofollow"]},"children":[{"type":"text","value":"Vetur"}]},{"type":"text","value":" 和 "},{"type":"element","tag":"a","props":{"href":"https://www.npmjs.com/package/@dcloudio/uni-helper-json","rel":["nofollow"]},"children":[{"type":"text","value":"@dcloudio/uni-helper-json"}]},{"type":"text","value":"。"}]},{"type":"element","tag":"alert","props":{},"children":[{"type":"element","tag":"p","props":{},"children":[{"type":"text","value":"Volar 和 Vetur 不可共存，请只启用其中一个。"}]}]},{"type":"element","tag":"h2","props":{"id":"类型与文档冲突"},"children":[{"type":"text","value":"类型与文档冲突"}]},{"type":"element","tag":"p","props":{},"children":[{"type":"text","value":"类型与官方文档的冲突之处，请以官方文档为准，并在 QQ 群内反馈、微信群内反馈、提交 ISSUE 或 PR，我们将尽快处理，非常感谢你的帮助！🙏"}]}],"toc":{"title":"","searchDepth":2,"depth":2,"links":[{"id":"我项目里类型报错怎么办","depth":2,"text":"我项目里类型报错，怎么办？"},{"id":"如何确认-volar-版本","depth":2,"text":"如何确认 Volar 版本？","children":[{"id":"vsc","depth":3,"text":"VSC"},{"id":"webstorm","depth":3,"text":"WebStorm"},{"id":"zed","depth":3,"text":"Zed"}]},{"id":"vue-2-支持情况","depth":2,"text":"Vue 2 支持情况"},{"id":"类型与文档冲突","depth":2,"text":"类型与文档冲突"}]}},"_type":"markdown","_id":"content:uni-typed:2.other:1.faq.md","_source":"content","_file":"uni-typed/2.other/1.faq.md","_stem":"uni-typed/2.other/1.faq","_extension":"md"}