{"_path":"/uni-network/advanced/composition-api","_dir":"advanced","_draft":false,"_partial":false,"_locale":"","title":"组合式函数","description":"可复用的网络请求逻辑","navTruncate":false,"icon":"icon-park-outline:composition","body":{"type":"root","children":[{"type":"element","tag":"p","props":{},"children":[{"type":"text","value":"如果你还不了解组合式函数，请先阅读 "},{"type":"element","tag":"a","props":{"href":"https://cn.vuejs.org/guide/extras/composition-api-faq.html","rel":["nofollow"]},"children":[{"type":"text","value":"组合式 API 常见问答"}]},{"type":"text","value":" 和 "},{"type":"element","tag":"a","props":{"href":"https://cn.vuejs.org/guide/reusability/composables.html","rel":["nofollow"]},"children":[{"type":"text","value":"组合式函数"}]},{"type":"text","value":"。"}]},{"type":"element","tag":"p","props":{},"children":[{"type":"text","value":"我们使用 "},{"type":"element","tag":"a","props":{"href":"https://github.com/vueuse/vue-demi","rel":["nofollow"]},"children":[{"type":"text","value":"vue-demi"}]},{"type":"text","value":" 和 "},{"type":"element","tag":"a","props":{"href":"https://vueuse.org/","rel":["nofollow"]},"children":[{"type":"text","value":"vue-use"}]},{"type":"text","value":" 来同时支持 "},{"type":"element","tag":"code","props":{"className":[]},"children":[{"type":"text","value":"vue2"}]},{"type":"text","value":" 和 "},{"type":"element","tag":"code","props":{"className":[]},"children":[{"type":"text","value":"vue3"}]},{"type":"text","value":"。请先阅读它们的使用说明。"}]},{"type":"element","tag":"pm-install","props":{"name":"@vueuse/core@^9.13.0"},"children":[]},{"type":"element","tag":"p","props":{},"children":[{"type":"text","value":"如果你希望使用 "},{"type":"element","tag":"code","props":{"className":[]},"children":[{"type":"text","value":"@vueuse/core>=10"}]},{"type":"text","value":"，请查看 "},{"type":"element","tag":"a","props":{"href":"https://github.com/dcloudio/uni-app/issues/4604","rel":["nofollow"]},"children":[{"type":"text","value":"dcloudio/uni-app#4604"}]},{"type":"text","value":" 内提供的解决方案。"}]},{"type":"element","tag":"p","props":{},"children":[{"type":"text","value":"从 "},{"type":"element","tag":"code","props":{"className":[]},"children":[{"type":"text","value":"@uni-helper/uni-network/composables"}]},{"type":"text","value":" 中导入组合式函数后即可使用。"}]},{"type":"element","tag":"pre","props":{"className":"language-typescript shiki shiki-themes github-light github-dark","code":"import { useUn } from '@uni-helper/uni-network/composables'\n","language":"typescript","meta":"","style":""},"children":[{"type":"element","tag":"code","props":{"__ignoreMap":""},"children":[{"type":"element","tag":"span","props":{"class":"line","line":1},"children":[{"type":"element","tag":"span","props":{"style":"--shiki-default:#D73A49;--shiki-dark:#F97583"},"children":[{"type":"text","value":"import"}]},{"type":"element","tag":"span","props":{"style":"--shiki-default:#24292E;--shiki-dark:#E1E4E8"},"children":[{"type":"text","value":" { useUn } "}]},{"type":"element","tag":"span","props":{"style":"--shiki-default:#D73A49;--shiki-dark:#F97583"},"children":[{"type":"text","value":"from"}]},{"type":"element","tag":"span","props":{"style":"--shiki-default:#032F62;--shiki-dark:#9ECBFF"},"children":[{"type":"text","value":" '@uni-helper/uni-network/composables'\n"}]}]}]}]},{"type":"element","tag":"p","props":{},"children":[{"type":"element","tag":"code","props":{"className":[]},"children":[{"type":"text","value":"useUn"}]},{"type":"text","value":" 的用法和 "},{"type":"element","tag":"a","props":{"href":"https://vueuse.org/integrations/useaxios/","rel":["nofollow"]},"children":[{"type":"text","value":"useAxios"}]},{"type":"text","value":" 几乎完全一致。这里不再赘述。"}]},{"type":"element","tag":"style","props":{},"children":[{"type":"text","value":"html .default .shiki span {color: var(--shiki-default);background: var(--shiki-default-bg);font-style: var(--shiki-default-font-style);font-weight: var(--shiki-default-font-weight);text-decoration: var(--shiki-default-text-decoration);}html .shiki span {color: var(--shiki-default);background: var(--shiki-default-bg);font-style: var(--shiki-default-font-style);font-weight: var(--shiki-default-font-weight);text-decoration: var(--shiki-default-text-decoration);}html .dark .shiki span {color: var(--shiki-dark);background: var(--shiki-dark-bg);font-style: var(--shiki-dark-font-style);font-weight: var(--shiki-dark-font-weight);text-decoration: var(--shiki-dark-text-decoration);}html.dark .shiki span {color: var(--shiki-dark);background: var(--shiki-dark-bg);font-style: var(--shiki-dark-font-style);font-weight: var(--shiki-dark-font-weight);text-decoration: var(--shiki-dark-text-decoration);}"}]}],"toc":{"title":"","searchDepth":2,"depth":2,"links":[]}},"_type":"markdown","_id":"content:uni-network:3.advanced:6.composition-api.md","_source":"content","_file":"uni-network/3.advanced/6.composition-api.md","_stem":"uni-network/3.advanced/6.composition-api","_extension":"md"}