{"_path":"/relations","_dir":"","_draft":false,"_partial":false,"_locale":"","title":"项目关系","description":"可视化 Uni-Helper 仓库与任何 npm 包之间的关系。","fullpage":true,"body":{"type":"root","children":[{"type":"element","tag":"p","props":{},"children":[{"type":"text","value":"欢迎使用 Uni-Helper Relations，该工具可帮助你直观展示 "},{"type":"element","tag":"strong","props":{},"children":[{"type":"text","value":"Uni-Helper"}]},{"type":"text","value":" 生态系统中的包之间以及与其他 npm 包之间的相互依赖关系。"}]},{"type":"element","tag":"p","props":{},"children":[{"type":"text","value":"要开始使用该工具，你可以在菜单中点击 "},{"type":"element","tag":"code","props":{"className":[]},"children":[{"type":"text","value":"Uni-Helper 包"}]},{"type":"text","value":" 或 "},{"type":"element","tag":"code","props":{"className":[]},"children":[{"type":"text","value":"npm 包"}]},{"type":"text","value":" ，以选择你想要可视化的包。你还可以使用设置来显示或隐藏依赖项、开发依赖项和子项（使用所选包的包）。"}]},{"type":"element","tag":"p","props":{},"children":[{"type":"text","value":"如果你遇到错误，请随时"},{"type":"element","tag":"a","props":{"href":"https://github.com/uni-helper/websites/issues","rel":["nofollow"]},"children":[{"type":"text","value":"在 GitHub 上提交 Issue"}]},{"type":"text","value":"."}]},{"type":"element","tag":"p","props":{},"children":[{"type":"text","value":"如需更多信息或只是想聊天，你可以"},{"type":"element","tag":"a","props":{"href":"https://github.com/orgs/uni-helper/discussions","rel":["nofollow"]},"children":[{"type":"text","value":"去 GitHub 上讨论"}]},{"type":"text","value":"."}]},{"type":"element","tag":"p","props":{},"children":[{"type":"text","value":"你可以使用多个快捷键来操作界面："}]},{"type":"element","tag":"ul","props":{},"children":[{"type":"element","tag":"li","props":{},"children":[{"type":"element","tag":"ui-kbd","props":{"value":"meta"},"children":[]},{"type":"text","value":" "},{"type":"element","tag":"ui-kbd","props":{"value":"m"},"children":[]},{"type":"text","value":" 切换菜单"}]},{"type":"element","tag":"li","props":{},"children":[{"type":"element","tag":"ui-kbd","props":{"value":"meta"},"children":[]},{"type":"text","value":" "},{"type":"element","tag":"ui-kbd","props":{"value":"l"},"children":[]},{"type":"text","value":" 切换图例"}]},{"type":"element","tag":"li","props":{},"children":[{"type":"element","tag":"ui-kbd","props":{"value":"meta"},"children":[]},{"type":"text","value":" "},{"type":"element","tag":"ui-kbd","props":{"value":"i"},"children":[]},{"type":"text","value":" 切换此窗口"}]},{"type":"element","tag":"li","props":{},"children":[{"type":"element","tag":"ui-kbd","props":{"value":"meta"},"children":[]},{"type":"text","value":" "},{"type":"element","tag":"ui-kbd","props":{"value":"h"},"children":[]},{"type":"text","value":" 去 GitHub 上讨论"}]}]},{"type":"element","tag":"p","props":{},"children":[{"type":"text","value":"此页面灵感来源于 "},{"type":"element","tag":"a","props":{"href":"https://unjs.io/relations","rel":["nofollow"]},"children":[{"type":"text","value":"unjs"}]},{"type":"text","value":"，他们提供了非常庞大且复杂的 JS 生态系统，uni-helper 的部分包也构建与 unjs 之上！"}]}],"toc":{"title":"","searchDepth":2,"depth":2,"links":[]}},"_type":"markdown","_id":"content:2.relations.md","_source":"content","_file":"2.relations.md","_stem":"2.relations","_extension":"md"}