[{"_path":"/hbuilderx-vanilla/introduction","_dir":"hbuilderx-vanilla","_draft":false,"_partial":false,"_locale":"","title":"项目介绍","description":"优雅地在Linux环境下构建uni-app项目的wgt热更新包","icon":"carbon:package","navTruncate":false,"badges":[{"value":"docker","icon":"simple-icons:docker","to":"https://hub.docker.com/r/flymyd114/hbuilderx-vanilla","target":"_blank"},{"value":"source","icon":"lucide:code","to":"https://github.com/uni-helper/hbuilderx-vanilla","target":"_blank"}],"_type":"markdown","_id":"content:hbuilderx-vanilla:1.introduction.md","_source":"content","_file":"hbuilderx-vanilla/1.introduction.md","_stem":"hbuilderx-vanilla/1.introduction","_extension":"md"},{"_path":"/hbuilderx-vanilla/build","_dir":"hbuilderx-vanilla","_draft":false,"_partial":false,"_locale":"","title":"自行构建","description":"自行构建指定版本的 HBuilderX Vanilla 镜像","icon":"lucide:hammer","navTruncate":false,"badges":[{"value":"docker","icon":"simple-icons:docker","to":"https://hub.docker.com/r/flymyd114/hbuilderx-vanilla","target":"_blank"},{"value":"source","icon":"lucide:code","to":"https://github.com/uni-helper/hbuilderx-vanilla","target":"_blank"}],"_type":"markdown","_id":"content:hbuilderx-vanilla:3.build.md","_source":"content","_file":"hbuilderx-vanilla/3.build.md","_stem":"hbuilderx-vanilla/3.build","_extension":"md"}]