{"_path":"/vitesse-uni-app/getting-started/views","_dir":"getting-started","_draft":false,"_partial":false,"_locale":"","title":"视图","description":"视图是 uni-app 应用的用户界面，它由组件组成。","navTruncate":true,"icon":"lucide:component","body":{"type":"root","children":[{"type":"element","tag":"h2","props":{"id":"appvue"},"children":[{"type":"text","value":"App.vue"}]},{"type":"element","tag":"p","props":{},"children":[{"type":"element","tag":"code","props":{"className":[]},"children":[{"type":"text","value":"App.vue"}]},{"type":"text","value":" 是 uni-app 应用主组件和入口文件，所有页面都是在 "},{"type":"element","tag":"code","props":{"className":[]},"children":[{"type":"text","value":"App.vue"}]},{"type":"text","value":" 下进行切换的。"}]},{"type":"element","tag":"p","props":{},"children":[{"type":"element","tag":"code","props":{"className":[]},"children":[{"type":"text","value":"App.vue"}]},{"type":"text","value":" 本身不是页面，这里不能编写视图元素，也就是不能使用 "},{"type":"element","tag":"code","props":{"className":[]},"children":[{"type":"text","value":"<template>"}]},{"type":"text","value":"。"}]},{"type":"element","tag":"p","props":{},"children":[{"type":"element","tag":"a","props":{"href":"https://uniapp.dcloud.net.cn/collocation/App.html#applifecycle","rel":["nofollow"]},"children":[{"type":"text","value":"应用生命周期"}]},{"type":"text","value":" 只能在 "},{"type":"element","tag":"code","props":{"className":[]},"children":[{"type":"text","value":"App.vue"}]},{"type":"text","value":" 中监听，在页面监听无效。"}]},{"type":"element","tag":"alert","props":{"icon":"lucide:link","target":"_blank","to":"https://uniapp.dcloud.net.cn/collocation/App.html"},"children":[{"type":"element","tag":"p","props":{},"children":[{"type":"text","value":"了解 "},{"type":"element","tag":"code","props":{"className":[]},"children":[{"type":"text","value":"uni-app"}]},{"type":"text","value":" 关于 "},{"type":"element","tag":"code","props":{"className":[]},"children":[{"type":"text","value":"App.vue"}]},{"type":"text","value":" 的更多信息"}]}]},{"type":"element","tag":"h2","props":{"id":"components-组件"},"children":[{"type":"text","value":"Components 组件"}]},{"type":"element","tag":"p","props":{},"children":[{"type":"text","value":"大多数组件都是用户界面的可重用部分，如按钮和菜单。"}]},{"type":"element","tag":"p","props":{},"children":[{"type":"text","value":"得益于 "},{"type":"element","tag":"a","props":{"href":"https://github.com/uni-helper/vite-plugin-uni-components","rel":["nofollow"]},"children":[{"type":"text","value":"@uni-helper/vite-plugin-uni-components"}]},{"type":"text","value":"，组件将自动注册到全局，你不需要显式导入它们。只需要在 "},{"type":"element","tag":"code","props":{"className":[]},"children":[{"type":"text","value":"src/components"}]},{"type":"text","value":" 目录下创建组件，然后直接使用即可。"}]},{"type":"element","tag":"code-group","props":{},"children":[{"type":"element","tag":"pre","props":{"className":"language-vue shiki shiki-themes github-light github-dark","code":"<template>\n  <div>\n    <h1>欢迎使用 vitess-uni-app </h1>\n    <AppAlert>\n      这个组件会自动导入\n    </AppAlert>\n  </div>\n</template>\n","filename":"src/pages/index.vue","language":"vue","meta":"","style":""},"children":[{"type":"element","tag":"code","props":{"__ignoreMap":""},"children":[{"type":"element","tag":"span","props":{"class":"line","line":1},"children":[{"type":"element","tag":"span","props":{"style":"--shiki-default:#24292E;--shiki-dark:#E1E4E8"},"children":[{"type":"text","value":"<"}]},{"type":"element","tag":"span","props":{"style":"--shiki-default:#22863A;--shiki-dark:#85E89D"},"children":[{"type":"text","value":"template"}]},{"type":"element","tag":"span","props":{"style":"--shiki-default:#24292E;--shiki-dark:#E1E4E8"},"children":[{"type":"text","value":">\n"}]}]},{"type":"element","tag":"span","props":{"class":"line","line":2},"children":[{"type":"element","tag":"span","props":{"style":"--shiki-default:#24292E;--shiki-dark:#E1E4E8"},"children":[{"type":"text","value":"  <"}]},{"type":"element","tag":"span","props":{"style":"--shiki-default:#22863A;--shiki-dark:#85E89D"},"children":[{"type":"text","value":"div"}]},{"type":"element","tag":"span","props":{"style":"--shiki-default:#24292E;--shiki-dark:#E1E4E8"},"children":[{"type":"text","value":">\n"}]}]},{"type":"element","tag":"span","props":{"class":"line","line":3},"children":[{"type":"element","tag":"span","props":{"style":"--shiki-default:#24292E;--shiki-dark:#E1E4E8"},"children":[{"type":"text","value":"    <"}]},{"type":"element","tag":"span","props":{"style":"--shiki-default:#22863A;--shiki-dark:#85E89D"},"children":[{"type":"text","value":"h1"}]},{"type":"element","tag":"span","props":{"style":"--shiki-default:#24292E;--shiki-dark:#E1E4E8"},"children":[{"type":"text","value":">欢迎使用 vitess-uni-app </"}]},{"type":"element","tag":"span","props":{"style":"--shiki-default:#22863A;--shiki-dark:#85E89D"},"children":[{"type":"text","value":"h1"}]},{"type":"element","tag":"span","props":{"style":"--shiki-default:#24292E;--shiki-dark:#E1E4E8"},"children":[{"type":"text","value":">\n"}]}]},{"type":"element","tag":"span","props":{"class":"line","line":4},"children":[{"type":"element","tag":"span","props":{"style":"--shiki-default:#24292E;--shiki-dark:#E1E4E8"},"children":[{"type":"text","value":"    <"}]},{"type":"element","tag":"span","props":{"style":"--shiki-default:#22863A;--shiki-dark:#85E89D"},"children":[{"type":"text","value":"AppAlert"}]},{"type":"element","tag":"span","props":{"style":"--shiki-default:#24292E;--shiki-dark:#E1E4E8"},"children":[{"type":"text","value":">\n"}]}]},{"type":"element","tag":"span","props":{"class":"line","line":5},"children":[{"type":"element","tag":"span","props":{"style":"--shiki-default:#24292E;--shiki-dark:#E1E4E8"},"children":[{"type":"text","value":"      这个组件会自动导入\n"}]}]},{"type":"element","tag":"span","props":{"class":"line","line":6},"children":[{"type":"element","tag":"span","props":{"style":"--shiki-default:#24292E;--shiki-dark:#E1E4E8"},"children":[{"type":"text","value":"    </"}]},{"type":"element","tag":"span","props":{"style":"--shiki-default:#22863A;--shiki-dark:#85E89D"},"children":[{"type":"text","value":"AppAlert"}]},{"type":"element","tag":"span","props":{"style":"--shiki-default:#24292E;--shiki-dark:#E1E4E8"},"children":[{"type":"text","value":">\n"}]}]},{"type":"element","tag":"span","props":{"class":"line","line":7},"children":[{"type":"element","tag":"span","props":{"style":"--shiki-default:#24292E;--shiki-dark:#E1E4E8"},"children":[{"type":"text","value":"  </"}]},{"type":"element","tag":"span","props":{"style":"--shiki-default:#22863A;--shiki-dark:#85E89D"},"children":[{"type":"text","value":"div"}]},{"type":"element","tag":"span","props":{"style":"--shiki-default:#24292E;--shiki-dark:#E1E4E8"},"children":[{"type":"text","value":">\n"}]}]},{"type":"element","tag":"span","props":{"class":"line","line":8},"children":[{"type":"element","tag":"span","props":{"style":"--shiki-default:#24292E;--shiki-dark:#E1E4E8"},"children":[{"type":"text","value":"</"}]},{"type":"element","tag":"span","props":{"style":"--shiki-default:#22863A;--shiki-dark:#85E89D"},"children":[{"type":"text","value":"template"}]},{"type":"element","tag":"span","props":{"style":"--shiki-default:#24292E;--shiki-dark:#E1E4E8"},"children":[{"type":"text","value":">\n"}]}]}]}]},{"type":"element","tag":"pre","props":{"className":"language-vue shiki shiki-themes github-light github-dark","code":"<template>\n  <span>\n    <slot />\n  </span>\n</template>\n","filename":"src/components/AppAlert.vue","language":"vue","meta":"","style":""},"children":[{"type":"element","tag":"code","props":{"__ignoreMap":""},"children":[{"type":"element","tag":"span","props":{"class":"line","line":1},"children":[{"type":"element","tag":"span","props":{"style":"--shiki-default:#24292E;--shiki-dark:#E1E4E8"},"children":[{"type":"text","value":"<"}]},{"type":"element","tag":"span","props":{"style":"--shiki-default:#22863A;--shiki-dark:#85E89D"},"children":[{"type":"text","value":"template"}]},{"type":"element","tag":"span","props":{"style":"--shiki-default:#24292E;--shiki-dark:#E1E4E8"},"children":[{"type":"text","value":">\n"}]}]},{"type":"element","tag":"span","props":{"class":"line","line":2},"children":[{"type":"element","tag":"span","props":{"style":"--shiki-default:#24292E;--shiki-dark:#E1E4E8"},"children":[{"type":"text","value":"  <"}]},{"type":"element","tag":"span","props":{"style":"--shiki-default:#22863A;--shiki-dark:#85E89D"},"children":[{"type":"text","value":"span"}]},{"type":"element","tag":"span","props":{"style":"--shiki-default:#24292E;--shiki-dark:#E1E4E8"},"children":[{"type":"text","value":">\n"}]}]},{"type":"element","tag":"span","props":{"class":"line","line":3},"children":[{"type":"element","tag":"span","props":{"style":"--shiki-default:#24292E;--shiki-dark:#E1E4E8"},"children":[{"type":"text","value":"    <"}]},{"type":"element","tag":"span","props":{"style":"--shiki-default:#22863A;--shiki-dark:#85E89D"},"children":[{"type":"text","value":"slot"}]},{"type":"element","tag":"span","props":{"style":"--shiki-default:#B31D28;--shiki-default-font-style:italic;--shiki-dark:#FDAEB7;--shiki-dark-font-style:italic"},"children":[{"type":"text","value":" /"}]},{"type":"element","tag":"span","props":{"style":"--shiki-default:#24292E;--shiki-dark:#E1E4E8"},"children":[{"type":"text","value":">\n"}]}]},{"type":"element","tag":"span","props":{"class":"line","line":4},"children":[{"type":"element","tag":"span","props":{"style":"--shiki-default:#24292E;--shiki-dark:#E1E4E8"},"children":[{"type":"text","value":"  </"}]},{"type":"element","tag":"span","props":{"style":"--shiki-default:#22863A;--shiki-dark:#85E89D"},"children":[{"type":"text","value":"span"}]},{"type":"element","tag":"span","props":{"style":"--shiki-default:#24292E;--shiki-dark:#E1E4E8"},"children":[{"type":"text","value":">\n"}]}]},{"type":"element","tag":"span","props":{"class":"line","line":5},"children":[{"type":"element","tag":"span","props":{"style":"--shiki-default:#24292E;--shiki-dark:#E1E4E8"},"children":[{"type":"text","value":"</"}]},{"type":"element","tag":"span","props":{"style":"--shiki-default:#22863A;--shiki-dark:#85E89D"},"children":[{"type":"text","value":"template"}]},{"type":"element","tag":"span","props":{"style":"--shiki-default:#24292E;--shiki-dark:#E1E4E8"},"children":[{"type":"text","value":">\n"}]}]}]}]}]},{"type":"element","tag":"h2","props":{"id":"pages-页面"},"children":[{"type":"text","value":"Pages 页面"}]},{"type":"element","tag":"p","props":{},"children":[{"type":"text","value":"通过组合使用组件，我们可以得到展示给用户的页面。"}]},{"type":"element","tag":"p","props":{},"children":[{"type":"text","value":"得益于 "},{"type":"element","tag":"a","props":{"href":"https://github.com/uni-helper/vite-plugin-uni-pages","rel":["nofollow"]},"children":[{"type":"text","value":"@uni-helper/vite-plugin-uni-pages"}]},{"type":"text","value":"，约定式路由（文件路由）的实现轻而易举。"},{"type":"element","tag":"code","props":{"className":[]},"children":[{"type":"text","value":"src/pages"}]},{"type":"text","value":" 目录下的每个文件都代表着一个路由。要创建新页面，只需要在这个目录里新增 "},{"type":"element","tag":"code","props":{"className":[]},"children":[{"type":"text","value":".vue"}]},{"type":"text","value":" 文件。"}]},{"type":"element","tag":"code-group","props":{},"children":[{"type":"element","tag":"pre","props":{"className":"language-vue shiki shiki-themes github-light github-dark","code":"<template>\n  <div>\n    <h1>欢迎使用 vitess-uni-app </h1>\n    <AppAlert>\n      这个组件会自动导入\n    </AppAlert>\n  </div>\n</template>\n","filename":"src/pages/index.vue","language":"vue","meta":"","style":""},"children":[{"type":"element","tag":"code","props":{"__ignoreMap":""},"children":[{"type":"element","tag":"span","props":{"class":"line","line":1},"children":[{"type":"element","tag":"span","props":{"style":"--shiki-default:#24292E;--shiki-dark:#E1E4E8"},"children":[{"type":"text","value":"<"}]},{"type":"element","tag":"span","props":{"style":"--shiki-default:#22863A;--shiki-dark:#85E89D"},"children":[{"type":"text","value":"template"}]},{"type":"element","tag":"span","props":{"style":"--shiki-default:#24292E;--shiki-dark:#E1E4E8"},"children":[{"type":"text","value":">\n"}]}]},{"type":"element","tag":"span","props":{"class":"line","line":2},"children":[{"type":"element","tag":"span","props":{"style":"--shiki-default:#24292E;--shiki-dark:#E1E4E8"},"children":[{"type":"text","value":"  <"}]},{"type":"element","tag":"span","props":{"style":"--shiki-default:#22863A;--shiki-dark:#85E89D"},"children":[{"type":"text","value":"div"}]},{"type":"element","tag":"span","props":{"style":"--shiki-default:#24292E;--shiki-dark:#E1E4E8"},"children":[{"type":"text","value":">\n"}]}]},{"type":"element","tag":"span","props":{"class":"line","line":3},"children":[{"type":"element","tag":"span","props":{"style":"--shiki-default:#24292E;--shiki-dark:#E1E4E8"},"children":[{"type":"text","value":"    <"}]},{"type":"element","tag":"span","props":{"style":"--shiki-default:#22863A;--shiki-dark:#85E89D"},"children":[{"type":"text","value":"h1"}]},{"type":"element","tag":"span","props":{"style":"--shiki-default:#24292E;--shiki-dark:#E1E4E8"},"children":[{"type":"text","value":">欢迎使用 vitess-uni-app </"}]},{"type":"element","tag":"span","props":{"style":"--shiki-default:#22863A;--shiki-dark:#85E89D"},"children":[{"type":"text","value":"h1"}]},{"type":"element","tag":"span","props":{"style":"--shiki-default:#24292E;--shiki-dark:#E1E4E8"},"children":[{"type":"text","value":">\n"}]}]},{"type":"element","tag":"span","props":{"class":"line","line":4},"children":[{"type":"element","tag":"span","props":{"style":"--shiki-default:#24292E;--shiki-dark:#E1E4E8"},"children":[{"type":"text","value":"    <"}]},{"type":"element","tag":"span","props":{"style":"--shiki-default:#22863A;--shiki-dark:#85E89D"},"children":[{"type":"text","value":"AppAlert"}]},{"type":"element","tag":"span","props":{"style":"--shiki-default:#24292E;--shiki-dark:#E1E4E8"},"children":[{"type":"text","value":">\n"}]}]},{"type":"element","tag":"span","props":{"class":"line","line":5},"children":[{"type":"element","tag":"span","props":{"style":"--shiki-default:#24292E;--shiki-dark:#E1E4E8"},"children":[{"type":"text","value":"      这个组件会自动导入\n"}]}]},{"type":"element","tag":"span","props":{"class":"line","line":6},"children":[{"type":"element","tag":"span","props":{"style":"--shiki-default:#24292E;--shiki-dark:#E1E4E8"},"children":[{"type":"text","value":"    </"}]},{"type":"element","tag":"span","props":{"style":"--shiki-default:#22863A;--shiki-dark:#85E89D"},"children":[{"type":"text","value":"AppAlert"}]},{"type":"element","tag":"span","props":{"style":"--shiki-default:#24292E;--shiki-dark:#E1E4E8"},"children":[{"type":"text","value":">\n"}]}]},{"type":"element","tag":"span","props":{"class":"line","line":7},"children":[{"type":"element","tag":"span","props":{"style":"--shiki-default:#24292E;--shiki-dark:#E1E4E8"},"children":[{"type":"text","value":"  </"}]},{"type":"element","tag":"span","props":{"style":"--shiki-default:#22863A;--shiki-dark:#85E89D"},"children":[{"type":"text","value":"div"}]},{"type":"element","tag":"span","props":{"style":"--shiki-default:#24292E;--shiki-dark:#E1E4E8"},"children":[{"type":"text","value":">\n"}]}]},{"type":"element","tag":"span","props":{"class":"line","line":8},"children":[{"type":"element","tag":"span","props":{"style":"--shiki-default:#24292E;--shiki-dark:#E1E4E8"},"children":[{"type":"text","value":"</"}]},{"type":"element","tag":"span","props":{"style":"--shiki-default:#22863A;--shiki-dark:#85E89D"},"children":[{"type":"text","value":"template"}]},{"type":"element","tag":"span","props":{"style":"--shiki-default:#24292E;--shiki-dark:#E1E4E8"},"children":[{"type":"text","value":">\n"}]}]}]}]},{"type":"element","tag":"pre","props":{"className":"language-vue shiki shiki-themes github-light github-dark","code":"<template>\n  <section>\n    <p>通过 `/pages/about` 来访问这个页面</p>\n  </section>\n</template>\n","filename":"src/pages/about.vue","language":"vue","meta":"","style":""},"children":[{"type":"element","tag":"code","props":{"__ignoreMap":""},"children":[{"type":"element","tag":"span","props":{"class":"line","line":1},"children":[{"type":"element","tag":"span","props":{"style":"--shiki-default:#24292E;--shiki-dark:#E1E4E8"},"children":[{"type":"text","value":"<"}]},{"type":"element","tag":"span","props":{"style":"--shiki-default:#22863A;--shiki-dark:#85E89D"},"children":[{"type":"text","value":"template"}]},{"type":"element","tag":"span","props":{"style":"--shiki-default:#24292E;--shiki-dark:#E1E4E8"},"children":[{"type":"text","value":">\n"}]}]},{"type":"element","tag":"span","props":{"class":"line","line":2},"children":[{"type":"element","tag":"span","props":{"style":"--shiki-default:#24292E;--shiki-dark:#E1E4E8"},"children":[{"type":"text","value":"  <"}]},{"type":"element","tag":"span","props":{"style":"--shiki-default:#22863A;--shiki-dark:#85E89D"},"children":[{"type":"text","value":"section"}]},{"type":"element","tag":"span","props":{"style":"--shiki-default:#24292E;--shiki-dark:#E1E4E8"},"children":[{"type":"text","value":">\n"}]}]},{"type":"element","tag":"span","props":{"class":"line","line":3},"children":[{"type":"element","tag":"span","props":{"style":"--shiki-default:#24292E;--shiki-dark:#E1E4E8"},"children":[{"type":"text","value":"    <"}]},{"type":"element","tag":"span","props":{"style":"--shiki-default:#22863A;--shiki-dark:#85E89D"},"children":[{"type":"text","value":"p"}]},{"type":"element","tag":"span","props":{"style":"--shiki-default:#24292E;--shiki-dark:#E1E4E8"},"children":[{"type":"text","value":">通过 `/pages/about` 来访问这个页面</"}]},{"type":"element","tag":"span","props":{"style":"--shiki-default:#22863A;--shiki-dark:#85E89D"},"children":[{"type":"text","value":"p"}]},{"type":"element","tag":"span","props":{"style":"--shiki-default:#24292E;--shiki-dark:#E1E4E8"},"children":[{"type":"text","value":">\n"}]}]},{"type":"element","tag":"span","props":{"class":"line","line":4},"children":[{"type":"element","tag":"span","props":{"style":"--shiki-default:#24292E;--shiki-dark:#E1E4E8"},"children":[{"type":"text","value":"  </"}]},{"type":"element","tag":"span","props":{"style":"--shiki-default:#22863A;--shiki-dark:#85E89D"},"children":[{"type":"text","value":"section"}]},{"type":"element","tag":"span","props":{"style":"--shiki-default:#24292E;--shiki-dark:#E1E4E8"},"children":[{"type":"text","value":">\n"}]}]},{"type":"element","tag":"span","props":{"class":"line","line":5},"children":[{"type":"element","tag":"span","props":{"style":"--shiki-default:#24292E;--shiki-dark:#E1E4E8"},"children":[{"type":"text","value":"</"}]},{"type":"element","tag":"span","props":{"style":"--shiki-default:#22863A;--shiki-dark:#85E89D"},"children":[{"type":"text","value":"template"}]},{"type":"element","tag":"span","props":{"style":"--shiki-default:#24292E;--shiki-dark:#E1E4E8"},"children":[{"type":"text","value":">\n"}]}]}]}]}]},{"type":"element","tag":"h2","props":{"id":"layouts-布局"},"children":[{"type":"text","value":"Layouts 布局"}]},{"type":"element","tag":"p","props":{},"children":[{"type":"text","value":"布局可以用来创建通用界面（如页眉和页脚显示）的包装器，不同的页面可能需要不同的布局。布局是使用 "},{"type":"element","tag":"code","props":{"className":[]},"children":[{"type":"text","value":"Vue"}]},{"type":"text","value":" 的插槽功能实现的。"}]},{"type":"element","tag":"p","props":{},"children":[{"type":"text","value":"得益于 "},{"type":"element","tag":"a","props":{"href":"https://github.com/uni-helper/vite-plugin-uni-layouts","rel":["nofollow"]},"children":[{"type":"text","value":"@uni-helper/vite-plugin-uni-layouts"}]},{"type":"text","value":"，你可以轻松地切换不同的布局。"}]},{"type":"element","tag":"p","props":{},"children":[{"type":"element","tag":"code","props":{"className":[]},"children":[{"type":"text","value":"src/layouts/default.vue"}]},{"type":"text","value":" 文件将作为默认布局。"}]},{"type":"element","tag":"code-group","props":{},"children":[{"type":"element","tag":"pre","props":{"className":"language-vue shiki shiki-themes github-light github-dark","code":"<template>\n  <div>\n    <AppHeader />\n    <!-- src/pages/index.vue 和 src/pages/about.vue 内容展示 -->\n    <slot />\n    <AppFooter />\n  </div>\n</template>\n","filename":"src/layouts/default.vue","language":"vue","meta":"","style":""},"children":[{"type":"element","tag":"code","props":{"__ignoreMap":""},"children":[{"type":"element","tag":"span","props":{"class":"line","line":1},"children":[{"type":"element","tag":"span","props":{"style":"--shiki-default:#24292E;--shiki-dark:#E1E4E8"},"children":[{"type":"text","value":"<"}]},{"type":"element","tag":"span","props":{"style":"--shiki-default:#22863A;--shiki-dark:#85E89D"},"children":[{"type":"text","value":"template"}]},{"type":"element","tag":"span","props":{"style":"--shiki-default:#24292E;--shiki-dark:#E1E4E8"},"children":[{"type":"text","value":">\n"}]}]},{"type":"element","tag":"span","props":{"class":"line","line":2},"children":[{"type":"element","tag":"span","props":{"style":"--shiki-default:#24292E;--shiki-dark:#E1E4E8"},"children":[{"type":"text","value":"  <"}]},{"type":"element","tag":"span","props":{"style":"--shiki-default:#22863A;--shiki-dark:#85E89D"},"children":[{"type":"text","value":"div"}]},{"type":"element","tag":"span","props":{"style":"--shiki-default:#24292E;--shiki-dark:#E1E4E8"},"children":[{"type":"text","value":">\n"}]}]},{"type":"element","tag":"span","props":{"class":"line","line":3},"children":[{"type":"element","tag":"span","props":{"style":"--shiki-default:#24292E;--shiki-dark:#E1E4E8"},"children":[{"type":"text","value":"    <"}]},{"type":"element","tag":"span","props":{"style":"--shiki-default:#22863A;--shiki-dark:#85E89D"},"children":[{"type":"text","value":"AppHeader"}]},{"type":"element","tag":"span","props":{"style":"--shiki-default:#24292E;--shiki-dark:#E1E4E8"},"children":[{"type":"text","value":" />\n"}]}]},{"type":"element","tag":"span","props":{"class":"line","line":4},"children":[{"type":"element","tag":"span","props":{"style":"--shiki-default:#6A737D;--shiki-dark:#6A737D"},"children":[{"type":"text","value":"    <!-- src/pages/index.vue 和 src/pages/about.vue 内容展示 -->\n"}]}]},{"type":"element","tag":"span","props":{"class":"line","line":5},"children":[{"type":"element","tag":"span","props":{"style":"--shiki-default:#24292E;--shiki-dark:#E1E4E8"},"children":[{"type":"text","value":"    <"}]},{"type":"element","tag":"span","props":{"style":"--shiki-default:#22863A;--shiki-dark:#85E89D"},"children":[{"type":"text","value":"slot"}]},{"type":"element","tag":"span","props":{"style":"--shiki-default:#B31D28;--shiki-default-font-style:italic;--shiki-dark:#FDAEB7;--shiki-dark-font-style:italic"},"children":[{"type":"text","value":" /"}]},{"type":"element","tag":"span","props":{"style":"--shiki-default:#24292E;--shiki-dark:#E1E4E8"},"children":[{"type":"text","value":">\n"}]}]},{"type":"element","tag":"span","props":{"class":"line","line":6},"children":[{"type":"element","tag":"span","props":{"style":"--shiki-default:#24292E;--shiki-dark:#E1E4E8"},"children":[{"type":"text","value":"    <"}]},{"type":"element","tag":"span","props":{"style":"--shiki-default:#22863A;--shiki-dark:#85E89D"},"children":[{"type":"text","value":"AppFooter"}]},{"type":"element","tag":"span","props":{"style":"--shiki-default:#24292E;--shiki-dark:#E1E4E8"},"children":[{"type":"text","value":" />\n"}]}]},{"type":"element","tag":"span","props":{"class":"line","line":7},"children":[{"type":"element","tag":"span","props":{"style":"--shiki-default:#24292E;--shiki-dark:#E1E4E8"},"children":[{"type":"text","value":"  </"}]},{"type":"element","tag":"span","props":{"style":"--shiki-default:#22863A;--shiki-dark:#85E89D"},"children":[{"type":"text","value":"div"}]},{"type":"element","tag":"span","props":{"style":"--shiki-default:#24292E;--shiki-dark:#E1E4E8"},"children":[{"type":"text","value":">\n"}]}]},{"type":"element","tag":"span","props":{"class":"line","line":8},"children":[{"type":"element","tag":"span","props":{"style":"--shiki-default:#24292E;--shiki-dark:#E1E4E8"},"children":[{"type":"text","value":"</"}]},{"type":"element","tag":"span","props":{"style":"--shiki-default:#22863A;--shiki-dark:#85E89D"},"children":[{"type":"text","value":"template"}]},{"type":"element","tag":"span","props":{"style":"--shiki-default:#24292E;--shiki-dark:#E1E4E8"},"children":[{"type":"text","value":">\n"}]}]}]}]},{"type":"element","tag":"pre","props":{"className":"language-vue shiki shiki-themes github-light github-dark","code":"<template>\n  <div>\n    <h1>欢迎使用 vitess-uni-app </h1>\n    <AppAlert>\n      这个组件会自动导入\n    </AppAlert>\n  </div>\n</template>\n","filename":"src/pages/index.vue","language":"vue","meta":"","style":""},"children":[{"type":"element","tag":"code","props":{"__ignoreMap":""},"children":[{"type":"element","tag":"span","props":{"class":"line","line":1},"children":[{"type":"element","tag":"span","props":{"style":"--shiki-default:#24292E;--shiki-dark:#E1E4E8"},"children":[{"type":"text","value":"<"}]},{"type":"element","tag":"span","props":{"style":"--shiki-default:#22863A;--shiki-dark:#85E89D"},"children":[{"type":"text","value":"template"}]},{"type":"element","tag":"span","props":{"style":"--shiki-default:#24292E;--shiki-dark:#E1E4E8"},"children":[{"type":"text","value":">\n"}]}]},{"type":"element","tag":"span","props":{"class":"line","line":2},"children":[{"type":"element","tag":"span","props":{"style":"--shiki-default:#24292E;--shiki-dark:#E1E4E8"},"children":[{"type":"text","value":"  <"}]},{"type":"element","tag":"span","props":{"style":"--shiki-default:#22863A;--shiki-dark:#85E89D"},"children":[{"type":"text","value":"div"}]},{"type":"element","tag":"span","props":{"style":"--shiki-default:#24292E;--shiki-dark:#E1E4E8"},"children":[{"type":"text","value":">\n"}]}]},{"type":"element","tag":"span","props":{"class":"line","line":3},"children":[{"type":"element","tag":"span","props":{"style":"--shiki-default:#24292E;--shiki-dark:#E1E4E8"},"children":[{"type":"text","value":"    <"}]},{"type":"element","tag":"span","props":{"style":"--shiki-default:#22863A;--shiki-dark:#85E89D"},"children":[{"type":"text","value":"h1"}]},{"type":"element","tag":"span","props":{"style":"--shiki-default:#24292E;--shiki-dark:#E1E4E8"},"children":[{"type":"text","value":">欢迎使用 vitess-uni-app </"}]},{"type":"element","tag":"span","props":{"style":"--shiki-default:#22863A;--shiki-dark:#85E89D"},"children":[{"type":"text","value":"h1"}]},{"type":"element","tag":"span","props":{"style":"--shiki-default:#24292E;--shiki-dark:#E1E4E8"},"children":[{"type":"text","value":">\n"}]}]},{"type":"element","tag":"span","props":{"class":"line","line":4},"children":[{"type":"element","tag":"span","props":{"style":"--shiki-default:#24292E;--shiki-dark:#E1E4E8"},"children":[{"type":"text","value":"    <"}]},{"type":"element","tag":"span","props":{"style":"--shiki-default:#22863A;--shiki-dark:#85E89D"},"children":[{"type":"text","value":"AppAlert"}]},{"type":"element","tag":"span","props":{"style":"--shiki-default:#24292E;--shiki-dark:#E1E4E8"},"children":[{"type":"text","value":">\n"}]}]},{"type":"element","tag":"span","props":{"class":"line","line":5},"children":[{"type":"element","tag":"span","props":{"style":"--shiki-default:#24292E;--shiki-dark:#E1E4E8"},"children":[{"type":"text","value":"      这个组件会自动导入\n"}]}]},{"type":"element","tag":"span","props":{"class":"line","line":6},"children":[{"type":"element","tag":"span","props":{"style":"--shiki-default:#24292E;--shiki-dark:#E1E4E8"},"children":[{"type":"text","value":"    </"}]},{"type":"element","tag":"span","props":{"style":"--shiki-default:#22863A;--shiki-dark:#85E89D"},"children":[{"type":"text","value":"AppAlert"}]},{"type":"element","tag":"span","props":{"style":"--shiki-default:#24292E;--shiki-dark:#E1E4E8"},"children":[{"type":"text","value":">\n"}]}]},{"type":"element","tag":"span","props":{"class":"line","line":7},"children":[{"type":"element","tag":"span","props":{"style":"--shiki-default:#24292E;--shiki-dark:#E1E4E8"},"children":[{"type":"text","value":"  </"}]},{"type":"element","tag":"span","props":{"style":"--shiki-default:#22863A;--shiki-dark:#85E89D"},"children":[{"type":"text","value":"div"}]},{"type":"element","tag":"span","props":{"style":"--shiki-default:#24292E;--shiki-dark:#E1E4E8"},"children":[{"type":"text","value":">\n"}]}]},{"type":"element","tag":"span","props":{"class":"line","line":8},"children":[{"type":"element","tag":"span","props":{"style":"--shiki-default:#24292E;--shiki-dark:#E1E4E8"},"children":[{"type":"text","value":"</"}]},{"type":"element","tag":"span","props":{"style":"--shiki-default:#22863A;--shiki-dark:#85E89D"},"children":[{"type":"text","value":"template"}]},{"type":"element","tag":"span","props":{"style":"--shiki-default:#24292E;--shiki-dark:#E1E4E8"},"children":[{"type":"text","value":">\n"}]}]}]}]},{"type":"element","tag":"pre","props":{"className":"language-vue shiki shiki-themes github-light github-dark","code":"<template>\n  <section>\n    <p>通过 `/pages/about` 来访问这个页面</p>\n  </section>\n</template>\n","filename":"src/pages/about.vue","language":"vue","meta":"","style":""},"children":[{"type":"element","tag":"code","props":{"__ignoreMap":""},"children":[{"type":"element","tag":"span","props":{"class":"line","line":1},"children":[{"type":"element","tag":"span","props":{"style":"--shiki-default:#24292E;--shiki-dark:#E1E4E8"},"children":[{"type":"text","value":"<"}]},{"type":"element","tag":"span","props":{"style":"--shiki-default:#22863A;--shiki-dark:#85E89D"},"children":[{"type":"text","value":"template"}]},{"type":"element","tag":"span","props":{"style":"--shiki-default:#24292E;--shiki-dark:#E1E4E8"},"children":[{"type":"text","value":">\n"}]}]},{"type":"element","tag":"span","props":{"class":"line","line":2},"children":[{"type":"element","tag":"span","props":{"style":"--shiki-default:#24292E;--shiki-dark:#E1E4E8"},"children":[{"type":"text","value":"  <"}]},{"type":"element","tag":"span","props":{"style":"--shiki-default:#22863A;--shiki-dark:#85E89D"},"children":[{"type":"text","value":"section"}]},{"type":"element","tag":"span","props":{"style":"--shiki-default:#24292E;--shiki-dark:#E1E4E8"},"children":[{"type":"text","value":">\n"}]}]},{"type":"element","tag":"span","props":{"class":"line","line":3},"children":[{"type":"element","tag":"span","props":{"style":"--shiki-default:#24292E;--shiki-dark:#E1E4E8"},"children":[{"type":"text","value":"    <"}]},{"type":"element","tag":"span","props":{"style":"--shiki-default:#22863A;--shiki-dark:#85E89D"},"children":[{"type":"text","value":"p"}]},{"type":"element","tag":"span","props":{"style":"--shiki-default:#24292E;--shiki-dark:#E1E4E8"},"children":[{"type":"text","value":">通过 `/pages/about` 来访问这个页面</"}]},{"type":"element","tag":"span","props":{"style":"--shiki-default:#22863A;--shiki-dark:#85E89D"},"children":[{"type":"text","value":"p"}]},{"type":"element","tag":"span","props":{"style":"--shiki-default:#24292E;--shiki-dark:#E1E4E8"},"children":[{"type":"text","value":">\n"}]}]},{"type":"element","tag":"span","props":{"class":"line","line":4},"children":[{"type":"element","tag":"span","props":{"style":"--shiki-default:#24292E;--shiki-dark:#E1E4E8"},"children":[{"type":"text","value":"  </"}]},{"type":"element","tag":"span","props":{"style":"--shiki-default:#22863A;--shiki-dark:#85E89D"},"children":[{"type":"text","value":"section"}]},{"type":"element","tag":"span","props":{"style":"--shiki-default:#24292E;--shiki-dark:#E1E4E8"},"children":[{"type":"text","value":">\n"}]}]},{"type":"element","tag":"span","props":{"class":"line","line":5},"children":[{"type":"element","tag":"span","props":{"style":"--shiki-default:#24292E;--shiki-dark:#E1E4E8"},"children":[{"type":"text","value":"</"}]},{"type":"element","tag":"span","props":{"style":"--shiki-default:#22863A;--shiki-dark:#85E89D"},"children":[{"type":"text","value":"template"}]},{"type":"element","tag":"span","props":{"style":"--shiki-default:#24292E;--shiki-dark:#E1E4E8"},"children":[{"type":"text","value":">\n"}]}]}]}]}]},{"type":"element","tag":"p","props":{},"children":[{"type":"text","value":"在页面文件内设置 "},{"type":"element","tag":"code","props":{"className":[]},"children":[{"type":"text","value":"route"}]},{"type":"text","value":" 代码块可以指定自定义布局。"}]},{"type":"element","tag":"pre","props":{"className":"language-vue shiki shiki-themes github-light github-dark","code":"<route lang=\"json\">\n{\n  \"layout\": \"custom\"\n}\n</route>\n","filename":"src/pages/index.vue","language":"vue","meta":"","style":""},"children":[{"type":"element","tag":"code","props":{"__ignoreMap":""},"children":[{"type":"element","tag":"span","props":{"class":"line","line":1},"children":[{"type":"element","tag":"span","props":{"style":"--shiki-default:#24292E;--shiki-dark:#E1E4E8"},"children":[{"type":"text","value":"<"}]},{"type":"element","tag":"span","props":{"style":"--shiki-default:#22863A;--shiki-dark:#85E89D"},"children":[{"type":"text","value":"route"}]},{"type":"element","tag":"span","props":{"style":"--shiki-default:#6F42C1;--shiki-dark:#B392F0"},"children":[{"type":"text","value":" lang"}]},{"type":"element","tag":"span","props":{"style":"--shiki-default:#24292E;--shiki-dark:#E1E4E8"},"children":[{"type":"text","value":"="}]},{"type":"element","tag":"span","props":{"style":"--shiki-default:#032F62;--shiki-dark:#9ECBFF"},"children":[{"type":"text","value":"\"json\""}]},{"type":"element","tag":"span","props":{"style":"--shiki-default:#24292E;--shiki-dark:#E1E4E8"},"children":[{"type":"text","value":">\n"}]}]},{"type":"element","tag":"span","props":{"class":"line","line":2},"children":[{"type":"element","tag":"span","props":{"style":"--shiki-default:#24292E;--shiki-dark:#E1E4E8"},"children":[{"type":"text","value":"{\n"}]}]},{"type":"element","tag":"span","props":{"class":"line","line":3},"children":[{"type":"element","tag":"span","props":{"style":"--shiki-default:#005CC5;--shiki-dark:#79B8FF"},"children":[{"type":"text","value":"  \"layout\""}]},{"type":"element","tag":"span","props":{"style":"--shiki-default:#24292E;--shiki-dark:#E1E4E8"},"children":[{"type":"text","value":": "}]},{"type":"element","tag":"span","props":{"style":"--shiki-default:#032F62;--shiki-dark:#9ECBFF"},"children":[{"type":"text","value":"\"custom\"\n"}]}]},{"type":"element","tag":"span","props":{"class":"line","line":4},"children":[{"type":"element","tag":"span","props":{"style":"--shiki-default:#24292E;--shiki-dark:#E1E4E8"},"children":[{"type":"text","value":"}\n"}]}]},{"type":"element","tag":"span","props":{"class":"line","line":5},"children":[{"type":"element","tag":"span","props":{"style":"--shiki-default:#24292E;--shiki-dark:#E1E4E8"},"children":[{"type":"text","value":"</"}]},{"type":"element","tag":"span","props":{"style":"--shiki-default:#22863A;--shiki-dark:#85E89D"},"children":[{"type":"text","value":"route"}]},{"type":"element","tag":"span","props":{"style":"--shiki-default:#24292E;--shiki-dark:#E1E4E8"},"children":[{"type":"text","value":">\n"}]}]}]}]},{"type":"element","tag":"style","props":{},"children":[{"type":"text","value":"html .default .shiki span {color: var(--shiki-default);background: var(--shiki-default-bg);font-style: var(--shiki-default-font-style);font-weight: var(--shiki-default-font-weight);text-decoration: var(--shiki-default-text-decoration);}html .shiki span {color: var(--shiki-default);background: var(--shiki-default-bg);font-style: var(--shiki-default-font-style);font-weight: var(--shiki-default-font-weight);text-decoration: var(--shiki-default-text-decoration);}html .dark .shiki span {color: var(--shiki-dark);background: var(--shiki-dark-bg);font-style: var(--shiki-dark-font-style);font-weight: var(--shiki-dark-font-weight);text-decoration: var(--shiki-dark-text-decoration);}html.dark .shiki span {color: var(--shiki-dark);background: var(--shiki-dark-bg);font-style: var(--shiki-dark-font-style);font-weight: var(--shiki-dark-font-weight);text-decoration: var(--shiki-dark-text-decoration);}"}]}],"toc":{"title":"","searchDepth":2,"depth":2,"links":[{"id":"appvue","depth":2,"text":"App.vue"},{"id":"components-组件","depth":2,"text":"Components 组件"},{"id":"pages-页面","depth":2,"text":"Pages 页面"},{"id":"layouts-布局","depth":2,"text":"Layouts 布局"}]}},"_type":"markdown","_id":"content:vitesse-uni-app:1.getting-started:3.views.md","_source":"content","_file":"vitesse-uni-app/1.getting-started/3.views.md","_stem":"vitesse-uni-app/1.getting-started/3.views","_extension":"md"}