[{"_path":"/uni-network/advanced/interceptors","_dir":"advanced","_draft":false,"_partial":false,"_locale":"","title":"拦截器","description":"在请求或响应被 then 或 catch 处理前拦截它们。","navTruncate":false,"icon":"arcticons:intercepter-ng","_type":"markdown","_id":"content:uni-network:3.advanced:1.interceptors.md","_source":"content","_file":"uni-network/3.advanced/1.interceptors.md","_stem":"uni-network/3.advanced/1.interceptors","_extension":"md"},{"_path":"/uni-network/advanced/cancellation","_dir":"advanced","_draft":false,"_partial":false,"_locale":"","title":"取消请求","description":"中断进行中的网络请求","navTruncate":false,"icon":"material-symbols:cancel-outline-rounded","_type":"markdown","_id":"content:uni-network:3.advanced:3.cancellation.md","_source":"content","_file":"uni-network/3.advanced/3.cancellation.md","_stem":"uni-network/3.advanced/3.cancellation","_extension":"md"}]