[{"_path":"/hbuilderx-vanilla/api","_dir":"hbuilderx-vanilla","_draft":false,"_partial":false,"_locale":"","title":"API 接口","description":"HBuilderX Vanilla 提供的 REST API 接口文档","icon":"ant-design:api-outlined","navTruncate":false,"badges":[{"value":"docker","icon":"simple-icons:docker","to":"https://hub.docker.com/r/flymyd114/hbuilderx-vanilla","target":"_blank"},{"value":"source","icon":"lucide:code","to":"https://github.com/uni-helper/hbuilderx-vanilla","target":"_blank"}],"_type":"markdown","_id":"content:hbuilderx-vanilla:2.api.md","_source":"content","_file":"hbuilderx-vanilla/2.api.md","_stem":"hbuilderx-vanilla/2.api","_extension":"md"},{"_path":"/plugin-uni","_dir":"","_draft":false,"_partial":false,"_locale":"","title":"plugin-uni","description":"为 uni-app 提供的 原生 ESM Vite 插件，让你在 ESM-First 环境中零成本接入 uni-app 构建体系。","navTruncate":false,"icon":"lucide:rocket","badges":[{"value":"npm","to":"https://www.npmjs.com/package/@uni-helper/plugin-uni","target":"_blank"},{"value":"source","icon":"lucide:code","to":"https://github.com/uni-helper/plugin-uni","target":"_blank"},{"value":"赞助","icon":"lucide:coffee","to":"https://afdian.com/a/flippedround","target":"_blank"}],"_type":"markdown","_id":"content:plugin-uni:index.md","_source":"content","_file":"plugin-uni/index.md","_stem":"plugin-uni/index","_extension":"md"}]