[{"_path":"/uni-use/api/tryonready","_dir":"api","_draft":false,"_partial":false,"_locale":"","title":"tryOnReady","description":"尝试获取组件生命周期，并调用 onReady","_type":"markdown","_id":"content:uni-use:2.api:tryOnReady.md","_source":"content","_file":"uni-use/2.api/tryOnReady.md","_stem":"uni-use/2.api/tryOnReady","_extension":"md"},{"_path":"/uni-use/api/tryonshow","_dir":"api","_draft":false,"_partial":false,"_locale":"","title":"tryOnShow","description":"尝试获取组件生命周期，并调用 onShow","_type":"markdown","_id":"content:uni-use:2.api:tryOnShow.md","_source":"content","_file":"uni-use/2.api/tryOnShow.md","_stem":"uni-use/2.api/tryOnShow","_extension":"md"}]