{"_path":"/eslint-config","_dir":"","_draft":false,"_partial":false,"_locale":"","title":"eslint-config","description":"eslint-config 是为 uni-app 提供的 ESLint 配置","icon":"simple-icons:eslint","navTruncate":false,"badges":[{"value":"npm","to":"https://www.npmjs.com/package/@uni-helper/eslint-config","target":"_blank"},{"value":"source","icon":"lucide:code","to":"https://github.com/uni-helper/eslint-config","target":"_blank"}],"body":{"type":"root","children":[{"type":"element","tag":"p","props":{},"children":[{"type":"text","value":"基于 "},{"type":"element","tag":"a","props":{"href":"https://github.com/antfu/eslint-config","rel":["nofollow"]},"children":[{"type":"text","value":"Anthony's ESLint Config"}]},{"type":"text","value":"、适用于 uni-app 项目的 ESLint Config。"}]},{"type":"element","tag":"ul","props":{},"children":[{"type":"element","tag":"li","props":{},"children":[{"type":"text","value":"支持 uni-app 项目"}]},{"type":"element","tag":"li","props":{},"children":[{"type":"text","value":"支持对 manifest.json 排序"}]},{"type":"element","tag":"li","props":{},"children":[{"type":"text","value":"支持对 pages.json 排序"}]},{"type":"element","tag":"li","props":{},"children":[{"type":"text","value":"支持对 theme.json 排序"}]}]},{"type":"element","tag":"table","props":{},"children":[{"type":"element","tag":"thead","props":{},"children":[{"type":"element","tag":"tr","props":{},"children":[{"type":"element","tag":"th","props":{},"children":[{"type":"text","value":"eslint"}]},{"type":"element","tag":"th","props":{},"children":[{"type":"text","value":"@antfu/eslint-config"}]},{"type":"element","tag":"th","props":{},"children":[{"type":"text","value":"@uni-helper/eslint-config"}]},{"type":"element","tag":"th","props":{},"children":[{"type":"text","value":"Node 要求"}]},{"type":"element","tag":"th","props":{},"children":[{"type":"text","value":"备注"}]}]}]},{"type":"element","tag":"tbody","props":{},"children":[{"type":"element","tag":"tr","props":{},"children":[{"type":"element","tag":"td","props":{},"children":[{"type":"text","value":"^8.40.0"}]},{"type":"element","tag":"td","props":{},"children":[{"type":"text","value":"^2.25.0"}]},{"type":"element","tag":"td","props":{},"children":[{"type":"text","value":"^0.1.0"}]},{"type":"element","tag":"td","props":{},"children":[{"type":"text","value":"^12.22.0 || ^14.17.0 || >=16.0.0"}]},{"type":"element","tag":"td","props":{},"children":[]}]},{"type":"element","tag":"tr","props":{},"children":[{"type":"element","tag":"td","props":{},"children":[{"type":"text","value":"^9.5.0"}]},{"type":"element","tag":"td","props":{},"children":[{"type":"text","value":"^3.0.0"}]},{"type":"element","tag":"td","props":{},"children":[{"type":"text","value":"^0.2.0"}]},{"type":"element","tag":"td","props":{},"children":[{"type":"text","value":"^18.18.0 || ^20.9.0 || >=21.1.0"}]},{"type":"element","tag":"td","props":{},"children":[]}]},{"type":"element","tag":"tr","props":{},"children":[{"type":"element","tag":"td","props":{},"children":[{"type":"text","value":"^9.10.0"}]},{"type":"element","tag":"td","props":{},"children":[{"type":"text","value":"^3.4.0"}]},{"type":"element","tag":"td","props":{},"children":[{"type":"text","value":"^0.2.0"}]},{"type":"element","tag":"td","props":{},"children":[{"type":"text","value":"^18.18.0 || ^20.9.0 || >=21.1.0"}]},{"type":"element","tag":"td","props":{},"children":[]}]},{"type":"element","tag":"tr","props":{},"children":[{"type":"element","tag":"td","props":{},"children":[{"type":"text","value":"^9.10.0"}]},{"type":"element","tag":"td","props":{},"children":[{"type":"text","value":"^3.13.0"}]},{"type":"element","tag":"td","props":{},"children":[{"type":"text","value":"^0.3.0"}]},{"type":"element","tag":"td","props":{},"children":[{"type":"text","value":"^18.18.0 || ^20.9.0 || >=21.1.0"}]},{"type":"element","tag":"td","props":{},"children":[]}]},{"type":"element","tag":"tr","props":{},"children":[{"type":"element","tag":"td","props":{},"children":[{"type":"text","value":"^9.10.0"}]},{"type":"element","tag":"td","props":{},"children":[{"type":"text","value":"^4.0.1"}]},{"type":"element","tag":"td","props":{},"children":[{"type":"text","value":"^0.4.0"}]},{"type":"element","tag":"td","props":{},"children":[{"type":"text","value":"^18.18.0 || ^20.9.0 || >=21.1.0"}]},{"type":"element","tag":"td","props":{},"children":[{"type":"text","value":"没有 CJS 支持"}]}]}]}]},{"type":"element","tag":"h2","props":{"id":"用法"},"children":[{"type":"text","value":"用法"}]},{"type":"element","tag":"h3","props":{"id":"手动安装"},"children":[{"type":"text","value":"手动安装"}]},{"type":"element","tag":"pm-install","props":{"name":"-D eslint @antfu/eslint-config @uni-helper/eslint-config"},"children":[]},{"type":"element","tag":"p","props":{},"children":[{"type":"text","value":"在项目根目录创建 "},{"type":"element","tag":"code","props":{"className":[]},"children":[{"type":"text","value":"eslint.config.mjs"}]},{"type":"text","value":"："}]},{"type":"element","tag":"pre","props":{"className":"language-js shiki shiki-themes github-light github-dark","code":"import uniHelper from '@uni-helper/eslint-config'\n\nexport default uniHelper()\n","filename":"eslint.config.mjs","language":"js","meta":"","style":""},"children":[{"type":"element","tag":"code","props":{"__ignoreMap":""},"children":[{"type":"element","tag":"span","props":{"class":"line","line":1},"children":[{"type":"element","tag":"span","props":{"style":"--shiki-default:#D73A49;--shiki-dark:#F97583"},"children":[{"type":"text","value":"import"}]},{"type":"element","tag":"span","props":{"style":"--shiki-default:#24292E;--shiki-dark:#E1E4E8"},"children":[{"type":"text","value":" uniHelper "}]},{"type":"element","tag":"span","props":{"style":"--shiki-default:#D73A49;--shiki-dark:#F97583"},"children":[{"type":"text","value":"from"}]},{"type":"element","tag":"span","props":{"style":"--shiki-default:#032F62;--shiki-dark:#9ECBFF"},"children":[{"type":"text","value":" '@uni-helper/eslint-config'\n"}]}]},{"type":"element","tag":"span","props":{"class":"line","line":2},"children":[{"type":"element","tag":"span","props":{"emptyLinePlaceholder":true},"children":[{"type":"text","value":"\n"}]}]},{"type":"element","tag":"span","props":{"class":"line","line":3},"children":[{"type":"element","tag":"span","props":{"style":"--shiki-default:#D73A49;--shiki-dark:#F97583"},"children":[{"type":"text","value":"export"}]},{"type":"element","tag":"span","props":{"style":"--shiki-default:#D73A49;--shiki-dark:#F97583"},"children":[{"type":"text","value":" default"}]},{"type":"element","tag":"span","props":{"style":"--shiki-default:#6F42C1;--shiki-dark:#B392F0"},"children":[{"type":"text","value":" uniHelper"}]},{"type":"element","tag":"span","props":{"style":"--shiki-default:#24292E;--shiki-dark:#E1E4E8"},"children":[{"type":"text","value":"()\n"}]}]}]}]},{"type":"element","tag":"h3","props":{"id":"修改-packagejson-scripts"},"children":[{"type":"text","value":"修改 package.json scripts"}]},{"type":"element","tag":"pre","props":{"className":"language-json shiki shiki-themes github-light github-dark","code":"{\n  \"scripts\": {\n    \"lint\": \"eslint .\",\n    \"lint:fix\": \"eslint . --fix\"\n  }\n}\n","filename":"package.json","language":"json","meta":"","style":""},"children":[{"type":"element","tag":"code","props":{"__ignoreMap":""},"children":[{"type":"element","tag":"span","props":{"class":"line","line":1},"children":[{"type":"element","tag":"span","props":{"style":"--shiki-default:#24292E;--shiki-dark:#E1E4E8"},"children":[{"type":"text","value":"{\n"}]}]},{"type":"element","tag":"span","props":{"class":"line","line":2},"children":[{"type":"element","tag":"span","props":{"style":"--shiki-default:#005CC5;--shiki-dark:#79B8FF"},"children":[{"type":"text","value":"  \"scripts\""}]},{"type":"element","tag":"span","props":{"style":"--shiki-default:#24292E;--shiki-dark:#E1E4E8"},"children":[{"type":"text","value":": {\n"}]}]},{"type":"element","tag":"span","props":{"class":"line","line":3},"children":[{"type":"element","tag":"span","props":{"style":"--shiki-default:#005CC5;--shiki-dark:#79B8FF"},"children":[{"type":"text","value":"    \"lint\""}]},{"type":"element","tag":"span","props":{"style":"--shiki-default:#24292E;--shiki-dark:#E1E4E8"},"children":[{"type":"text","value":": "}]},{"type":"element","tag":"span","props":{"style":"--shiki-default:#032F62;--shiki-dark:#9ECBFF"},"children":[{"type":"text","value":"\"eslint .\""}]},{"type":"element","tag":"span","props":{"style":"--shiki-default:#24292E;--shiki-dark:#E1E4E8"},"children":[{"type":"text","value":",\n"}]}]},{"type":"element","tag":"span","props":{"class":"line","line":4},"children":[{"type":"element","tag":"span","props":{"style":"--shiki-default:#005CC5;--shiki-dark:#79B8FF"},"children":[{"type":"text","value":"    \"lint:fix\""}]},{"type":"element","tag":"span","props":{"style":"--shiki-default:#24292E;--shiki-dark:#E1E4E8"},"children":[{"type":"text","value":": "}]},{"type":"element","tag":"span","props":{"style":"--shiki-default:#032F62;--shiki-dark:#9ECBFF"},"children":[{"type":"text","value":"\"eslint . --fix\"\n"}]}]},{"type":"element","tag":"span","props":{"class":"line","line":5},"children":[{"type":"element","tag":"span","props":{"style":"--shiki-default:#24292E;--shiki-dark:#E1E4E8"},"children":[{"type":"text","value":"  }\n"}]}]},{"type":"element","tag":"span","props":{"class":"line","line":6},"children":[{"type":"element","tag":"span","props":{"style":"--shiki-default:#24292E;--shiki-dark:#E1E4E8"},"children":[{"type":"text","value":"}\n"}]}]}]}]},{"type":"element","tag":"p","props":{},"children":[{"type":"text","value":"更多配置及选项请查看 "},{"type":"element","tag":"a","props":{"href":"https://github.com/antfu/eslint-config","rel":["nofollow"]},"children":[{"type":"text","value":"@antfu/eslint-config"}]},{"type":"text","value":" 的文档，如："}]},{"type":"element","tag":"ul","props":{},"children":[{"type":"element","tag":"li","props":{},"children":[{"type":"element","tag":"a","props":{"href":"https://github.com/antfu/eslint-config#ide-support-auto-fix-on-save","rel":["nofollow"]},"children":[{"type":"text","value":"IDE 支持"}]}]},{"type":"element","tag":"li","props":{},"children":[{"type":"element","tag":"a","props":{"href":"https://github.com/antfu/eslint-config#customization","rel":["nofollow"]},"children":[{"type":"text","value":"定制化"}]}]}]},{"type":"element","tag":"style","props":{},"children":[{"type":"text","value":"html .default .shiki span {color: var(--shiki-default);background: var(--shiki-default-bg);font-style: var(--shiki-default-font-style);font-weight: var(--shiki-default-font-weight);text-decoration: var(--shiki-default-text-decoration);}html .shiki span {color: var(--shiki-default);background: var(--shiki-default-bg);font-style: var(--shiki-default-font-style);font-weight: var(--shiki-default-font-weight);text-decoration: var(--shiki-default-text-decoration);}html .dark .shiki span {color: var(--shiki-dark);background: var(--shiki-dark-bg);font-style: var(--shiki-dark-font-style);font-weight: var(--shiki-dark-font-weight);text-decoration: var(--shiki-dark-text-decoration);}html.dark .shiki span {color: var(--shiki-dark);background: var(--shiki-dark-bg);font-style: var(--shiki-dark-font-style);font-weight: var(--shiki-dark-font-weight);text-decoration: var(--shiki-dark-text-decoration);}"}]}],"toc":{"title":"","searchDepth":2,"depth":2,"links":[{"id":"用法","depth":2,"text":"用法","children":[{"id":"手动安装","depth":3,"text":"手动安装"},{"id":"修改-packagejson-scripts","depth":3,"text":"修改 package.json scripts"}]}]}},"_type":"markdown","_id":"content:eslint-config:index.md","_source":"content","_file":"eslint-config/index.md","_stem":"eslint-config/index","_extension":"md"}