[{"_path":"/uni-use/api/useinterceptor","_dir":"api","_draft":false,"_partial":false,"_locale":"","title":"useInterceptor","description":"设置拦截器。 支持拦截 sync 函数，并且 invoke 返回 false 将终止拦截器继续执行","_type":"markdown","_id":"content:uni-use:2.api:useInterceptor.md","_source":"content","_file":"uni-use/2.api/useInterceptor.md","_stem":"uni-use/2.api/useInterceptor","_extension":"md"},{"_path":"/uni-use/api/usemodal","_dir":"api","_draft":false,"_partial":false,"_locale":"","title":"useModal","description":"返回一个方法，调用后显示模态弹窗。","_type":"markdown","_id":"content:uni-use:2.api:useModal.md","_source":"content","_file":"uni-use/2.api/useModal.md","_stem":"uni-use/2.api/useModal","_extension":"md"}]