[{"_path":"/uni-use/api/usetoast","_dir":"api","_draft":false,"_partial":false,"_locale":"","title":"useToast","description":"返回一个方法，调用后显示消息提示框。","_type":"markdown","_id":"content:uni-use:2.api:useToast.md","_source":"content","_file":"uni-use/2.api/useToast.md","_stem":"uni-use/2.api/useToast","_extension":"md"},{"_path":"/uni-use/api/usevisible","_dir":"api","_draft":false,"_partial":false,"_locale":"","title":"useVisible","description":"获取当前页面显隐状态。","_type":"markdown","_id":"content:uni-use:2.api:useVisible.md","_source":"content","_file":"uni-use/2.api/useVisible.md","_stem":"uni-use/2.api/useVisible","_extension":"md"}]