{"_path":"/vite-plugin-uni-pages/_dir","_dir":{"_path":"/vite-plugin-uni-pages/_dir","title":"plugin-uni-pages","collapse":false,"navigation":{"redirect":"/vite-plugin-uni-pages/guide"},"showTitle":false,"icon":"i-lucide:file-scan","toc":{"links":[{"title":"点亮星星","icon":"lucide:star","to":"https://github.com/uni-helper/vite-plugin-uni-pages","target":"_blank"},{"title":"反馈问题","icon":"lucide:github","to":"https://github.com/uni-helper/vite-plugin-uni-pages/issues","target":"_blank"}]}}}