{"_path":"/vs-code/uni-create-view","_dir":"vs-code","_draft":false,"_partial":false,"_locale":"","title":"uni-create-view","description":"在 VS Code 右键目录文件夹快速创建页面与组建，创建视图页面时将自动添加 `pages.json` 中","icon":"ic:outline-create-new-folder","navTruncate":false,"badges":[{"value":"marketplace","to":"https://marketplace.visualstudio.com/items?itemName=mrmaoddxxaa.create-uniapp-view","target":"_blank"},{"value":"source","icon":"lucide:code","to":"https://github.com/uni-helper/uni-create-view","target":"_blank"}],"body":{"type":"root","children":[{"type":"element","tag":"h2","props":{"id":"features"},"children":[{"type":"text","value":"Features"}]},{"type":"element","tag":"ul","props":{},"children":[{"type":"element","tag":"li","props":{},"children":[{"type":"text","value":"📁 创建页面、分包页面，自动查找根目录下 "},{"type":"element","tag":"code","props":{"className":[]},"children":[{"type":"text","value":"pages.json"}]},{"type":"text","value":" 文件并写入"}]},{"type":"element","tag":"li","props":{},"children":[{"type":"text","value":"📦 可深度目录创建，写入 "},{"type":"element","tag":"code","props":{"className":[]},"children":[{"type":"text","value":"pages.json"}]},{"type":"text","value":" 后仍可保留注释"}]},{"type":"element","tag":"li","props":{},"children":[{"type":"text","value":"✨ 可配置 "},{"type":"element","tag":"code","props":{"className":[]},"children":[{"type":"text","value":"vue(2|3)|composition-api|setup"}]},{"type":"text","value":" 组件、页面模板"}]},{"type":"element","tag":"li","props":{},"children":[{"type":"text","value":"👕 可配置 "},{"type":"element","tag":"code","props":{"className":[]},"children":[{"type":"text","value":"scss|less|stylus|sass"}]},{"type":"text","value":" 预编辑器类型"}]},{"type":"element","tag":"li","props":{},"children":[{"type":"text","value":"🦾 "},{"type":"element","tag":"code","props":{"className":[]},"children":[{"type":"text","value":"typescript"}]},{"type":"text","value":" 为默认开发语言（可在设置中关闭）"}]}]},{"type":"element","tag":"blockquote","props":{},"children":[{"type":"element","tag":"p","props":{},"children":[{"type":"text","value":"使用 "},{"type":"element","tag":"code","props":{"className":[]},"children":[{"type":"text","value":"composition-api(vue2)"}]},{"type":"text","value":" 模版，建议配合 "},{"type":"element","tag":"a","props":{"href":"https://github.com/TuiMao233/uni-composition-api","rel":["nofollow"]},"children":[{"type":"text","value":"uni-composition-api"}]},{"type":"text","value":" 使用"}]}]},{"type":"element","tag":"h2","props":{"id":"基本使用pagecomponent"},"children":[{"type":"text","value":"基本使用（page、component）"}]},{"type":"element","tag":"p","props":{},"children":[{"type":"text","value":"右键打开菜单选择创建类型，可选择创建组件、页面、分包页面，空格分割视图名称与页面名称(navigationBarTitleText)"}]},{"type":"element","tag":"h2","props":{"id":"深度目录"},"children":[{"type":"text","value":"深度目录"}]},{"type":"element","tag":"p","props":{},"children":[{"type":"element","tag":"code","props":{"className":[]},"children":[{"type":"text","value":"^1.3.0"}]},{"type":"text","value":" 新增扩展能力，无特殊需求还是建议使用单文件模式。"}]},{"type":"element","tag":"p","props":{},"children":[{"type":"element","tag":"img","props":{"alt":"","src":"https://qie-online-sale-qiniu.wsandos.com/exts.gif"},"children":[]}]},{"type":"element","tag":"h2","props":{"id":"分包页面"},"children":[{"type":"text","value":"分包页面"}]},{"type":"element","tag":"p","props":{},"children":[{"type":"element","tag":"code","props":{"className":[]},"children":[{"type":"text","value":"^1.3.0"}]},{"type":"text","value":" 新增功能，用于创建分包页面，并自动添加至 "},{"type":"element","tag":"code","props":{"className":[]},"children":[{"type":"text","value":"subPackages"}]},{"type":"text","value":" 字段中。"}]},{"type":"element","tag":"blockquote","props":{},"children":[{"type":"element","tag":"p","props":{},"children":[{"type":"text","value":"注意："},{"type":"element","tag":"code","props":{"className":[]},"children":[{"type":"text","value":"cli"}]},{"type":"text","value":" 创建的项目需要在"},{"type":"element","tag":"code","props":{"className":[]},"children":[{"type":"text","value":"package.json"}]},{"type":"text","value":"中添加参数 "},{"type":"element","tag":"code","props":{"className":[]},"children":[{"type":"text","value":"--minimize"}]},{"type":"text","value":"，具体参考官方文档："},{"type":"element","tag":"a","props":{"href":"https://uniapp.dcloud.io/collocation/pages?id=subpackages","rel":["nofollow"]},"children":[{"type":"text","value":"dcloud.io"}]}]}]},{"type":"element","tag":"p","props":{},"children":[{"type":"element","tag":"img","props":{"alt":"","src":"https://qie-online-sale-qiniu.wsandos.com/1dddw1334.gif"},"children":[]}]}],"toc":{"title":"","searchDepth":2,"depth":2,"links":[{"id":"features","depth":2,"text":"Features"},{"id":"基本使用pagecomponent","depth":2,"text":"基本使用（page、component）"},{"id":"深度目录","depth":2,"text":"深度目录"},{"id":"分包页面","depth":2,"text":"分包页面"}]}},"_type":"markdown","_id":"content:vs-code:7.uni-create-view.md","_source":"content","_file":"vs-code/7.uni-create-view.md","_stem":"vs-code/7.uni-create-view","_extension":"md"}