[{"_path":"/changelog","_dir":"","_draft":false,"_partial":false,"_locale":"","title":"更新日志","icon":"ri-menu-2-fill","fullpage":true,"description":"查看 uni-helper 生态系统中所有项目的最新更新日志，了解每个版本的改进和新功能。","_id":"content:3.changelog.yml","_type":"yaml","_source":"content","_file":"3.changelog.yml","_stem":"3.changelog","_extension":"yml"},{"_path":"/axios-adapter","_dir":"","_draft":false,"_partial":false,"_locale":"","title":"axios-adapter","description":"适用于 Vue2 和 Vue3 的 uniapp Axios 适配器","navTruncate":false,"icon":"i-simple-icons:axios","badges":[{"value":"npm","to":"https://www.npmjs.com/package/@uni-helper/axios-adapter","target":"_blank"},{"value":"source","icon":"lucide:code","to":"https://github.com/uni-helper/axios-adapter","target":"_blank"},{"value":"赞助","icon":"lucide:coffee","to":"https://afdian.com/a/kejun","target":"_blank"}],"_type":"markdown","_id":"content:axios-adapter:index.md","_source":"content","_file":"axios-adapter/index.md","_stem":"axios-adapter/index","_extension":"md"}]