[{"_path":"/uni-network/api/request-config","_dir":"api","_draft":false,"_partial":false,"_locale":"","title":"请求配置","description":"配置网络请求参数和选项","navTruncate":false,"icon":"lucide:chevrons-left-right","_type":"markdown","_id":"content:uni-network:2.api:3.request-config.md","_source":"content","_file":"uni-network/2.api/3.request-config.md","_stem":"uni-network/2.api/3.request-config","_extension":"md"},{"_path":"/uni-network/api/config-defaults","_dir":"api","_draft":false,"_partial":false,"_locale":"","title":"默认配置","description":"你可以指定默认配置，它将作用于每个请求。","navTruncate":false,"icon":"lucide:chevrons-left-right-ellipsis","_type":"markdown","_id":"content:uni-network:2.api:5.config-defaults.md","_source":"content","_file":"uni-network/2.api/5.config-defaults.md","_stem":"uni-network/2.api/5.config-defaults","_extension":"md"}]