[{"_path":"/vitesse-uni-app/getting-started/views","_dir":"getting-started","_draft":false,"_partial":false,"_locale":"","title":"视图","description":"视图是 uni-app 应用的用户界面，它由组件组成。","navTruncate":true,"icon":"lucide:component","_type":"markdown","_id":"content:vitesse-uni-app:1.getting-started:3.views.md","_source":"content","_file":"vitesse-uni-app/1.getting-started/3.views.md","_stem":"vitesse-uni-app/1.getting-started/3.views","_extension":"md"},{"_path":"/vitesse-uni-app/getting-started/data-fetching","_dir":"getting-started","_draft":false,"_partial":false,"_locale":"","title":"数据获取","description":"你可以使用你喜欢的第三方请求库来获取数据。一般情况下，直接使用 uni-app 内置方法即可。","navTruncate":false,"icon":"simple-icons:axios","_type":"markdown","_id":"content:vitesse-uni-app:1.getting-started:5.data-fetching.md","_source":"content","_file":"vitesse-uni-app/1.getting-started/5.data-fetching.md","_stem":"vitesse-uni-app/1.getting-started/5.data-fetching","_extension":"md"}]