{"_path":"/vitesse-uni-app/guide/uniapp-development","_dir":"guide","_draft":false,"_partial":false,"_locale":"","title":"uni-app 开发","description":"本模板的核心是 uni-app 和 Vue。得益于 Uni Helper 在其基础上构建的开源生态，我们为其添加了组件自动导入、基于文件的路由等等功能","navTruncate":false,"icon":"ri:tools-line","body":{"type":"root","children":[{"type":"element","tag":"warning","props":{},"children":[{"type":"element","tag":"p","props":{},"children":[{"type":"text","value":"如果您是 uni-app 新手，我们强烈建议您先在 "},{"type":"element","tag":"a","props":{"href":"https://uniapp.dcloud.net.cn/tutorial/","rel":["nofollow"]},"children":[{"type":"text","value":"uniapp.dcloud.net.cn"}]},{"type":"text","value":" 上阅读文档并查看示例"}]}]}],"toc":{"title":"","searchDepth":2,"depth":2,"links":[]}},"_type":"markdown","_id":"content:vitesse-uni-app:2.guide:2.uniapp-development.md","_source":"content","_file":"vitesse-uni-app/2.guide/2.uniapp-development.md","_stem":"vitesse-uni-app/2.guide/2.uniapp-development","_extension":"md"}