[{"_path":"/vite-plugin-uni-pages/extension","_dir":"vite-plugin-uni-pages","_draft":false,"_partial":false,"_locale":"","title":"扩展","description":"通过一些示例来满足你的项目需求","navTruncate":false,"icon":"gg:extension-add","_type":"markdown","_id":"content:vite-plugin-uni-pages:4.extension.md","_source":"content","_file":"vite-plugin-uni-pages/4.extension.md","_stem":"vite-plugin-uni-pages/4.extension","_extension":"md"},{"_path":"/vite-plugin-uni-platform","_dir":"","_draft":false,"_partial":false,"_locale":"","title":"vite-plugin-uni-platform","description":"基于文件名 (*.<h5|mp-weixin|app>.*) 的按平台编译插件","navTruncate":false,"icon":"carbon:platforms","badges":[{"value":"npm","to":"https://www.npmjs.com/package/@uni-helper/vite-plugin-uni-platform","target":"_blank"},{"value":"source","icon":"lucide:code","to":"https://github.com/uni-helper/vite-plugin-uni-platform","target":"_blank"}],"_type":"markdown","_id":"content:vite-plugin-uni-platform:index.md","_source":"content","_file":"vite-plugin-uni-platform/index.md","_stem":"vite-plugin-uni-platform/index","_extension":"md"}]