{"_path":"/uni-promises","_dir":"","_draft":false,"_partial":false,"_locale":"","title":"uni-promises","description":"uni-promises 是为 uni-app 提供的 promise 化的 API","icon":"eos-icons:action-chains-outlined","navTruncate":false,"badges":[{"value":"npm","to":"https://www.npmjs.com/package/@uni-helper/uni-promises","target":"_blank"},{"value":"source","icon":"lucide:code","to":"https://github.com/uni-helper/uni-promises","target":"_blank"}],"body":{"type":"root","children":[{"type":"element","tag":"alert","props":{},"children":[{"type":"element","tag":"p","props":{},"children":[{"type":"element","tag":"code","props":{"className":[]},"children":[{"type":"text","value":"uni-app"}]},{"type":"text","value":" promise 化的 API。要求 "},{"type":"element","tag":"code","props":{"className":[]},"children":[{"type":"text","value":"node >= 14.18"}]},{"type":"text","value":"。"}]}]},{"type":"element","tag":"h2","props":{"id":"起步"},"children":[{"type":"text","value":"起步"}]},{"type":"element","tag":"h3","props":{"id":"安装依赖"},"children":[{"type":"text","value":"安装依赖"}]},{"type":"element","tag":"p","props":{},"children":[{"type":"text","value":"安装依赖。"}]},{"type":"element","tag":"pm-install","props":{"name":"@uni-helper/uni-promises"},"children":[]},{"type":"element","tag":"details","props":{},"children":[{"type":"text","value":"\n  "},{"type":"element","tag":"summary","props":{},"children":[{"type":"text","value":"yarn v2/v3"}]},{"type":"text","value":"\n  "},{"type":"element","tag":"p","props":{},"children":[{"type":"text","value":"请参考 "},{"type":"element","tag":"a","props":{"href":"https://yarnpkg.com/configuration/yarnrc/#nodeLinker"},"children":[{"type":"text","value":"文档"}]},{"type":"text","value":" 设置 "},{"type":"element","tag":"code","props":{},"children":[{"type":"text","value":"nodeLinker"}]},{"type":"text","value":" 为 "},{"type":"element","tag":"code","props":{},"children":[{"type":"text","value":"node_modules"}]},{"type":"text","value":"。"}]}]},{"type":"element","tag":"details","props":{},"children":[{"type":"text","value":"\n  "},{"type":"element","tag":"summary","props":{},"children":[{"type":"text","value":"pnpm"}]},{"type":"text","value":"\n  "},{"type":"element","tag":"p","props":{},"children":[{"type":"text","value":"请参考 "},{"type":"element","tag":"a","props":{"href":"https://pnpm.io/npmrc#shamefully-hoist"},"children":[{"type":"text","value":"文档"}]},{"type":"text","value":" 设置 "},{"type":"element","tag":"code","props":{},"children":[{"type":"text","value":"shamefully-hoist"}]},{"type":"text","value":" 为 "},{"type":"element","tag":"code","props":{},"children":[{"type":"text","value":"true"}]},{"type":"text","value":"。"}]}]},{"type":"element","tag":"p","props":{},"children":[{"type":"text","value":"不考虑支持 "},{"type":"element","tag":"code","props":{"className":[]},"children":[{"type":"text","value":"uni_modules"}]},{"type":"text","value":"。"}]},{"type":"element","tag":"h2","props":{"id":"api"},"children":[{"type":"text","value":"API"}]},{"type":"element","tag":"ul","props":{},"children":[{"type":"element","tag":"li","props":{},"children":[{"type":"element","tag":"a","props":{"href":"https://github.com/uni-helper/uni-promises/tree/main/src/addPhoneContact/index.ts","rel":["nofollow"]},"children":[{"type":"text","value":"addPhoneContact"}]}]},{"type":"element","tag":"li","props":{},"children":[{"type":"element","tag":"a","props":{"href":"https://github.com/uni-helper/uni-promises/tree/main/src/authorize/index.ts","rel":["nofollow"]},"children":[{"type":"text","value":"authorize"}]}]},{"type":"element","tag":"li","props":{},"children":[{"type":"element","tag":"a","props":{"href":"https://github.com/uni-helper/uni-promises/tree/main/src/checkIsSoterEnrolledInDevice/index.ts","rel":["nofollow"]},"children":[{"type":"text","value":"checkIsSoterEnrolledInDevice"}]}]},{"type":"element","tag":"li","props":{},"children":[{"type":"element","tag":"a","props":{"href":"https://github.com/uni-helper/uni-promises/tree/main/src/checkIsSupportSoterAuthentication/index.ts","rel":["nofollow"]},"children":[{"type":"text","value":"checkIsSupportSoterAuthentication"}]}]},{"type":"element","tag":"li","props":{},"children":[{"type":"element","tag":"a","props":{"href":"https://github.com/uni-helper/uni-promises/tree/main/src/checkSession/index.ts","rel":["nofollow"]},"children":[{"type":"text","value":"checkSession"}]}]},{"type":"element","tag":"li","props":{},"children":[{"type":"element","tag":"a","props":{"href":"https://github.com/uni-helper/uni-promises/tree/main/src/chooseAddress/index.ts","rel":["nofollow"]},"children":[{"type":"text","value":"chooseAddress"}]}]},{"type":"element","tag":"li","props":{},"children":[{"type":"element","tag":"a","props":{"href":"https://github.com/uni-helper/uni-promises/tree/main/src/chooseFile/index.ts","rel":["nofollow"]},"children":[{"type":"text","value":"chooseFile"}]}]},{"type":"element","tag":"li","props":{},"children":[{"type":"element","tag":"a","props":{"href":"https://github.com/uni-helper/uni-promises/tree/main/src/chooseImage/index.ts","rel":["nofollow"]},"children":[{"type":"text","value":"chooseImage"}]}]},{"type":"element","tag":"li","props":{},"children":[{"type":"element","tag":"a","props":{"href":"https://github.com/uni-helper/uni-promises/tree/main/src/chooseInvoice/index.ts","rel":["nofollow"]},"children":[{"type":"text","value":"chooseInvoice"}]}]},{"type":"element","tag":"li","props":{},"children":[{"type":"element","tag":"a","props":{"href":"https://github.com/uni-helper/uni-promises/tree/main/src/chooseInvoiceTitle/index.ts","rel":["nofollow"]},"children":[{"type":"text","value":"chooseInvoiceTitle"}]}]},{"type":"element","tag":"li","props":{},"children":[{"type":"element","tag":"a","props":{"href":"https://github.com/uni-helper/uni-promises/tree/main/src/chooseLocation/index.ts","rel":["nofollow"]},"children":[{"type":"text","value":"chooseLocation"}]}]},{"type":"element","tag":"li","props":{},"children":[{"type":"element","tag":"a","props":{"href":"https://github.com/uni-helper/uni-promises/tree/main/src/chooseMedia/index.ts","rel":["nofollow"]},"children":[{"type":"text","value":"chooseMedia"}]}]},{"type":"element","tag":"li","props":{},"children":[{"type":"element","tag":"a","props":{"href":"https://github.com/uni-helper/uni-promises/tree/main/src/chooseMessageFile/index.ts","rel":["nofollow"]},"children":[{"type":"text","value":"chooseMessageFile"}]}]},{"type":"element","tag":"li","props":{},"children":[{"type":"element","tag":"a","props":{"href":"https://github.com/uni-helper/uni-promises/tree/main/src/chooseVideo/index.ts","rel":["nofollow"]},"children":[{"type":"text","value":"chooseVideo"}]}]},{"type":"element","tag":"li","props":{},"children":[{"type":"element","tag":"a","props":{"href":"https://github.com/uni-helper/uni-promises/tree/main/src/clearStorage/index.ts","rel":["nofollow"]},"children":[{"type":"text","value":"clearStorage"}]}]},{"type":"element","tag":"li","props":{},"children":[{"type":"element","tag":"a","props":{"href":"https://github.com/uni-helper/uni-promises/tree/main/src/closeBLEConnection/index.ts","rel":["nofollow"]},"children":[{"type":"text","value":"closeBLEConnection"}]}]},{"type":"element","tag":"li","props":{},"children":[{"type":"element","tag":"a","props":{"href":"https://github.com/uni-helper/uni-promises/tree/main/src/closeBluetoothAdapter/index.ts","rel":["nofollow"]},"children":[{"type":"text","value":"closeBluetoothAdapter"}]}]},{"type":"element","tag":"li","props":{},"children":[{"type":"element","tag":"a","props":{"href":"https://github.com/uni-helper/uni-promises/tree/main/src/closePreviewImage/index.ts","rel":["nofollow"]},"children":[{"type":"text","value":"closePreviewImage"}]}]},{"type":"element","tag":"li","props":{},"children":[{"type":"element","tag":"a","props":{"href":"https://github.com/uni-helper/uni-promises/tree/main/src/closeSocket/index.ts","rel":["nofollow"]},"children":[{"type":"text","value":"closeSocket"}]}]},{"type":"element","tag":"li","props":{},"children":[{"type":"element","tag":"a","props":{"href":"https://github.com/uni-helper/uni-promises/tree/main/src/compressImage/index.ts","rel":["nofollow"]},"children":[{"type":"text","value":"compressImage"}]}]},{"type":"element","tag":"li","props":{},"children":[{"type":"element","tag":"a","props":{"href":"https://github.com/uni-helper/uni-promises/tree/main/src/compressVideo/index.ts","rel":["nofollow"]},"children":[{"type":"text","value":"compressVideo"}]}]},{"type":"element","tag":"li","props":{},"children":[{"type":"element","tag":"a","props":{"href":"https://github.com/uni-helper/uni-promises/tree/main/src/connectSocket/index.ts","rel":["nofollow"]},"children":[{"type":"text","value":"connectSocket"}]}]},{"type":"element","tag":"li","props":{},"children":[{"type":"element","tag":"a","props":{"href":"https://github.com/uni-helper/uni-promises/tree/main/src/createBLEConnection/index.ts","rel":["nofollow"]},"children":[{"type":"text","value":"createBLEConnection"}]}]},{"type":"element","tag":"li","props":{},"children":[{"type":"element","tag":"a","props":{"href":"https://github.com/uni-helper/uni-promises/tree/main/src/createCameraContext/index.ts","rel":["nofollow"]},"children":[{"type":"text","value":"createCameraContext"}]}]},{"type":"element","tag":"li","props":{},"children":[{"type":"element","tag":"a","props":{"href":"https://github.com/uni-helper/uni-promises/tree/main/src/createCanvasContext/index.ts","rel":["nofollow"]},"children":[{"type":"text","value":"createCanvasContext"}]}]},{"type":"element","tag":"li","props":{},"children":[{"type":"element","tag":"a","props":{"href":"https://github.com/uni-helper/uni-promises/tree/main/src/createInnerAudioContext/index.ts","rel":["nofollow"]},"children":[{"type":"text","value":"createInnerAudioContext"}]}]},{"type":"element","tag":"li","props":{},"children":[{"type":"element","tag":"a","props":{"href":"https://github.com/uni-helper/uni-promises/tree/main/src/createLivePlayerContext/index.ts","rel":["nofollow"]},"children":[{"type":"text","value":"createLivePlayerContext"}]}]},{"type":"element","tag":"li","props":{},"children":[{"type":"element","tag":"a","props":{"href":"https://github.com/uni-helper/uni-promises/tree/main/src/createLivePusherContext/index.ts","rel":["nofollow"]},"children":[{"type":"text","value":"createLivePusherContext"}]}]},{"type":"element","tag":"li","props":{},"children":[{"type":"element","tag":"a","props":{"href":"https://github.com/uni-helper/uni-promises/tree/main/src/createMapContext/index.ts","rel":["nofollow"]},"children":[{"type":"text","value":"createMapContext"}]}]},{"type":"element","tag":"li","props":{},"children":[{"type":"element","tag":"a","props":{"href":"https://github.com/uni-helper/uni-promises/tree/main/src/createMediaContainer/index.ts","rel":["nofollow"]},"children":[{"type":"text","value":"createMediaContainer"}]}]},{"type":"element","tag":"li","props":{},"children":[{"type":"element","tag":"a","props":{"href":"https://github.com/uni-helper/uni-promises/tree/main/src/createPushMessage/index.ts","rel":["nofollow"]},"children":[{"type":"text","value":"createPushMessage"}]}]},{"type":"element","tag":"li","props":{},"children":[{"type":"element","tag":"a","props":{"href":"https://github.com/uni-helper/uni-promises/tree/main/src/createSelectorQuery/index.ts","rel":["nofollow"]},"children":[{"type":"text","value":"createSelectorQuery"}]}]},{"type":"element","tag":"li","props":{},"children":[{"type":"element","tag":"a","props":{"href":"https://github.com/uni-helper/uni-promises/tree/main/src/createVideoContext/index.ts","rel":["nofollow"]},"children":[{"type":"text","value":"createVideoContext"}]}]},{"type":"element","tag":"li","props":{},"children":[{"type":"element","tag":"a","props":{"href":"https://github.com/uni-helper/uni-promises/tree/main/src/downloadFile/index.ts","rel":["nofollow"]},"children":[{"type":"text","value":"downloadFile"}]}]},{"type":"element","tag":"li","props":{},"children":[{"type":"element","tag":"a","props":{"href":"https://github.com/uni-helper/uni-promises/tree/main/src/getApp/index.ts","rel":["nofollow"]},"children":[{"type":"text","value":"getApp"}]}]},{"type":"element","tag":"li","props":{},"children":[{"type":"element","tag":"a","props":{"href":"https://github.com/uni-helper/uni-promises/tree/main/src/getBLEDeviceCharacteristics/index.ts","rel":["nofollow"]},"children":[{"type":"text","value":"getBLEDeviceCharacteristics"}]}]},{"type":"element","tag":"li","props":{},"children":[{"type":"element","tag":"a","props":{"href":"https://github.com/uni-helper/uni-promises/tree/main/src/getBLEDeviceRSSI/index.ts","rel":["nofollow"]},"children":[{"type":"text","value":"getBLEDeviceRSSI"}]}]},{"type":"element","tag":"li","props":{},"children":[{"type":"element","tag":"a","props":{"href":"https://github.com/uni-helper/uni-promises/tree/main/src/getBLEDeviceServices/index.ts","rel":["nofollow"]},"children":[{"type":"text","value":"getBLEDeviceServices"}]}]},{"type":"element","tag":"li","props":{},"children":[{"type":"element","tag":"a","props":{"href":"https://github.com/uni-helper/uni-promises/tree/main/src/getBackgroundAudioManager/index.ts","rel":["nofollow"]},"children":[{"type":"text","value":"getBackgroundAudioManager"}]}]},{"type":"element","tag":"li","props":{},"children":[{"type":"element","tag":"a","props":{"href":"https://github.com/uni-helper/uni-promises/tree/main/src/getBatteryInfo/index.ts","rel":["nofollow"]},"children":[{"type":"text","value":"getBatteryInfo"}]}]},{"type":"element","tag":"li","props":{},"children":[{"type":"element","tag":"a","props":{"href":"https://github.com/uni-helper/uni-promises/tree/main/src/getBluetoothAdapterState/index.ts","rel":["nofollow"]},"children":[{"type":"text","value":"getBluetoothAdapterState"}]}]},{"type":"element","tag":"li","props":{},"children":[{"type":"element","tag":"a","props":{"href":"https://github.com/uni-helper/uni-promises/tree/main/src/getBluetoothDevices/index.ts","rel":["nofollow"]},"children":[{"type":"text","value":"getBluetoothDevices"}]}]},{"type":"element","tag":"li","props":{},"children":[{"type":"element","tag":"a","props":{"href":"https://github.com/uni-helper/uni-promises/tree/main/src/getCheckBoxState/index.ts","rel":["nofollow"]},"children":[{"type":"text","value":"getCheckBoxState"}]}]},{"type":"element","tag":"li","props":{},"children":[{"type":"element","tag":"a","props":{"href":"https://github.com/uni-helper/uni-promises/tree/main/src/getClipboardData/index.ts","rel":["nofollow"]},"children":[{"type":"text","value":"getClipboardData"}]}]},{"type":"element","tag":"li","props":{},"children":[{"type":"element","tag":"a","props":{"href":"https://github.com/uni-helper/uni-promises/tree/main/src/getConnectedBluetoothDevices/index.ts","rel":["nofollow"]},"children":[{"type":"text","value":"getConnectedBluetoothDevices"}]}]},{"type":"element","tag":"li","props":{},"children":[{"type":"element","tag":"a","props":{"href":"https://github.com/uni-helper/uni-promises/tree/main/src/getExtConfig/index.ts","rel":["nofollow"]},"children":[{"type":"text","value":"getExtConfig"}]}]},{"type":"element","tag":"li","props":{},"children":[{"type":"element","tag":"a","props":{"href":"https://github.com/uni-helper/uni-promises/tree/main/src/getFileInfo/index.ts","rel":["nofollow"]},"children":[{"type":"text","value":"getFileInfo"}]}]},{"type":"element","tag":"li","props":{},"children":[{"type":"element","tag":"a","props":{"href":"https://github.com/uni-helper/uni-promises/tree/main/src/getImageInfo/index.ts","rel":["nofollow"]},"children":[{"type":"text","value":"getImageInfo"}]}]},{"type":"element","tag":"li","props":{},"children":[{"type":"element","tag":"a","props":{"href":"https://github.com/uni-helper/uni-promises/tree/main/src/getLocation/index.ts","rel":["nofollow"]},"children":[{"type":"text","value":"getLocation"}]}]},{"type":"element","tag":"li","props":{},"children":[{"type":"element","tag":"a","props":{"href":"https://github.com/uni-helper/uni-promises/tree/main/src/getNetworkType/index.ts","rel":["nofollow"]},"children":[{"type":"text","value":"getNetworkType"}]}]},{"type":"element","tag":"li","props":{},"children":[{"type":"element","tag":"a","props":{"href":"https://github.com/uni-helper/uni-promises/tree/main/src/getProvider/index.ts","rel":["nofollow"]},"children":[{"type":"text","value":"getProvider"}]}]},{"type":"element","tag":"li","props":{},"children":[{"type":"element","tag":"a","props":{"href":"https://github.com/uni-helper/uni-promises/tree/main/src/getPushClientId/index.ts","rel":["nofollow"]},"children":[{"type":"text","value":"getPushClientId"}]}]},{"type":"element","tag":"li","props":{},"children":[{"type":"element","tag":"a","props":{"href":"https://github.com/uni-helper/uni-promises/tree/main/src/getRecordManager/index.ts","rel":["nofollow"]},"children":[{"type":"text","value":"getRecordManager"}]}]},{"type":"element","tag":"li","props":{},"children":[{"type":"element","tag":"a","props":{"href":"https://github.com/uni-helper/uni-promises/tree/main/src/getSavedFileInfo/index.ts","rel":["nofollow"]},"children":[{"type":"text","value":"getSavedFileInfo"}]}]},{"type":"element","tag":"li","props":{},"children":[{"type":"element","tag":"a","props":{"href":"https://github.com/uni-helper/uni-promises/tree/main/src/getSavedFileList/index.ts","rel":["nofollow"]},"children":[{"type":"text","value":"getSavedFileList"}]}]},{"type":"element","tag":"li","props":{},"children":[{"type":"element","tag":"a","props":{"href":"https://github.com/uni-helper/uni-promises/tree/main/src/getScreenBrightness/index.ts","rel":["nofollow"]},"children":[{"type":"text","value":"getScreenBrightness"}]}]},{"type":"element","tag":"li","props":{},"children":[{"type":"element","tag":"a","props":{"href":"https://github.com/uni-helper/uni-promises/tree/main/src/getSelectedTextRange/index.ts","rel":["nofollow"]},"children":[{"type":"text","value":"getSelectedTextRange"}]}]},{"type":"element","tag":"li","props":{},"children":[{"type":"element","tag":"a","props":{"href":"https://github.com/uni-helper/uni-promises/tree/main/src/getSetting/index.ts","rel":["nofollow"]},"children":[{"type":"text","value":"getSetting"}]}]},{"type":"element","tag":"li","props":{},"children":[{"type":"element","tag":"a","props":{"href":"https://github.com/uni-helper/uni-promises/tree/main/src/getStorage/index.ts","rel":["nofollow"]},"children":[{"type":"text","value":"getStorage"}]}]},{"type":"element","tag":"li","props":{},"children":[{"type":"element","tag":"a","props":{"href":"https://github.com/uni-helper/uni-promises/tree/main/src/getStorageInfo/index.ts","rel":["nofollow"]},"children":[{"type":"text","value":"getStorageInfo"}]}]},{"type":"element","tag":"li","props":{},"children":[{"type":"element","tag":"a","props":{"href":"https://github.com/uni-helper/uni-promises/tree/main/src/getSystemInfo/index.ts","rel":["nofollow"]},"children":[{"type":"text","value":"getSystemInfo"}]}]},{"type":"element","tag":"li","props":{},"children":[{"type":"element","tag":"a","props":{"href":"https://github.com/uni-helper/uni-promises/tree/main/src/getUserInfo/index.ts","rel":["nofollow"]},"children":[{"type":"text","value":"getUserInfo"}]}]},{"type":"element","tag":"li","props":{},"children":[{"type":"element","tag":"a","props":{"href":"https://github.com/uni-helper/uni-promises/tree/main/src/getUserProfile/index.ts","rel":["nofollow"]},"children":[{"type":"text","value":"getUserProfile"}]}]},{"type":"element","tag":"li","props":{},"children":[{"type":"element","tag":"a","props":{"href":"https://github.com/uni-helper/uni-promises/tree/main/src/getVideoInfo/index.ts","rel":["nofollow"]},"children":[{"type":"text","value":"getVideoInfo"}]}]},{"type":"element","tag":"li","props":{},"children":[{"type":"element","tag":"a","props":{"href":"https://github.com/uni-helper/uni-promises/tree/main/src/hideHomeButton/index.ts","rel":["nofollow"]},"children":[{"type":"text","value":"hideHomeButton"}]}]},{"type":"element","tag":"li","props":{},"children":[{"type":"element","tag":"a","props":{"href":"https://github.com/uni-helper/uni-promises/tree/main/src/hideNavigationBarLoading/index.ts","rel":["nofollow"]},"children":[{"type":"text","value":"hideNavigationBarLoading"}]}]},{"type":"element","tag":"li","props":{},"children":[{"type":"element","tag":"a","props":{"href":"https://github.com/uni-helper/uni-promises/tree/main/src/hideShareMenu/index.ts","rel":["nofollow"]},"children":[{"type":"text","value":"hideShareMenu"}]}]},{"type":"element","tag":"li","props":{},"children":[{"type":"element","tag":"a","props":{"href":"https://github.com/uni-helper/uni-promises/tree/main/src/hideTabBar/index.ts","rel":["nofollow"]},"children":[{"type":"text","value":"hideTabBar"}]}]},{"type":"element","tag":"li","props":{},"children":[{"type":"element","tag":"a","props":{"href":"https://github.com/uni-helper/uni-promises/tree/main/src/hideTabBarRedDot/index.ts","rel":["nofollow"]},"children":[{"type":"text","value":"hideTabBarRedDot"}]}]},{"type":"element","tag":"li","props":{},"children":[{"type":"element","tag":"a","props":{"href":"https://github.com/uni-helper/uni-promises/tree/main/src/loadFontFace/index.ts","rel":["nofollow"]},"children":[{"type":"text","value":"loadFontFace"}]}]},{"type":"element","tag":"li","props":{},"children":[{"type":"element","tag":"a","props":{"href":"https://github.com/uni-helper/uni-promises/tree/main/src/login/index.ts","rel":["nofollow"]},"children":[{"type":"text","value":"login"}]}]},{"type":"element","tag":"li","props":{},"children":[{"type":"element","tag":"a","props":{"href":"https://github.com/uni-helper/uni-promises/tree/main/src/makePhoneCall/index.ts","rel":["nofollow"]},"children":[{"type":"text","value":"makePhoneCall"}]}]},{"type":"element","tag":"li","props":{},"children":[{"type":"element","tag":"a","props":{"href":"https://github.com/uni-helper/uni-promises/tree/main/src/navigateBack/index.ts","rel":["nofollow"]},"children":[{"type":"text","value":"navigateBack"}]}]},{"type":"element","tag":"li","props":{},"children":[{"type":"element","tag":"a","props":{"href":"https://github.com/uni-helper/uni-promises/tree/main/src/navigateBackMiniProgram/index.ts","rel":["nofollow"]},"children":[{"type":"text","value":"navigateBackMiniProgram"}]}]},{"type":"element","tag":"li","props":{},"children":[{"type":"element","tag":"a","props":{"href":"https://github.com/uni-helper/uni-promises/tree/main/src/navigateTo/index.ts","rel":["nofollow"]},"children":[{"type":"text","value":"navigateTo"}]}]},{"type":"element","tag":"li","props":{},"children":[{"type":"element","tag":"a","props":{"href":"https://github.com/uni-helper/uni-promises/tree/main/src/navigateToMiniProgram/index.ts","rel":["nofollow"]},"children":[{"type":"text","value":"navigateToMiniProgram"}]}]},{"type":"element","tag":"li","props":{},"children":[{"type":"element","tag":"a","props":{"href":"https://github.com/uni-helper/uni-promises/tree/main/src/notifyBLECharacteristicValueChange/index.ts","rel":["nofollow"]},"children":[{"type":"text","value":"notifyBLECharacteristicValueChange"}]}]},{"type":"element","tag":"li","props":{},"children":[{"type":"element","tag":"a","props":{"href":"https://github.com/uni-helper/uni-promises/tree/main/src/openAppAuthorizeSetting/index.ts","rel":["nofollow"]},"children":[{"type":"text","value":"openAppAuthorizeSetting"}]}]},{"type":"element","tag":"li","props":{},"children":[{"type":"element","tag":"a","props":{"href":"https://github.com/uni-helper/uni-promises/tree/main/src/openBluetoothAdapter/index.ts","rel":["nofollow"]},"children":[{"type":"text","value":"openBluetoothAdapter"}]}]},{"type":"element","tag":"li","props":{},"children":[{"type":"element","tag":"a","props":{"href":"https://github.com/uni-helper/uni-promises/tree/main/src/openDocument/index.ts","rel":["nofollow"]},"children":[{"type":"text","value":"openDocument"}]}]},{"type":"element","tag":"li","props":{},"children":[{"type":"element","tag":"a","props":{"href":"https://github.com/uni-helper/uni-promises/tree/main/src/openLocation/index.ts","rel":["nofollow"]},"children":[{"type":"text","value":"openLocation"}]}]},{"type":"element","tag":"li","props":{},"children":[{"type":"element","tag":"a","props":{"href":"https://github.com/uni-helper/uni-promises/tree/main/src/openSetting/index.ts","rel":["nofollow"]},"children":[{"type":"text","value":"openSetting"}]}]},{"type":"element","tag":"li","props":{},"children":[{"type":"element","tag":"a","props":{"href":"https://github.com/uni-helper/uni-promises/tree/main/src/openVideoEditor/index.ts","rel":["nofollow"]},"children":[{"type":"text","value":"openVideoEditor"}]}]},{"type":"element","tag":"li","props":{},"children":[{"type":"element","tag":"a","props":{"href":"https://github.com/uni-helper/uni-promises/tree/main/src/pageScrollTo/index.ts","rel":["nofollow"]},"children":[{"type":"text","value":"pageScrollTo"}]}]},{"type":"element","tag":"li","props":{},"children":[{"type":"element","tag":"a","props":{"href":"https://github.com/uni-helper/uni-promises/tree/main/src/preLogin/index.ts","rel":["nofollow"]},"children":[{"type":"text","value":"preLogin"}]}]},{"type":"element","tag":"li","props":{},"children":[{"type":"element","tag":"a","props":{"href":"https://github.com/uni-helper/uni-promises/tree/main/src/previewImage/index.ts","rel":["nofollow"]},"children":[{"type":"text","value":"previewImage"}]}]},{"type":"element","tag":"li","props":{},"children":[{"type":"element","tag":"a","props":{"href":"https://github.com/uni-helper/uni-promises/tree/main/src/reLaunch/index.ts","rel":["nofollow"]},"children":[{"type":"text","value":"reLaunch"}]}]},{"type":"element","tag":"li","props":{},"children":[{"type":"element","tag":"a","props":{"href":"https://github.com/uni-helper/uni-promises/tree/main/src/readBLECharacteristicValue/index.ts","rel":["nofollow"]},"children":[{"type":"text","value":"readBLECharacteristicValue"}]}]},{"type":"element","tag":"li","props":{},"children":[{"type":"element","tag":"a","props":{"href":"https://github.com/uni-helper/uni-promises/tree/main/src/redirectTo/index.ts","rel":["nofollow"]},"children":[{"type":"text","value":"redirectTo"}]}]},{"type":"element","tag":"li","props":{},"children":[{"type":"element","tag":"a","props":{"href":"https://github.com/uni-helper/uni-promises/tree/main/src/removeSavedFile/index.ts","rel":["nofollow"]},"children":[{"type":"text","value":"removeSavedFile"}]}]},{"type":"element","tag":"li","props":{},"children":[{"type":"element","tag":"a","props":{"href":"https://github.com/uni-helper/uni-promises/tree/main/src/removeStorage/index.ts","rel":["nofollow"]},"children":[{"type":"text","value":"removeStorage"}]}]},{"type":"element","tag":"li","props":{},"children":[{"type":"element","tag":"a","props":{"href":"https://github.com/uni-helper/uni-promises/tree/main/src/removeTabBarBadge/index.ts","rel":["nofollow"]},"children":[{"type":"text","value":"removeTabBarBadge"}]}]},{"type":"element","tag":"li","props":{},"children":[{"type":"element","tag":"a","props":{"href":"https://github.com/uni-helper/uni-promises/tree/main/src/request/index.ts","rel":["nofollow"]},"children":[{"type":"text","value":"request"}]}]},{"type":"element","tag":"li","props":{},"children":[{"type":"element","tag":"a","props":{"href":"https://github.com/uni-helper/uni-promises/tree/main/src/requestPayment/index.ts","rel":["nofollow"]},"children":[{"type":"text","value":"requestPayment"}]}]},{"type":"element","tag":"li","props":{},"children":[{"type":"element","tag":"a","props":{"href":"https://github.com/uni-helper/uni-promises/tree/main/src/requestSubscribeMessage/index.ts","rel":["nofollow"]},"children":[{"type":"text","value":"requestSubscribeMessage"}]}]},{"type":"element","tag":"li","props":{},"children":[{"type":"element","tag":"a","props":{"href":"https://github.com/uni-helper/uni-promises/tree/main/src/saveFile/index.ts","rel":["nofollow"]},"children":[{"type":"text","value":"saveFile"}]}]},{"type":"element","tag":"li","props":{},"children":[{"type":"element","tag":"a","props":{"href":"https://github.com/uni-helper/uni-promises/tree/main/src/saveImageToPhotosAlbum/index.ts","rel":["nofollow"]},"children":[{"type":"text","value":"saveImageToPhotosAlbum"}]}]},{"type":"element","tag":"li","props":{},"children":[{"type":"element","tag":"a","props":{"href":"https://github.com/uni-helper/uni-promises/tree/main/src/saveVideoToPhotosAlbum/index.ts","rel":["nofollow"]},"children":[{"type":"text","value":"saveVideoToPhotosAlbum"}]}]},{"type":"element","tag":"li","props":{},"children":[{"type":"element","tag":"a","props":{"href":"https://github.com/uni-helper/uni-promises/tree/main/src/scanCode/index.ts","rel":["nofollow"]},"children":[{"type":"text","value":"scanCode"}]}]},{"type":"element","tag":"li","props":{},"children":[{"type":"element","tag":"a","props":{"href":"https://github.com/uni-helper/uni-promises/tree/main/src/sendSocketMessage/index.ts","rel":["nofollow"]},"children":[{"type":"text","value":"sendSocketMessage"}]}]},{"type":"element","tag":"li","props":{},"children":[{"type":"element","tag":"a","props":{"href":"https://github.com/uni-helper/uni-promises/tree/main/src/setBLEMTU/index.ts","rel":["nofollow"]},"children":[{"type":"text","value":"setBLEMTU"}]}]},{"type":"element","tag":"li","props":{},"children":[{"type":"element","tag":"a","props":{"href":"https://github.com/uni-helper/uni-promises/tree/main/src/setBackgroundColor/index.ts","rel":["nofollow"]},"children":[{"type":"text","value":"setBackgroundColor"}]}]},{"type":"element","tag":"li","props":{},"children":[{"type":"element","tag":"a","props":{"href":"https://github.com/uni-helper/uni-promises/tree/main/src/setBackgroundTextStyle/index.ts","rel":["nofollow"]},"children":[{"type":"text","value":"setBackgroundTextStyle"}]}]},{"type":"element","tag":"li","props":{},"children":[{"type":"element","tag":"a","props":{"href":"https://github.com/uni-helper/uni-promises/tree/main/src/setClipboardData/index.ts","rel":["nofollow"]},"children":[{"type":"text","value":"setClipboardData"}]}]},{"type":"element","tag":"li","props":{},"children":[{"type":"element","tag":"a","props":{"href":"https://github.com/uni-helper/uni-promises/tree/main/src/setEnableDebug/index.ts","rel":["nofollow"]},"children":[{"type":"text","value":"setEnableDebug"}]}]},{"type":"element","tag":"li","props":{},"children":[{"type":"element","tag":"a","props":{"href":"https://github.com/uni-helper/uni-promises/tree/main/src/setKeepScreenOn/index.ts","rel":["nofollow"]},"children":[{"type":"text","value":"setKeepScreenOn"}]}]},{"type":"element","tag":"li","props":{},"children":[{"type":"element","tag":"a","props":{"href":"https://github.com/uni-helper/uni-promises/tree/main/src/setNavigationBarColor/index.ts","rel":["nofollow"]},"children":[{"type":"text","value":"setNavigationBarColor"}]}]},{"type":"element","tag":"li","props":{},"children":[{"type":"element","tag":"a","props":{"href":"https://github.com/uni-helper/uni-promises/tree/main/src/setNavigationBarTitle/index.ts","rel":["nofollow"]},"children":[{"type":"text","value":"setNavigationBarTitle"}]}]},{"type":"element","tag":"li","props":{},"children":[{"type":"element","tag":"a","props":{"href":"https://github.com/uni-helper/uni-promises/tree/main/src/setScreenBrightness/index.ts","rel":["nofollow"]},"children":[{"type":"text","value":"setScreenBrightness"}]}]},{"type":"element","tag":"li","props":{},"children":[{"type":"element","tag":"a","props":{"href":"https://github.com/uni-helper/uni-promises/tree/main/src/setStorage/index.ts","rel":["nofollow"]},"children":[{"type":"text","value":"setStorage"}]}]},{"type":"element","tag":"li","props":{},"children":[{"type":"element","tag":"a","props":{"href":"https://github.com/uni-helper/uni-promises/tree/main/src/setTabBarBadge/index.ts","rel":["nofollow"]},"children":[{"type":"text","value":"setTabBarBadge"}]}]},{"type":"element","tag":"li","props":{},"children":[{"type":"element","tag":"a","props":{"href":"https://github.com/uni-helper/uni-promises/tree/main/src/setTabBarItem/index.ts","rel":["nofollow"]},"children":[{"type":"text","value":"setTabBarItem"}]}]},{"type":"element","tag":"li","props":{},"children":[{"type":"element","tag":"a","props":{"href":"https://github.com/uni-helper/uni-promises/tree/main/src/setTabBarStyle/index.ts","rel":["nofollow"]},"children":[{"type":"text","value":"setTabBarStyle"}]}]},{"type":"element","tag":"li","props":{},"children":[{"type":"element","tag":"a","props":{"href":"https://github.com/uni-helper/uni-promises/tree/main/src/share/index.ts","rel":["nofollow"]},"children":[{"type":"text","value":"share"}]}]},{"type":"element","tag":"li","props":{},"children":[{"type":"element","tag":"a","props":{"href":"https://github.com/uni-helper/uni-promises/tree/main/src/shareWithSystem/index.ts","rel":["nofollow"]},"children":[{"type":"text","value":"shareWithSystem"}]}]},{"type":"element","tag":"li","props":{},"children":[{"type":"element","tag":"a","props":{"href":"https://github.com/uni-helper/uni-promises/tree/main/src/showActionSheet/index.ts","rel":["nofollow"]},"children":[{"type":"text","value":"showActionSheet"}]}]},{"type":"element","tag":"li","props":{},"children":[{"type":"element","tag":"a","props":{"href":"https://github.com/uni-helper/uni-promises/tree/main/src/showLoading/index.ts","rel":["nofollow"]},"children":[{"type":"text","value":"showLoading"}]}]},{"type":"element","tag":"li","props":{},"children":[{"type":"element","tag":"a","props":{"href":"https://github.com/uni-helper/uni-promises/tree/main/src/showModal/index.ts","rel":["nofollow"]},"children":[{"type":"text","value":"showModal"}]}]},{"type":"element","tag":"li","props":{},"children":[{"type":"element","tag":"a","props":{"href":"https://github.com/uni-helper/uni-promises/tree/main/src/showNavigationBarLoading/index.ts","rel":["nofollow"]},"children":[{"type":"text","value":"showNavigationBarLoading"}]}]},{"type":"element","tag":"li","props":{},"children":[{"type":"element","tag":"a","props":{"href":"https://github.com/uni-helper/uni-promises/tree/main/src/showShareMenu/index.ts","rel":["nofollow"]},"children":[{"type":"text","value":"showShareMenu"}]}]},{"type":"element","tag":"li","props":{},"children":[{"type":"element","tag":"a","props":{"href":"https://github.com/uni-helper/uni-promises/tree/main/src/showTabBar/index.ts","rel":["nofollow"]},"children":[{"type":"text","value":"showTabBar"}]}]},{"type":"element","tag":"li","props":{},"children":[{"type":"element","tag":"a","props":{"href":"https://github.com/uni-helper/uni-promises/tree/main/src/showTabBarRedDot/index.ts","rel":["nofollow"]},"children":[{"type":"text","value":"showTabBarRedDot"}]}]},{"type":"element","tag":"li","props":{},"children":[{"type":"element","tag":"a","props":{"href":"https://github.com/uni-helper/uni-promises/tree/main/src/showToast/index.ts","rel":["nofollow"]},"children":[{"type":"text","value":"showToast"}]}]},{"type":"element","tag":"li","props":{},"children":[{"type":"element","tag":"a","props":{"href":"https://github.com/uni-helper/uni-promises/tree/main/src/startBluetoothDevicesDiscovery/index.ts","rel":["nofollow"]},"children":[{"type":"text","value":"startBluetoothDevicesDiscovery"}]}]},{"type":"element","tag":"li","props":{},"children":[{"type":"element","tag":"a","props":{"href":"https://github.com/uni-helper/uni-promises/tree/main/src/startPullDownRefresh/index.ts","rel":["nofollow"]},"children":[{"type":"text","value":"startPullDownRefresh"}]}]},{"type":"element","tag":"li","props":{},"children":[{"type":"element","tag":"a","props":{"href":"https://github.com/uni-helper/uni-promises/tree/main/src/startSoterAuthentication/index.ts","rel":["nofollow"]},"children":[{"type":"text","value":"startSoterAuthentication"}]}]},{"type":"element","tag":"li","props":{},"children":[{"type":"element","tag":"a","props":{"href":"https://github.com/uni-helper/uni-promises/tree/main/src/stopBluetoothDevicesDiscovery/index.ts","rel":["nofollow"]},"children":[{"type":"text","value":"stopBluetoothDevicesDiscovery"}]}]},{"type":"element","tag":"li","props":{},"children":[{"type":"element","tag":"a","props":{"href":"https://github.com/uni-helper/uni-promises/tree/main/src/switchTab/index.ts","rel":["nofollow"]},"children":[{"type":"text","value":"switchTab"}]}]},{"type":"element","tag":"li","props":{},"children":[{"type":"element","tag":"a","props":{"href":"https://github.com/uni-helper/uni-promises/tree/main/src/uploadFile/index.ts","rel":["nofollow"]},"children":[{"type":"text","value":"uploadFile"}]}]},{"type":"element","tag":"li","props":{},"children":[{"type":"element","tag":"a","props":{"href":"https://github.com/uni-helper/uni-promises/tree/main/src/vibrate/index.ts","rel":["nofollow"]},"children":[{"type":"text","value":"vibrate"}]}]},{"type":"element","tag":"li","props":{},"children":[{"type":"element","tag":"a","props":{"href":"https://github.com/uni-helper/uni-promises/tree/main/src/vibrateLong/index.ts","rel":["nofollow"]},"children":[{"type":"text","value":"vibrateLong"}]}]},{"type":"element","tag":"li","props":{},"children":[{"type":"element","tag":"a","props":{"href":"https://github.com/uni-helper/uni-promises/tree/main/src/vibrateShort/index.ts","rel":["nofollow"]},"children":[{"type":"text","value":"vibrateShort"}]}]},{"type":"element","tag":"li","props":{},"children":[{"type":"element","tag":"a","props":{"href":"https://github.com/uni-helper/uni-promises/tree/main/src/writeBLECharacteristicValue/index.ts","rel":["nofollow"]},"children":[{"type":"text","value":"writeBLECharacteristicValue"}]}]}]},{"type":"element","tag":"h2","props":{"id":"构建"},"children":[{"type":"text","value":"构建"}]},{"type":"element","tag":"p","props":{},"children":[{"type":"text","value":"目前 "},{"type":"element","tag":"code","props":{"className":[]},"children":[{"type":"text","value":"@uni-helper/uni-promises"}]},{"type":"text","value":" 会使用 "},{"type":"element","tag":"code","props":{"className":[]},"children":[{"type":"text","value":"unbuild"}]},{"type":"text","value":" 将 "},{"type":"element","tag":"code","props":{"className":[]},"children":[{"type":"text","value":"uni"}]},{"type":"text","value":" API 之外的部分转译到 "},{"type":"element","tag":"code","props":{"className":[]},"children":[{"type":"text","value":"ES2017"}]},{"type":"text","value":"（即 "},{"type":"element","tag":"code","props":{"className":[]},"children":[{"type":"text","value":"ES8"}]},{"type":"text","value":"）。"},{"type":"element","tag":"code","props":{"className":[]},"children":[{"type":"text","value":"uni"}]},{"type":"text","value":" API 需要在项目构建时由 "},{"type":"element","tag":"code","props":{"className":[]},"children":[{"type":"text","value":"uni-app"}]},{"type":"text","value":" 官方提供的插件处理。"}]},{"type":"element","tag":"p","props":{},"children":[{"type":"text","value":"对于 "},{"type":"element","tag":"code","props":{"className":[]},"children":[{"type":"text","value":"vue-cli + vue2"}]},{"type":"text","value":" 项目，请修改项目根目录 "},{"type":"element","tag":"code","props":{"className":[]},"children":[{"type":"text","value":"vue.config.js"}]},{"type":"text","value":" 如下所示。这会让 "},{"type":"element","tag":"code","props":{"className":[]},"children":[{"type":"text","value":"vue-cli"}]},{"type":"text","value":" 处理 "},{"type":"element","tag":"code","props":{"className":[]},"children":[{"type":"text","value":"@uni-helper/uni-promises"}]},{"type":"text","value":"，保证生成代码符合 "},{"type":"element","tag":"code","props":{"className":[]},"children":[{"type":"text","value":"browserslist"}]},{"type":"text","value":" 里的配置。我们建议设置 "},{"type":"element","tag":"code","props":{"className":[]},"children":[{"type":"text","value":"browserslist"}]},{"type":"text","value":" 为 "},{"type":"element","tag":"code","props":{"className":[]},"children":[{"type":"text","value":"chrome>=53,ios>=8"}]}]},{"type":"element","tag":"pre","props":{"className":"language-javascript shiki shiki-themes github-light github-dark","code":"module.exports = {\n  transpileDependencies: ['@uni-helper/uni-promises'],\n}\n","filename":"vue.config.js","language":"javascript","meta":"","style":""},"children":[{"type":"element","tag":"code","props":{"__ignoreMap":""},"children":[{"type":"element","tag":"span","props":{"class":"line","line":1},"children":[{"type":"element","tag":"span","props":{"style":"--shiki-default:#005CC5;--shiki-dark:#79B8FF"},"children":[{"type":"text","value":"module"}]},{"type":"element","tag":"span","props":{"style":"--shiki-default:#24292E;--shiki-dark:#E1E4E8"},"children":[{"type":"text","value":"."}]},{"type":"element","tag":"span","props":{"style":"--shiki-default:#005CC5;--shiki-dark:#79B8FF"},"children":[{"type":"text","value":"exports"}]},{"type":"element","tag":"span","props":{"style":"--shiki-default:#D73A49;--shiki-dark:#F97583"},"children":[{"type":"text","value":" ="}]},{"type":"element","tag":"span","props":{"style":"--shiki-default:#24292E;--shiki-dark:#E1E4E8"},"children":[{"type":"text","value":" {\n"}]}]},{"type":"element","tag":"span","props":{"class":"line","line":2},"children":[{"type":"element","tag":"span","props":{"style":"--shiki-default:#24292E;--shiki-dark:#E1E4E8"},"children":[{"type":"text","value":"  transpileDependencies: ["}]},{"type":"element","tag":"span","props":{"style":"--shiki-default:#032F62;--shiki-dark:#9ECBFF"},"children":[{"type":"text","value":"'@uni-helper/uni-promises'"}]},{"type":"element","tag":"span","props":{"style":"--shiki-default:#24292E;--shiki-dark:#E1E4E8"},"children":[{"type":"text","value":"],\n"}]}]},{"type":"element","tag":"span","props":{"class":"line","line":3},"children":[{"type":"element","tag":"span","props":{"style":"--shiki-default:#24292E;--shiki-dark:#E1E4E8"},"children":[{"type":"text","value":"}\n"}]}]}]}]},{"type":"element","tag":"p","props":{},"children":[{"type":"text","value":"对于 "},{"type":"element","tag":"code","props":{"className":[]},"children":[{"type":"text","value":"vite + vue3"}]},{"type":"text","value":" 项目，请先设置 "},{"type":"element","tag":"code","props":{"className":[]},"children":[{"type":"text","value":"build.target"}]},{"type":"text","value":" 为 "},{"type":"element","tag":"code","props":{"className":[]},"children":[{"type":"text","value":"ES6"}]},{"type":"text","value":"。"}]},{"type":"element","tag":"pre","props":{"className":"language-typescript shiki shiki-themes github-light github-dark","code":"import { defineConfig } from 'vite';\nimport uni from '@dcloudio/vite-plugin-uni';\n\n// https://vitejs.dev/config/\nexport default defineConfig({\n  build: {\n    target: 'es6',\n    cssTarget: 'chrome61', // https://cn.vitejs.dev/config/build-options.html#build-csstarget\n  },\n  plugins: [\n    ...,\n    uni(),\n    ...,\n  ],\n});\n","filename":"vite.config.ts","language":"typescript","meta":"","style":""},"children":[{"type":"element","tag":"code","props":{"__ignoreMap":""},"children":[{"type":"element","tag":"span","props":{"class":"line","line":1},"children":[{"type":"element","tag":"span","props":{"style":"--shiki-default:#D73A49;--shiki-dark:#F97583"},"children":[{"type":"text","value":"import"}]},{"type":"element","tag":"span","props":{"style":"--shiki-default:#24292E;--shiki-dark:#E1E4E8"},"children":[{"type":"text","value":" { defineConfig } "}]},{"type":"element","tag":"span","props":{"style":"--shiki-default:#D73A49;--shiki-dark:#F97583"},"children":[{"type":"text","value":"from"}]},{"type":"element","tag":"span","props":{"style":"--shiki-default:#032F62;--shiki-dark:#9ECBFF"},"children":[{"type":"text","value":" 'vite'"}]},{"type":"element","tag":"span","props":{"style":"--shiki-default:#24292E;--shiki-dark:#E1E4E8"},"children":[{"type":"text","value":";\n"}]}]},{"type":"element","tag":"span","props":{"class":"line","line":2},"children":[{"type":"element","tag":"span","props":{"style":"--shiki-default:#D73A49;--shiki-dark:#F97583"},"children":[{"type":"text","value":"import"}]},{"type":"element","tag":"span","props":{"style":"--shiki-default:#24292E;--shiki-dark:#E1E4E8"},"children":[{"type":"text","value":" uni "}]},{"type":"element","tag":"span","props":{"style":"--shiki-default:#D73A49;--shiki-dark:#F97583"},"children":[{"type":"text","value":"from"}]},{"type":"element","tag":"span","props":{"style":"--shiki-default:#032F62;--shiki-dark:#9ECBFF"},"children":[{"type":"text","value":" '@dcloudio/vite-plugin-uni'"}]},{"type":"element","tag":"span","props":{"style":"--shiki-default:#24292E;--shiki-dark:#E1E4E8"},"children":[{"type":"text","value":";\n"}]}]},{"type":"element","tag":"span","props":{"class":"line","line":3},"children":[{"type":"element","tag":"span","props":{"emptyLinePlaceholder":true},"children":[{"type":"text","value":"\n"}]}]},{"type":"element","tag":"span","props":{"class":"line","line":4},"children":[{"type":"element","tag":"span","props":{"style":"--shiki-default:#6A737D;--shiki-dark:#6A737D"},"children":[{"type":"text","value":"// https://vitejs.dev/config/\n"}]}]},{"type":"element","tag":"span","props":{"class":"line","line":5},"children":[{"type":"element","tag":"span","props":{"style":"--shiki-default:#D73A49;--shiki-dark:#F97583"},"children":[{"type":"text","value":"export"}]},{"type":"element","tag":"span","props":{"style":"--shiki-default:#D73A49;--shiki-dark:#F97583"},"children":[{"type":"text","value":" default"}]},{"type":"element","tag":"span","props":{"style":"--shiki-default:#6F42C1;--shiki-dark:#B392F0"},"children":[{"type":"text","value":" defineConfig"}]},{"type":"element","tag":"span","props":{"style":"--shiki-default:#24292E;--shiki-dark:#E1E4E8"},"children":[{"type":"text","value":"({\n"}]}]},{"type":"element","tag":"span","props":{"class":"line","line":6},"children":[{"type":"element","tag":"span","props":{"style":"--shiki-default:#24292E;--shiki-dark:#E1E4E8"},"children":[{"type":"text","value":"  build: {\n"}]}]},{"type":"element","tag":"span","props":{"class":"line","line":7},"children":[{"type":"element","tag":"span","props":{"style":"--shiki-default:#24292E;--shiki-dark:#E1E4E8"},"children":[{"type":"text","value":"    target: "}]},{"type":"element","tag":"span","props":{"style":"--shiki-default:#032F62;--shiki-dark:#9ECBFF"},"children":[{"type":"text","value":"'es6'"}]},{"type":"element","tag":"span","props":{"style":"--shiki-default:#24292E;--shiki-dark:#E1E4E8"},"children":[{"type":"text","value":",\n"}]}]},{"type":"element","tag":"span","props":{"class":"line","line":8},"children":[{"type":"element","tag":"span","props":{"style":"--shiki-default:#24292E;--shiki-dark:#E1E4E8"},"children":[{"type":"text","value":"    cssTarget: "}]},{"type":"element","tag":"span","props":{"style":"--shiki-default:#032F62;--shiki-dark:#9ECBFF"},"children":[{"type":"text","value":"'chrome61'"}]},{"type":"element","tag":"span","props":{"style":"--shiki-default:#24292E;--shiki-dark:#E1E4E8"},"children":[{"type":"text","value":", "}]},{"type":"element","tag":"span","props":{"style":"--shiki-default:#6A737D;--shiki-dark:#6A737D"},"children":[{"type":"text","value":"// https://cn.vitejs.dev/config/build-options.html#build-csstarget\n"}]}]},{"type":"element","tag":"span","props":{"class":"line","line":9},"children":[{"type":"element","tag":"span","props":{"style":"--shiki-default:#24292E;--shiki-dark:#E1E4E8"},"children":[{"type":"text","value":"  },\n"}]}]},{"type":"element","tag":"span","props":{"class":"line","line":10},"children":[{"type":"element","tag":"span","props":{"style":"--shiki-default:#24292E;--shiki-dark:#E1E4E8"},"children":[{"type":"text","value":"  plugins: [\n"}]}]},{"type":"element","tag":"span","props":{"class":"line","line":11},"children":[{"type":"element","tag":"span","props":{"style":"--shiki-default:#D73A49;--shiki-dark:#F97583"},"children":[{"type":"text","value":"    ..."}]},{"type":"element","tag":"span","props":{"style":"--shiki-default:#24292E;--shiki-dark:#E1E4E8"},"children":[{"type":"text","value":",\n"}]}]},{"type":"element","tag":"span","props":{"class":"line","line":12},"children":[{"type":"element","tag":"span","props":{"style":"--shiki-default:#6F42C1;--shiki-dark:#B392F0"},"children":[{"type":"text","value":"    uni"}]},{"type":"element","tag":"span","props":{"style":"--shiki-default:#24292E;--shiki-dark:#E1E4E8"},"children":[{"type":"text","value":"(),\n"}]}]},{"type":"element","tag":"span","props":{"class":"line","line":13},"children":[{"type":"element","tag":"span","props":{"style":"--shiki-default:#D73A49;--shiki-dark:#F97583"},"children":[{"type":"text","value":"    ..."}]},{"type":"element","tag":"span","props":{"style":"--shiki-default:#24292E;--shiki-dark:#E1E4E8"},"children":[{"type":"text","value":",\n"}]}]},{"type":"element","tag":"span","props":{"class":"line","line":14},"children":[{"type":"element","tag":"span","props":{"style":"--shiki-default:#24292E;--shiki-dark:#E1E4E8"},"children":[{"type":"text","value":"  ],\n"}]}]},{"type":"element","tag":"span","props":{"class":"line","line":15},"children":[{"type":"element","tag":"span","props":{"style":"--shiki-default:#24292E;--shiki-dark:#E1E4E8"},"children":[{"type":"text","value":"});\n"}]}]}]}]},{"type":"element","tag":"p","props":{},"children":[{"type":"text","value":"然后在 "},{"type":"element","tag":"code","props":{"className":[]},"children":[{"type":"text","value":"src/main.ts"}]},{"type":"text","value":" 或 "},{"type":"element","tag":"code","props":{"className":[]},"children":[{"type":"text","value":"src/main.js"}]},{"type":"text","value":" 处自行添加 polyfill。以下是使用 "},{"type":"element","tag":"a","props":{"href":"https://github.com/zloirock/core-js","rel":["nofollow"]},"children":[{"type":"text","value":"core-js"}]},{"type":"text","value":" 的示例（需要自行安装 "},{"type":"element","tag":"code","props":{"className":[]},"children":[{"type":"text","value":"core-js"}]},{"type":"text","value":"），你也可以使用 "},{"type":"element","tag":"a","props":{"href":"https://github.com/es-shims","rel":["nofollow"]},"children":[{"type":"text","value":"es-shims"}]},{"type":"text","value":"。"}]},{"type":"element","tag":"pre","props":{"className":"language-typescript shiki shiki-themes github-light github-dark","code":"// 你可以根据需要自行添加额外的 polyfills\n// import 'core-js/actual/object/values'\nimport { createSSRApp } from 'vue'\nimport App from './App.vue'\nimport 'core-js/actual/array/iterator'\nimport 'core-js/actual/promise'\nimport 'core-js/actual/object/assign'\nimport 'core-js/actual/promise/finally'\n\nexport function createApp() {\n  const app = createSSRApp(App)\n  return {\n    app,\n  }\n}\n","filename":"src/main.ts","language":"typescript","meta":"","style":""},"children":[{"type":"element","tag":"code","props":{"__ignoreMap":""},"children":[{"type":"element","tag":"span","props":{"class":"line","line":1},"children":[{"type":"element","tag":"span","props":{"style":"--shiki-default:#6A737D;--shiki-dark:#6A737D"},"children":[{"type":"text","value":"// 你可以根据需要自行添加额外的 polyfills\n"}]}]},{"type":"element","tag":"span","props":{"class":"line","line":2},"children":[{"type":"element","tag":"span","props":{"style":"--shiki-default:#6A737D;--shiki-dark:#6A737D"},"children":[{"type":"text","value":"// import 'core-js/actual/object/values'\n"}]}]},{"type":"element","tag":"span","props":{"class":"line","line":3},"children":[{"type":"element","tag":"span","props":{"style":"--shiki-default:#D73A49;--shiki-dark:#F97583"},"children":[{"type":"text","value":"import"}]},{"type":"element","tag":"span","props":{"style":"--shiki-default:#24292E;--shiki-dark:#E1E4E8"},"children":[{"type":"text","value":" { createSSRApp } "}]},{"type":"element","tag":"span","props":{"style":"--shiki-default:#D73A49;--shiki-dark:#F97583"},"children":[{"type":"text","value":"from"}]},{"type":"element","tag":"span","props":{"style":"--shiki-default:#032F62;--shiki-dark:#9ECBFF"},"children":[{"type":"text","value":" 'vue'\n"}]}]},{"type":"element","tag":"span","props":{"class":"line","line":4},"children":[{"type":"element","tag":"span","props":{"style":"--shiki-default:#D73A49;--shiki-dark:#F97583"},"children":[{"type":"text","value":"import"}]},{"type":"element","tag":"span","props":{"style":"--shiki-default:#24292E;--shiki-dark:#E1E4E8"},"children":[{"type":"text","value":" App "}]},{"type":"element","tag":"span","props":{"style":"--shiki-default:#D73A49;--shiki-dark:#F97583"},"children":[{"type":"text","value":"from"}]},{"type":"element","tag":"span","props":{"style":"--shiki-default:#032F62;--shiki-dark:#9ECBFF"},"children":[{"type":"text","value":" './App.vue'\n"}]}]},{"type":"element","tag":"span","props":{"class":"line","line":5},"children":[{"type":"element","tag":"span","props":{"style":"--shiki-default:#D73A49;--shiki-dark:#F97583"},"children":[{"type":"text","value":"import"}]},{"type":"element","tag":"span","props":{"style":"--shiki-default:#032F62;--shiki-dark:#9ECBFF"},"children":[{"type":"text","value":" 'core-js/actual/array/iterator'\n"}]}]},{"type":"element","tag":"span","props":{"class":"line","line":6},"children":[{"type":"element","tag":"span","props":{"style":"--shiki-default:#D73A49;--shiki-dark:#F97583"},"children":[{"type":"text","value":"import"}]},{"type":"element","tag":"span","props":{"style":"--shiki-default:#032F62;--shiki-dark:#9ECBFF"},"children":[{"type":"text","value":" 'core-js/actual/promise'\n"}]}]},{"type":"element","tag":"span","props":{"class":"line","line":7},"children":[{"type":"element","tag":"span","props":{"style":"--shiki-default:#D73A49;--shiki-dark:#F97583"},"children":[{"type":"text","value":"import"}]},{"type":"element","tag":"span","props":{"style":"--shiki-default:#032F62;--shiki-dark:#9ECBFF"},"children":[{"type":"text","value":" 'core-js/actual/object/assign'\n"}]}]},{"type":"element","tag":"span","props":{"class":"line","line":8},"children":[{"type":"element","tag":"span","props":{"style":"--shiki-default:#D73A49;--shiki-dark:#F97583"},"children":[{"type":"text","value":"import"}]},{"type":"element","tag":"span","props":{"style":"--shiki-default:#032F62;--shiki-dark:#9ECBFF"},"children":[{"type":"text","value":" 'core-js/actual/promise/finally'\n"}]}]},{"type":"element","tag":"span","props":{"class":"line","line":9},"children":[{"type":"element","tag":"span","props":{"emptyLinePlaceholder":true},"children":[{"type":"text","value":"\n"}]}]},{"type":"element","tag":"span","props":{"class":"line","line":10},"children":[{"type":"element","tag":"span","props":{"style":"--shiki-default:#D73A49;--shiki-dark:#F97583"},"children":[{"type":"text","value":"export"}]},{"type":"element","tag":"span","props":{"style":"--shiki-default:#D73A49;--shiki-dark:#F97583"},"children":[{"type":"text","value":" function"}]},{"type":"element","tag":"span","props":{"style":"--shiki-default:#6F42C1;--shiki-dark:#B392F0"},"children":[{"type":"text","value":" createApp"}]},{"type":"element","tag":"span","props":{"style":"--shiki-default:#24292E;--shiki-dark:#E1E4E8"},"children":[{"type":"text","value":"() {\n"}]}]},{"type":"element","tag":"span","props":{"class":"line","line":11},"children":[{"type":"element","tag":"span","props":{"style":"--shiki-default:#D73A49;--shiki-dark:#F97583"},"children":[{"type":"text","value":"  const"}]},{"type":"element","tag":"span","props":{"style":"--shiki-default:#005CC5;--shiki-dark:#79B8FF"},"children":[{"type":"text","value":" app"}]},{"type":"element","tag":"span","props":{"style":"--shiki-default:#D73A49;--shiki-dark:#F97583"},"children":[{"type":"text","value":" ="}]},{"type":"element","tag":"span","props":{"style":"--shiki-default:#6F42C1;--shiki-dark:#B392F0"},"children":[{"type":"text","value":" createSSRApp"}]},{"type":"element","tag":"span","props":{"style":"--shiki-default:#24292E;--shiki-dark:#E1E4E8"},"children":[{"type":"text","value":"(App)\n"}]}]},{"type":"element","tag":"span","props":{"class":"line","line":12},"children":[{"type":"element","tag":"span","props":{"style":"--shiki-default:#D73A49;--shiki-dark:#F97583"},"children":[{"type":"text","value":"  return"}]},{"type":"element","tag":"span","props":{"style":"--shiki-default:#24292E;--shiki-dark:#E1E4E8"},"children":[{"type":"text","value":" {\n"}]}]},{"type":"element","tag":"span","props":{"class":"line","line":13},"children":[{"type":"element","tag":"span","props":{"style":"--shiki-default:#24292E;--shiki-dark:#E1E4E8"},"children":[{"type":"text","value":"    app,\n"}]}]},{"type":"element","tag":"span","props":{"class":"line","line":14},"children":[{"type":"element","tag":"span","props":{"style":"--shiki-default:#24292E;--shiki-dark:#E1E4E8"},"children":[{"type":"text","value":"  }\n"}]}]},{"type":"element","tag":"span","props":{"class":"line","line":15},"children":[{"type":"element","tag":"span","props":{"style":"--shiki-default:#24292E;--shiki-dark:#E1E4E8"},"children":[{"type":"text","value":"}\n"}]}]}]}]},{"type":"element","tag":"p","props":{},"children":[{"type":"text","value":"微信小程序的 JavaScript 支持度见 "},{"type":"element","tag":"a","props":{"href":"https://github.com/wechat-miniprogram/miniprogram-compat","rel":["nofollow"]},"children":[{"type":"text","value":"wechat-miniprogram/miniprogram-compat"}]},{"type":"text","value":"。微信小程序要支持 "},{"type":"element","tag":"code","props":{"className":[]},"children":[{"type":"text","value":"vue3"}]},{"type":"text","value":"，需设置基础库最低版本为 2.11.2 或以上，2.11.2 对应 "},{"type":"element","tag":"code","props":{"className":[]},"children":[{"type":"text","value":"chrome>=53,ios>=10"}]},{"type":"text","value":"。"}]},{"type":"element","tag":"h2","props":{"id":"延伸"},"children":[{"type":"text","value":"延伸"}]},{"type":"element","tag":"p","props":{},"children":[{"type":"element","tag":"del","props":{},"children":[{"type":"text","value":"如果你觉得这个库有用，你可以到 "},{"type":"element","tag":"a","props":{"href":"https://github.com/dcloudio/uni-app/issues/4084","rel":["nofollow"]},"children":[{"type":"text","value":"这个 ISSUE"}]},{"type":"text","value":" 投票，鼓励官方引入支持。"}]}]},{"type":"element","tag":"p","props":{},"children":[{"type":"text","value":"尽管 "},{"type":"element","tag":"code","props":{"className":[]},"children":[{"type":"text","value":"@dcloudio/types@3.3.0"}]},{"type":"text","value":" 开始提供基于 Promise 的类型定义，但它不能正确地同时支持 Vue 2 和 Vue 3，需要手动适配。而这个库基于回调方法封装 Promise，能正确地同时支持 Vue 2 和 Vue 3。"}]},{"type":"element","tag":"p","props":{},"children":[{"type":"text","value":"在官方提供的类型定义不能覆盖这个库之前，这个库依旧保持维护。"}]},{"type":"element","tag":"h2","props":{"id":"致谢"},"children":[{"type":"text","value":"致谢"}]},{"type":"element","tag":"ul","props":{},"children":[{"type":"element","tag":"li","props":{},"children":[{"type":"element","tag":"a","props":{"href":"https://github.com/nervjs/taro","rel":["nofollow"]},"children":[{"type":"text","value":"taro"}]}]}]},{"type":"element","tag":"style","props":{},"children":[{"type":"text","value":"html .default .shiki span {color: var(--shiki-default);background: var(--shiki-default-bg);font-style: var(--shiki-default-font-style);font-weight: var(--shiki-default-font-weight);text-decoration: var(--shiki-default-text-decoration);}html .shiki span {color: var(--shiki-default);background: var(--shiki-default-bg);font-style: var(--shiki-default-font-style);font-weight: var(--shiki-default-font-weight);text-decoration: var(--shiki-default-text-decoration);}html .dark .shiki span {color: var(--shiki-dark);background: var(--shiki-dark-bg);font-style: var(--shiki-dark-font-style);font-weight: var(--shiki-dark-font-weight);text-decoration: var(--shiki-dark-text-decoration);}html.dark .shiki span {color: var(--shiki-dark);background: var(--shiki-dark-bg);font-style: var(--shiki-dark-font-style);font-weight: var(--shiki-dark-font-weight);text-decoration: var(--shiki-dark-text-decoration);}"}]}],"toc":{"title":"","searchDepth":2,"depth":2,"links":[{"id":"起步","depth":2,"text":"起步","children":[{"id":"安装依赖","depth":3,"text":"安装依赖"}]},{"id":"api","depth":2,"text":"API"},{"id":"构建","depth":2,"text":"构建"},{"id":"延伸","depth":2,"text":"延伸"},{"id":"致谢","depth":2,"text":"致谢"}]}},"_type":"markdown","_id":"content:uni-promises:index.md","_source":"content","_file":"uni-promises/index.md","_stem":"uni-promises/index","_extension":"md"}