[{"_path":"/uni-typed/guide/getting-started","_dir":"guide","_draft":false,"_partial":false,"_locale":"","title":"起步","description":"为 uni-app 提供 TypeScript 类型定义，提升开发效率。","icon":"lucide:rocket","navTruncate":false,"badges":[{"value":"npm","to":"https://www.npmjs.com/package/@uni-helper/uni-typed","target":"_blank"},{"value":"source","icon":"lucide:code","to":"https://github.com/uni-helper/uni-typed","target":"_blank"}],"_type":"markdown","_id":"content:uni-typed:1.guide:2.getting-started.md","_source":"content","_file":"uni-typed/1.guide/2.getting-started.md","_stem":"uni-typed/1.guide/2.getting-started","_extension":"md"},{"_path":"/uni-typed/guide/uni-cloud-types","_dir":"guide","_draft":false,"_partial":false,"_locale":"","title":"uni-cloud-types","description":"为 Vue v3 uni-cloud 组件提供 TypeScript 类型","icon":"hugeicons:typescript-01","navTruncate":false,"badges":[{"value":"npm","to":"https://www.npmjs.com/package/@uni-helper//uni-cloud-types","target":"_blank"},{"value":"source","icon":"lucide:code","to":"https://github.com/uni-helper/uni-typed","target":"_blank"}],"_type":"markdown","_id":"content:uni-typed:1.guide:4.uni-cloud-types.md","_source":"content","_file":"uni-typed/1.guide/4.uni-cloud-types.md","_stem":"uni-typed/1.guide/4.uni-cloud-types","_extension":"md"}]