[{"_path":"/uni-network/guide/installation","_dir":"guide","_draft":false,"_partial":false,"_locale":"","title":"起步","description":"安装 @uni-helper/uni-network","navTruncate":false,"icon":"lucide:rocket","_type":"markdown","_id":"content:uni-network:1.guide:2.installation.md","_source":"content","_file":"uni-network/1.guide/2.installation.md","_stem":"uni-network/1.guide/2.installation","_extension":"md"},{"_path":"/uni-network/api/introduction","_dir":"api","_draft":false,"_partial":false,"_locale":"","title":"API","description":"可以直接向导入的 un 传递相关配置来发起请求。","navTruncate":false,"icon":"ant-design:api-outlined","_type":"markdown","_id":"content:uni-network:2.api:1.introduction.md","_source":"content","_file":"uni-network/2.api/1.introduction.md","_stem":"uni-network/2.api/1.introduction","_extension":"md"}]