[{"_path":"/axios-adapter","_dir":"","_draft":false,"_partial":false,"_locale":"","title":"axios-adapter","description":"适用于 Vue2 和 Vue3 的 uniapp Axios 适配器","navTruncate":false,"icon":"i-simple-icons:axios","badges":[{"value":"npm","to":"https://www.npmjs.com/package/@uni-helper/axios-adapter","target":"_blank"},{"value":"source","icon":"lucide:code","to":"https://github.com/uni-helper/axios-adapter","target":"_blank"},{"value":"赞助","icon":"lucide:coffee","to":"https://afdian.com/a/kejun","target":"_blank"}],"_type":"markdown","_id":"content:axios-adapter:index.md","_source":"content","_file":"axios-adapter/index.md","_stem":"axios-adapter/index","_extension":"md"},{"_path":"/create-uni/gui","_dir":"create-uni","_draft":false,"_partial":false,"_locale":"","title":"图形化界面","description":"图形化界面与脚手架的结合","icon":"lucide:app-window","navTruncate":false,"navBadges":[{"value":"New","type":"lime"}],"badges":[{"value":"npm","to":"https://www.npmjs.com/package/create-uni","target":"_blank"},{"value":"source","icon":"lucide:code","to":"https://github.com/uni-helper/create-uni","target":"_blank"},{"value":"赞助","icon":"lucide:coffee","to":"https://afdian.com/a/flippedround","target":"_blank"}],"_type":"markdown","_id":"content:create-uni:2.gui.md","_source":"content","_file":"create-uni/2.gui.md","_stem":"create-uni/2.gui","_extension":"md"}]