[{"_path":"/uni-typed/guide/uni-ui-types","_dir":"guide","_draft":false,"_partial":false,"_locale":"","title":"uni-ui-types","description":"为 Vue v3 uni-ui 组件提供 TypeScript 类型","icon":"hugeicons:typescript-01","navTruncate":false,"badges":[{"value":"npm","to":"https://www.npmjs.com/package/@uni-helper/uni-ui-types","target":"_blank"},{"value":"source","icon":"lucide:code","to":"https://github.com/uni-helper/uni-typed","target":"_blank"}],"_type":"markdown","_id":"content:uni-typed:1.guide:5.uni-ui-types.md","_source":"content","_file":"uni-typed/1.guide/5.uni-ui-types.md","_stem":"uni-typed/1.guide/5.uni-ui-types","_extension":"md"},{"_path":"/uni-typed/guide/uni-app-components","_dir":"guide","_draft":false,"_partial":false,"_locale":"","title":"uni-app-components","description":null,"icon":"hugeicons:typescript-01","navTruncate":false,"badges":[{"value":"npm","to":"https://www.npmjs.com/package/@uni-helper/uni-types","target":"_blank"},{"value":"source","icon":"lucide:code","to":"https://github.com/uni-helper/uni-typed","target":"_blank"}],"_type":"markdown","_id":"content:uni-typed:1.guide:7.uni-app-components.md","_source":"content","_file":"uni-typed/1.guide/7.uni-app-components.md","_stem":"uni-typed/1.guide/7.uni-app-components","_extension":"md"}]