[{"_path":"/vs-code/uni-cloud-snippets-vscode","_dir":"vs-code","_draft":false,"_partial":false,"_locale":"","title":"uni-cloud-snippets-vscode","description":"uni-cloud 的 VSCode 代码片段","icon":"ic:outline-snippet-folder","navTruncate":false,"badges":[{"value":"marketplace","to":"https://marketplace.visualstudio.com/items?itemName=uni-helper.uni-cloud-snippets-vscode","target":"_blank"},{"value":"source","icon":"lucide:code","to":"https://github.com/uni-helper/uni-cloud-snippets-vscode","target":"_blank"}],"_type":"markdown","_id":"content:vs-code:6.uni-cloud-snippets-vscode.md","_source":"content","_file":"vs-code/6.uni-cloud-snippets-vscode.md","_stem":"vs-code/6.uni-cloud-snippets-vscode","_extension":"md"},null]