[{"_path":"/uni-use/api/usedownloadfile","_dir":"api","_draft":false,"_partial":false,"_locale":"","title":"useDownloadFile","description":"uni.downloadFile 的封装，对标 @vueuse/core v10.7.1。使用方法参见 https://vueuse.org/integrations/useAxios/。","_type":"markdown","_id":"content:uni-use:2.api:useDownloadFile.md","_source":"content","_file":"uni-use/2.api/useDownloadFile.md","_stem":"uni-use/2.api/useDownloadFile","_extension":"md"},{"_path":"/uni-use/api/useinterceptor","_dir":"api","_draft":false,"_partial":false,"_locale":"","title":"useInterceptor","description":"设置拦截器。 支持拦截 sync 函数，并且 invoke 返回 false 将终止拦截器继续执行","_type":"markdown","_id":"content:uni-use:2.api:useInterceptor.md","_source":"content","_file":"uni-use/2.api/useInterceptor.md","_stem":"uni-use/2.api/useInterceptor","_extension":"md"}]