[{"_path":"/vite-plugin-uni-platform-modifier","_dir":"","_draft":false,"_partial":false,"_locale":"","title":"vite-plugin-uni-platform-modifier","description":"为属性、指令提供平台修饰符并按需编译","navTruncate":false,"icon":"octicon:diff-modified-16","badges":[{"value":"npm","to":"https://www.npmjs.com/package/@uni-helper/vite-plugin-uni-platform-modifier","target":"_blank"},{"value":"source","icon":"lucide:code","to":"https://github.com/uni-helper/vite-plugin-uni-platform-modifier","target":"_blank"}],"_type":"markdown","_id":"content:vite-plugin-uni-platform-modifier:index.md","_source":"content","_file":"vite-plugin-uni-platform-modifier/index.md","_stem":"vite-plugin-uni-platform-modifier/index","_extension":"md"},{"_path":"/vitesse-uni-app/getting-started/introduction","_dir":"getting-started","_draft":false,"_partial":false,"_locale":"","title":"介绍","description":"vitess-uni-app 是一个基于 Vue 和 uni-app 的开源模板，采用直观且可扩展的方式创建类型安全、高性能和生产级的跨端应用。你可以直接开始编写 .vue 文件，而无需从头开始配置。","icon":"lucide:notebook-text","_type":"markdown","_id":"content:vitesse-uni-app:1.getting-started:1.introduction.md","_source":"content","_file":"vitesse-uni-app/1.getting-started/1.introduction.md","_stem":"vitesse-uni-app/1.getting-started/1.introduction","_extension":"md"}]