{"_path":"/vitesse-uni-app/getting-started/installation","_dir":"getting-started","_draft":false,"_partial":false,"_locale":"","title":"起步","description":"你可以直接使用在线编辑器快速试用，或者使用终端在本地开始使用。","navTruncate":false,"icon":"lucide:rocket","body":{"type":"root","children":[{"type":"element","tag":"h2","props":{"id":"在线预览"},"children":[{"type":"text","value":"在线预览"}]},{"type":"element","tag":"show-vitesse","props":{},"children":[]},{"type":"element","tag":"h2","props":{"id":"在线试用"},"children":[{"type":"text","value":"在线试用"}]},{"type":"element","tag":"stack","props":{},"children":[{"type":"element","tag":"read-more","props":{"title":"StackBlitz","to":"https://stackblitz.com/github/uni-helper/vitesse-uni-app"},"children":[]},{"type":"element","tag":"playground","props":{"branch":"main","file":"src/pages/index.vue","provider":"stackblitz","repo":"uni-helper/vitesse-uni-app"},"children":[]}]},{"type":"element","tag":"h2","props":{"id":"添加为自己的模板"},"children":[{"type":"text","value":"添加为自己的模板"}]},{"type":"element","tag":"p","props":{},"children":[{"type":"text","value":"你可以使用 GitHub 模板创建自己的项目："}]},{"type":"element","tag":"ul","props":{},"children":[{"type":"element","tag":"li","props":{},"children":[{"type":"element","tag":"a","props":{"href":"https://github.com/uni-helper/vitesse-uni-app/generate","rel":["nofollow"]},"children":[{"type":"text","value":"GitHub Template"}]}]}]},{"type":"element","tag":"h2","props":{"id":"本地使用"},"children":[{"type":"text","value":"本地使用"}]},{"type":"element","tag":"h3","props":{"id":"前置依赖"},"children":[{"type":"text","value":"前置依赖"}]},{"type":"element","tag":"ul","props":{},"children":[{"type":"element","tag":"li","props":{},"children":[{"type":"element","tag":"strong","props":{},"children":[{"type":"text","value":"Node.js"}]},{"type":"text","value":" - v18.19.0 或者更高"}]},{"type":"element","tag":"li","props":{},"children":[{"type":"element","tag":"strong","props":{},"children":[{"type":"text","value":"文本编辑器"}]},{"type":"text","value":" - 推荐使用 "},{"type":"element","tag":"a","props":{"href":"https://code.visualstudio.com/","rel":["nofollow"]},"children":[{"type":"text","value":"VS Code"}]},{"type":"text","value":" 并使用 "},{"type":"element","tag":"a","props":{"href":"https://marketplace.visualstudio.com/items?itemName=Vue.volar","rel":["nofollow"]},"children":[{"type":"text","value":"Volar"}]},{"type":"text","value":" 插件"}]},{"type":"element","tag":"li","props":{},"children":[{"type":"element","tag":"strong","props":{},"children":[{"type":"text","value":"终端"}]},{"type":"text","value":" - 为了运行 "},{"type":"element","tag":"code","props":{"className":[]},"children":[{"type":"text","value":"uni"}]},{"type":"text","value":" 命令，Windows 推荐 Git Bash，Linux 和 macOS 推荐 zsh"}]}]},{"type":"element","tag":"steps","props":{},"children":[{"type":"element","tag":"h3","props":{"id":"打开终端然后使用以下命令"},"children":[{"type":"text","value":"打开终端，然后使用以下命令"}]},{"type":"element","tag":"code-group","props":{},"children":[{"type":"element","tag":"pre","props":{"className":"language-bash shiki shiki-themes github-light github-dark","code":"pnpm create uni <project-name> -t vitesse\n","filename":"create-uni","language":"bash","meta":"","style":""},"children":[{"type":"element","tag":"code","props":{"__ignoreMap":""},"children":[{"type":"element","tag":"span","props":{"class":"line","line":1},"children":[{"type":"element","tag":"span","props":{"style":"--shiki-default:#6F42C1;--shiki-dark:#B392F0"},"children":[{"type":"text","value":"pnpm"}]},{"type":"element","tag":"span","props":{"style":"--shiki-default:#032F62;--shiki-dark:#9ECBFF"},"children":[{"type":"text","value":" create"}]},{"type":"element","tag":"span","props":{"style":"--shiki-default:#032F62;--shiki-dark:#9ECBFF"},"children":[{"type":"text","value":" uni"}]},{"type":"element","tag":"span","props":{"style":"--shiki-default:#D73A49;--shiki-dark:#F97583"},"children":[{"type":"text","value":" <"}]},{"type":"element","tag":"span","props":{"style":"--shiki-default:#032F62;--shiki-dark:#9ECBFF"},"children":[{"type":"text","value":"project-nam"}]},{"type":"element","tag":"span","props":{"style":"--shiki-default:#24292E;--shiki-dark:#E1E4E8"},"children":[{"type":"text","value":"e"}]},{"type":"element","tag":"span","props":{"style":"--shiki-default:#D73A49;--shiki-dark:#F97583"},"children":[{"type":"text","value":">"}]},{"type":"element","tag":"span","props":{"style":"--shiki-default:#005CC5;--shiki-dark:#79B8FF"},"children":[{"type":"text","value":" -t"}]},{"type":"element","tag":"span","props":{"style":"--shiki-default:#032F62;--shiki-dark:#9ECBFF"},"children":[{"type":"text","value":" vitesse\n"}]}]}]}]},{"type":"element","tag":"pre","props":{"className":"language-bash shiki shiki-themes github-light github-dark","code":"pnpx degit uni-helper/vitesse-uni-app <project-name>\n","filename":"degit","language":"bash","meta":"","style":""},"children":[{"type":"element","tag":"code","props":{"__ignoreMap":""},"children":[{"type":"element","tag":"span","props":{"class":"line","line":1},"children":[{"type":"element","tag":"span","props":{"style":"--shiki-default:#6F42C1;--shiki-dark:#B392F0"},"children":[{"type":"text","value":"pnpx"}]},{"type":"element","tag":"span","props":{"style":"--shiki-default:#032F62;--shiki-dark:#9ECBFF"},"children":[{"type":"text","value":" degit"}]},{"type":"element","tag":"span","props":{"style":"--shiki-default:#032F62;--shiki-dark:#9ECBFF"},"children":[{"type":"text","value":" uni-helper/vitesse-uni-app"}]},{"type":"element","tag":"span","props":{"style":"--shiki-default:#D73A49;--shiki-dark:#F97583"},"children":[{"type":"text","value":" <"}]},{"type":"element","tag":"span","props":{"style":"--shiki-default:#032F62;--shiki-dark:#9ECBFF"},"children":[{"type":"text","value":"project-nam"}]},{"type":"element","tag":"span","props":{"style":"--shiki-default:#24292E;--shiki-dark:#E1E4E8"},"children":[{"type":"text","value":"e"}]},{"type":"element","tag":"span","props":{"style":"--shiki-default:#D73A49;--shiki-dark:#F97583"},"children":[{"type":"text","value":">\n"}]}]}]}]},{"type":"element","tag":"pre","props":{"className":"language-bash shiki shiki-themes github-light github-dark","code":"pnpx giget gh:uni-helper/vitesse-uni-app <project-name>\n","filename":"giget","language":"bash","meta":"","style":""},"children":[{"type":"element","tag":"code","props":{"__ignoreMap":""},"children":[{"type":"element","tag":"span","props":{"class":"line","line":1},"children":[{"type":"element","tag":"span","props":{"style":"--shiki-default:#6F42C1;--shiki-dark:#B392F0"},"children":[{"type":"text","value":"pnpx"}]},{"type":"element","tag":"span","props":{"style":"--shiki-default:#032F62;--shiki-dark:#9ECBFF"},"children":[{"type":"text","value":" giget"}]},{"type":"element","tag":"span","props":{"style":"--shiki-default:#032F62;--shiki-dark:#9ECBFF"},"children":[{"type":"text","value":" gh:uni-helper/vitesse-uni-app"}]},{"type":"element","tag":"span","props":{"style":"--shiki-default:#D73A49;--shiki-dark:#F97583"},"children":[{"type":"text","value":" <"}]},{"type":"element","tag":"span","props":{"style":"--shiki-default:#032F62;--shiki-dark:#9ECBFF"},"children":[{"type":"text","value":"project-nam"}]},{"type":"element","tag":"span","props":{"style":"--shiki-default:#24292E;--shiki-dark:#E1E4E8"},"children":[{"type":"text","value":"e"}]},{"type":"element","tag":"span","props":{"style":"--shiki-default:#D73A49;--shiki-dark:#F97583"},"children":[{"type":"text","value":">\n"}]}]}]}]}]},{"type":"element","tag":"h3","props":{"id":"在-vs-code-中打开项目文件夹"},"children":[{"type":"text","value":"在 VS Code 中打开项目文件夹"}]},{"type":"element","tag":"pre","props":{"className":"language-bash shiki shiki-themes github-light github-dark","code":"code <project-name>\n","filename":"terminal","language":"bash","meta":"","style":""},"children":[{"type":"element","tag":"code","props":{"__ignoreMap":""},"children":[{"type":"element","tag":"span","props":{"class":"line","line":1},"children":[{"type":"element","tag":"span","props":{"style":"--shiki-default:#6F42C1;--shiki-dark:#B392F0"},"children":[{"type":"text","value":"code"}]},{"type":"element","tag":"span","props":{"style":"--shiki-default:#D73A49;--shiki-dark:#F97583"},"children":[{"type":"text","value":" <"}]},{"type":"element","tag":"span","props":{"style":"--shiki-default:#032F62;--shiki-dark:#9ECBFF"},"children":[{"type":"text","value":"project-nam"}]},{"type":"element","tag":"span","props":{"style":"--shiki-default:#24292E;--shiki-dark:#E1E4E8"},"children":[{"type":"text","value":"e"}]},{"type":"element","tag":"span","props":{"style":"--shiki-default:#D73A49;--shiki-dark:#F97583"},"children":[{"type":"text","value":">\n"}]}]}]}]},{"type":"element","tag":"h3","props":{"id":"安装依赖"},"children":[{"type":"text","value":"安装依赖"}]},{"type":"element","tag":"pm-install","props":{},"children":[]},{"type":"element","tag":"h3","props":{"id":"开发"},"children":[{"type":"text","value":"开发"}]},{"type":"element","tag":"p","props":{},"children":[{"type":"text","value":"你可以使用 "},{"type":"element","tag":"code","props":{"className":[]},"children":[{"type":"text","value":"dev"}]},{"type":"text","value":" 命令直接启动 "},{"type":"element","tag":"code","props":{"className":[]},"children":[{"type":"text","value":"h5"}]},{"type":"text","value":" 模式的开发服务器"}]},{"type":"element","tag":"pm-run","props":{"script":"dev"},"children":[]},{"type":"element","tag":"h3","props":{"id":"跨端开发"},"children":[{"type":"text","value":"跨端开发"}]},{"type":"element","tag":"p","props":{},"children":[{"type":"text","value":"同样使用 "},{"type":"element","tag":"code","props":{"className":[]},"children":[{"type":"text","value":"dev"}]},{"type":"text","value":" 命令，不同的是你需要在空格后添加开发的平台标识（例如：mp-weixin、mp-alipay 等）。"}]},{"type":"element","tag":"pm-run","props":{"script":"dev <platform>"},"children":[]},{"type":"element","tag":"p","props":{},"children":[{"type":"text","value":"也可以在 "},{"type":"element","tag":"code","props":{"className":[]},"children":[{"type":"text","value":"package.json"}]},{"type":"text","value":" 中添加脚本，例如："}]},{"type":"element","tag":"pre","props":{"className":"language-json shiki shiki-themes github-light github-dark","code":"{\n  \"scripts\": {\n    \"dev:mp-weixin\": \"unh dev mp-weixin\",\n    \"build:mp-weixin\": \"unh build mp-weixin\"\n  }\n}\n","filename":"package.json","language":"json","meta":"","style":""},"children":[{"type":"element","tag":"code","props":{"__ignoreMap":""},"children":[{"type":"element","tag":"span","props":{"class":"line","line":1},"children":[{"type":"element","tag":"span","props":{"style":"--shiki-default:#24292E;--shiki-dark:#E1E4E8"},"children":[{"type":"text","value":"{\n"}]}]},{"type":"element","tag":"span","props":{"class":"line","line":2},"children":[{"type":"element","tag":"span","props":{"style":"--shiki-default:#005CC5;--shiki-dark:#79B8FF"},"children":[{"type":"text","value":"  \"scripts\""}]},{"type":"element","tag":"span","props":{"style":"--shiki-default:#24292E;--shiki-dark:#E1E4E8"},"children":[{"type":"text","value":": {\n"}]}]},{"type":"element","tag":"span","props":{"class":"line","line":3},"children":[{"type":"element","tag":"span","props":{"style":"--shiki-default:#005CC5;--shiki-dark:#79B8FF"},"children":[{"type":"text","value":"    \"dev:mp-weixin\""}]},{"type":"element","tag":"span","props":{"style":"--shiki-default:#24292E;--shiki-dark:#E1E4E8"},"children":[{"type":"text","value":": "}]},{"type":"element","tag":"span","props":{"style":"--shiki-default:#032F62;--shiki-dark:#9ECBFF"},"children":[{"type":"text","value":"\"unh dev mp-weixin\""}]},{"type":"element","tag":"span","props":{"style":"--shiki-default:#24292E;--shiki-dark:#E1E4E8"},"children":[{"type":"text","value":",\n"}]}]},{"type":"element","tag":"span","props":{"class":"line","line":4},"children":[{"type":"element","tag":"span","props":{"style":"--shiki-default:#005CC5;--shiki-dark:#79B8FF"},"children":[{"type":"text","value":"    \"build:mp-weixin\""}]},{"type":"element","tag":"span","props":{"style":"--shiki-default:#24292E;--shiki-dark:#E1E4E8"},"children":[{"type":"text","value":": "}]},{"type":"element","tag":"span","props":{"style":"--shiki-default:#032F62;--shiki-dark:#9ECBFF"},"children":[{"type":"text","value":"\"unh build mp-weixin\"\n"}]}]},{"type":"element","tag":"span","props":{"class":"line","line":5},"children":[{"type":"element","tag":"span","props":{"style":"--shiki-default:#24292E;--shiki-dark:#E1E4E8"},"children":[{"type":"text","value":"  }\n"}]}]},{"type":"element","tag":"span","props":{"class":"line","line":6},"children":[{"type":"element","tag":"span","props":{"style":"--shiki-default:#24292E;--shiki-dark:#E1E4E8"},"children":[{"type":"text","value":"}\n"}]}]}]}]},{"type":"element","tag":"p","props":{},"children":[{"type":"text","value":"更多内容请查看 "},{"type":"element","tag":"a","props":{"href":"/unh"},"children":[{"type":"text","value":"unh"}]},{"type":"text","value":"。"}]}]},{"type":"element","tag":"style","props":{},"children":[{"type":"text","value":"html .default .shiki span {color: var(--shiki-default);background: var(--shiki-default-bg);font-style: var(--shiki-default-font-style);font-weight: var(--shiki-default-font-weight);text-decoration: var(--shiki-default-text-decoration);}html .shiki span {color: var(--shiki-default);background: var(--shiki-default-bg);font-style: var(--shiki-default-font-style);font-weight: var(--shiki-default-font-weight);text-decoration: var(--shiki-default-text-decoration);}html .dark .shiki span {color: var(--shiki-dark);background: var(--shiki-dark-bg);font-style: var(--shiki-dark-font-style);font-weight: var(--shiki-dark-font-weight);text-decoration: var(--shiki-dark-text-decoration);}html.dark .shiki span {color: var(--shiki-dark);background: var(--shiki-dark-bg);font-style: var(--shiki-dark-font-style);font-weight: var(--shiki-dark-font-weight);text-decoration: var(--shiki-dark-text-decoration);}"}]}],"toc":{"title":"","searchDepth":2,"depth":2,"links":[{"id":"在线预览","depth":2,"text":"在线预览"},{"id":"在线试用","depth":2,"text":"在线试用"},{"id":"添加为自己的模板","depth":2,"text":"添加为自己的模板"},{"id":"本地使用","depth":2,"text":"本地使用","children":[{"id":"前置依赖","depth":3,"text":"前置依赖"},{"id":"打开终端然后使用以下命令","depth":3,"text":"打开终端，然后使用以下命令"},{"id":"在-vs-code-中打开项目文件夹","depth":3,"text":"在 VS Code 中打开项目文件夹"},{"id":"安装依赖","depth":3,"text":"安装依赖"},{"id":"开发","depth":3,"text":"开发"},{"id":"跨端开发","depth":3,"text":"跨端开发"}]}]}},"_type":"markdown","_id":"content:vitesse-uni-app:1.getting-started:2.installation.md","_source":"content","_file":"vitesse-uni-app/1.getting-started/2.installation.md","_stem":"vitesse-uni-app/1.getting-started/2.installation","_extension":"md"}