{"_path":"/uni-use/api/usesocket","_dir":"api","_draft":false,"_partial":false,"_locale":"","title":"useSocket","description":"uni-app 关于 socket 的封装，对标 @vueuse/core v10.7.1。使用方法参见 https://vueuse.org/core/useWebSocket/。","body":{"type":"root","children":[{"type":"element","tag":"h1","props":{"id":"usesocket"},"children":[{"type":"text","value":"useSocket"}]},{"type":"element","tag":"p","props":{},"children":[{"type":"element","tag":"code","props":{"className":[]},"children":[{"type":"text","value":"uni-app"}]},{"type":"text","value":" 关于 "},{"type":"element","tag":"code","props":{"className":[]},"children":[{"type":"text","value":"socket"}]},{"type":"text","value":" 的封装，对标 "},{"type":"element","tag":"code","props":{"className":[]},"children":[{"type":"text","value":"@vueuse/core"}]},{"type":"text","value":" v10.7.1。使用方法参见 "},{"type":"element","tag":"a","props":{"href":"https://vueuse.org/core/useWebSocket/","rel":["nofollow"]},"children":[{"type":"text","value":"https://vueuse.org/core/useWebSocket/"}]},{"type":"text","value":"。"}]},{"type":"element","tag":"p","props":{},"children":[{"type":"element","tag":"strong","props":{},"children":[{"type":"text","value":"返回值中含有 task，可自行操作。"}]}]}],"toc":{"title":"","searchDepth":2,"depth":2,"links":[]}},"_type":"markdown","_id":"content:uni-use:2.api:useSocket.md","_source":"content","_file":"uni-use/2.api/useSocket.md","_stem":"uni-use/2.api/useSocket","_extension":"md"}