[{"_path":"/uni-typed/other/migrate-v0-to-v1","_dir":"other","_draft":false,"_partial":false,"_locale":"","title":"从 v0 迁移到 v1","description":"迁移指南","icon":"carbon:migrate","navTruncate":false,"badges":[{"value":"npm","to":"https://www.npmjs.com/package/@uni-helper/uni-types","target":"_blank"},{"value":"source","icon":"lucide:code","to":"https://github.com/uni-helper/uni-typed","target":"_blank"}],"_type":"markdown","_id":"content:uni-typed:2.other:2.migrate-v0-to-v1.md","_source":"content","_file":"uni-typed/2.other/2.migrate-v0-to-v1.md","_stem":"uni-typed/2.other/2.migrate-v0-to-v1","_extension":"md"},{"_path":"/uni-use/guide/notice","_dir":"guide","_draft":false,"_partial":false,"_locale":"","title":"注意事项","description":null,"icon":"lucide:info","navTruncate":false,"badges":[{"value":"npm","to":"https://www.npmjs.com/package/@uni-helper/uni-use","target":"_blank"},{"value":"source","icon":"lucide:code","to":"https://github.com/uni-helper/uni-use","target":"_blank"}],"_type":"markdown","_id":"content:uni-use:1.guide:2.notice.md","_source":"content","_file":"uni-use/1.guide/2.notice.md","_stem":"uni-use/1.guide/2.notice","_extension":"md"}]