[{"id":"create-uni","title":"create-uni","icon":"i-codicon-package","description":"快速创建uni-app项目","npm":{"name":"create-uni","dependencies":[],"devDependencies":["@clack/prompts","@types/cross-spawn","@types/ejs","@types/minimist","cross-spawn","ejs","kolorist","minimist","@create-uni/config","@create-uni/shared"]}},{"id":"vitesse-uni-app","title":"vitesse-uni-app","icon":"i-carbon-campsite","description":"由 Vite & uni-app 驱动的跨端快速启动模板","npm":{"name":"vitesse-uni-app","dependencies":["@dcloudio/uni-app","@dcloudio/uni-app-harmony","@dcloudio/uni-app-plus","@dcloudio/uni-components","@dcloudio/uni-h5","@dcloudio/uni-mp-alipay","@dcloudio/uni-mp-baidu","@dcloudio/uni-mp-harmony","@dcloudio/uni-mp-jd","@dcloudio/uni-mp-kuaishou","@dcloudio/uni-mp-lark","@dcloudio/uni-mp-qq","@dcloudio/uni-mp-toutiao","@dcloudio/uni-mp-weixin","@dcloudio/uni-mp-xhs","@dcloudio/uni-quickapp-webview","@vueuse/core","vue","vue-i18n","vue-router"],"devDependencies":["@dcloudio/types","@dcloudio/uni-automator","@dcloudio/uni-cli-shared","@dcloudio/uni-stacktracey","@dcloudio/uni-vue-devtools","@dcloudio/vite-plugin-uni","@iconify-json/carbon","@mini-types/alipay","@types/node","@uni-helper/eslint-config","@uni-helper/plugin-uni","@uni-helper/unh","@uni-helper/uni-env","@uni-helper/uni-types","@uni-helper/unocss-preset-uni","@uni-helper/vite-plugin-uni-components","@uni-helper/vite-plugin-uni-layouts","@uni-helper/vite-plugin-uni-manifest","@uni-helper/vite-plugin-uni-pages","@unocss/eslint-config","@vue/runtime-core","@vue/tsconfig","eslint","lint-staged","miniprogram-api-typings","simple-git-hooks","typescript","unocss","unplugin-auto-import","vite","vite-plugin-uni-polyfill","vue-tsc"]}},{"id":"unh","title":"unh","icon":"i-lucide:mouse-pointer-click","description":"二次封装的启动命令，可以自定义 hooks","npm":{"name":"@uni-helper/unh","dependencies":["@uni-helper/uni-env","cac","consola","cross-spawn","dotenv","dotenv-expand","fs-extra","kolorist","local-pkg","minidev","moment","pathe","std-env","strip-ansi","unconfig"],"devDependencies":["@antfu/eslint-config","@types/cross-spawn","@types/fs-extra","@types/node","bumpp","eslint","lint-staged","simple-git-hooks","tinyexec","tsdown","typescript","vitest","vitest-package-exports"]}},{"id":"uni-network","title":"uni-network","icon":"i-carbon-content-delivery-network","description":"为 uni-app 打造的基于 Promise 的 HTTP 客户端","npm":{"name":"@uni-helper/uni-network","dependencies":["vue-demi","statuses-es","lodash.merge","@dcloudio/types","fast-querystring","@types/lodash.merge"],"devDependencies":["vue","@vueuse/core","@ungap/url-search-params","@types/ungap__url-search-params"]}},{"id":"axios-adapter","title":"axios-adapter","icon":"i-simple-icons:axios","description":"为 uni-app 提供的 Axios 适配器","npm":{"name":"@uni-helper/axios-adapter","dependencies":["local-pkg","unplugin"],"devDependencies":["@antfu/eslint-config","@dcloudio/types","@types/node","axios","bumpp","eslint","msw","pnpm","rimraf","tsup","typescript","vite","vitest"]}},{"id":"plugin-uni","title":"plugin-uni","icon":"i-ph:union-fill","description":"支持ESM规范的uni-app插件","npm":{"name":"@uni-helper/plugin-uni","dependencies":[],"devDependencies":["vite","bumpp","eslint","lint-staged","simple-git-hooks","@antfu/eslint-config","@dcloudio/vite-plugin-uni"]}},{"id":"vite-plugin-uni-pages","title":"vite-plugin-uni-pages","icon":"i-lucide:file-scan","description":"在 Vite 驱动的 uni-app 上使用基于文件的路由系统","npm":{"name":"@uni-helper/vite-plugin-uni-pages","dependencies":["yaml","debug","json5","ast-kit","chokidar","kolorist","unconfig","fast-glob","typescript","@babel/types","comment-json","magic-string","detect-indent","detect-newline","lodash.groupby","proper-lockfile","@babel/generator","@vue/compiler-sfc","@uni-helper/uni-env","@types/proper-lockfile"],"devDependencies":["vite","cross-env","@types/node","@antfu/utils","@types/debug","@types/lodash.groupby","@types/babel__generator"]}},{"id":"vite-plugin-uni-layouts","title":"vite-plugin-uni-layouts","icon":"i-lucide:layout-dashboard","description":"为 Vite 下的 uni-app 提供类 nuxt 的 layouts 系统","npm":{"name":"@uni-helper/vite-plugin-uni-layouts","dependencies":["c12","scule","ast-kit","chokidar","fast-glob","@babel/types","jsonc-parser","magic-string","@vue/compiler-sfc","@vue/compiler-core","@uni-helper/uni-env"],"devDependencies":["vite","bumpp","eslint","vitest","unbuild","typescript","@types/node","@antfu/eslint-config"]}},{"id":"vite-plugin-uni-components","title":"vite-plugin-uni-components","icon":"i-carbon-workspace-import","description":"为 uni-app 提供基于文件的按需自动引入组件","npm":{"name":"@uni-helper/vite-plugin-uni-components","dependencies":["debug","resolve","chokidar","fast-glob","local-pkg","minimatch","@antfu/utils","magic-string","@rollup/pluginutils"],"devDependencies":["esno","bumpp","pathe","rollup","@types/node","@babel/types","@types/debug","@babel/parser","estree-walker","@types/resolve","@types/minimatch"]}},{"id":"vite-plugin-uni-manifest","title":"vite-plugin-uni-manifest","icon":"i-lucide:file-cog","description":"使用 TypeScript 来编写 uni-app 的 manifest.json","npm":{"name":"@uni-helper/vite-plugin-uni-manifest","dependencies":["c12"],"devDependencies":["vite"]}},{"id":"vite-plugin-uni-platform","title":"vite-plugin-uni-platform","icon":"i-carbon:platforms","description":"基于文件名 (*.<h5|mp-weixin|app>.*) 的按平台编译插件","npm":{"name":"@uni-helper/vite-plugin-uni-platform","dependencies":["@uni-helper/uni-env"],"devDependencies":["esno","vite","bumpp","eslint","vitest","unbuild","typescript","@types/node","@uni-helper/eslint-config"]}},{"id":"vite-plugin-uni-platform-modifier","title":"vite-plugin-uni-platform-modifier","icon":"i-octicon:diff-modified-16","description":"为属性、指令提供平台修饰符并按需编译","npm":{"name":"@uni-helper/vite-plugin-uni-platform-modifier","dependencies":["fast-glob","magic-string","@vue/compiler-dom","@vue/compiler-core","@uni-helper/uni-env"],"devDependencies":["esno","vite","bumpp","eslint","vitest","unbuild","typescript","@types/node","@antfu/eslint-config","@vitest/coverage-istanbul"]}},{"id":"vite-plugin-uni-middleware","title":"vite-plugin-uni-middleware","icon":"i-mdi:middleware","description":"为 uni-app 提供中间件支持","npm":{"name":"@uni-helper/vite-plugin-uni-middleware","dependencies":["scule","fast-glob","jsonc-parser"],"devDependencies":["vue","tsup","vite","bumpp","typescript","@types/node","@dcloudio/types"]}},{"id":"unocss-preset-uni","title":"unocss-preset-uni","icon":"i-logos:unocss","description":"为 uni-app 提供 UnoCSS 的预设","npm":{"name":"@uni-helper/unocss-preset-uni","dependencies":["@uni-helper/uni-env"],"devDependencies":["esno","vite","bumpp","eslint","unocss","vitest","unbuild","typescript","@types/node","@unocss/vite","unocss-applet","@unocss/rule-utils","@unocss/preset-mini","@uni-helper/eslint-config","@unocss/preset-legacy-compat"]}},{"id":"uni-helper-vscode","title":"uni-helper-vscode","icon":"i-codicon-package","description":"为 VS Code 提供 uni-app 的开发体验","npm":{"name":"uni-helper-vscode","dependencies":[],"devDependencies":["@commitlint/cli","@commitlint/config-conventional","@commitlint/prompt","@modyqyw/fabric","@tsconfig/node18","@types/node","@typescript-eslint/eslint-plugin","@typescript-eslint/parser","@vscode/vsce","bumpp","commitizen","eslint","husky","is-ci","lint-staged","markdownlint-cli","npm-run-all","ovsx","prettier","release-it","taze","tsx","typescript"]}},{"id":"uni-highlight-vscode","title":"uni-highlight-vscode","icon":"i-carbon:text-highlight","description":"在 VS Code 中对条件编译的代码注释部分提供了语法高亮","npm":{"name":"uni-highlight-vscode","dependencies":[],"devDependencies":["@antfu/eslint-config","@antfu/ni","@antfu/utils","@types/node","@types/vscode","@vscode/vsce","bumpp","concurrently","eslint","fastest-levenshtein","ovsx","pnpm","tsup","typescript","vite","vitest"]}},{"id":"uni-app-schemas-vscode","title":"uni-app-schemas-vscode","icon":"i-codicon-json","description":"为 VS Code 提供 uni-app 的 JSON Schema 支持","npm":{"name":"uni-app-schemas-vscode","dependencies":[],"devDependencies":["@biomejs/biome","@commitlint/cli","@commitlint/config-conventional","@tsconfig/node24","@types/node","@uni-helper/manifest-json-schema","@uni-helper/pages-json-schema","@vscode/vsce","bumpp","concurrently","is-ci","lefthook","ovsx","simple-git","tsx","typescript","ultracite"]}},{"id":"uni-app-snippets-vscode","title":"uni-app-snippets-vscode","icon":"i-ic:outline-snippet-folder","description":"为 VS Code 提供 uni-app 的代码片段","npm":{"name":"uni-app-snippets-vscode","dependencies":[],"devDependencies":["@commitlint/cli","@commitlint/config-conventional","@commitlint/prompt","@modyqyw/fabric","@tsconfig/node20","@types/node","@typescript-eslint/eslint-plugin","@typescript-eslint/parser","@vscode/vsce","bumpp","commitizen","concurrently","eslint","is-ci","lint-staged","markdownlint-cli","ovsx","prettier","simple-git","simple-git-hooks","taze","tsx","typescript"]}},{"id":"uni-ui-snippets-vscode","title":"uni-ui-snippets-vscode","icon":"i-ic:outline-snippet-folder","description":"为 VS Code 提供 uni-ui 的组件代码片段","npm":{"name":"uni-ui-snippets-vscode","dependencies":[],"devDependencies":["@commitlint/cli","@commitlint/config-conventional","@commitlint/prompt","@modyqyw/fabric","@tsconfig/node20","@types/node","@typescript-eslint/eslint-plugin","@typescript-eslint/parser","@vscode/vsce","bumpp","commitizen","concurrently","eslint","is-ci","lint-staged","markdownlint-cli","ovsx","prettier","simple-git","simple-git-hooks","taze","tsx","typescript"]}},{"id":"uni-cloud-snippets-vscode","title":"uni-cloud-snippets-vscode","icon":"i-ic:outline-snippet-folder","description":"为 VS Code 提供 uni-cloud 的代码片段","npm":{"name":"uni-cloud-snippets-vscode","dependencies":[],"devDependencies":["@commitlint/cli","@commitlint/config-conventional","@commitlint/prompt","@modyqyw/fabric","@tsconfig/node20","@types/node","@typescript-eslint/eslint-plugin","@typescript-eslint/parser","@vscode/vsce","bumpp","commitizen","concurrently","eslint","is-ci","lint-staged","markdownlint-cli","ovsx","prettier","simple-git","simple-git-hooks","taze","tsx","typescript"]}},{"id":"uni-create-view","title":"uni-create-view","icon":"i-ic:outline-create-new-folder","description":"为 VS Code 提供 uni-app 的快速创建页面、组件等功能","npm":{"name":"create-uniapp-view","dependencies":["comment-json","ejs","fs-extra","glob","slash"],"devDependencies":["@types/ejs","@types/fs-extra","@types/glob","@types/mocha","@types/node","@types/vscode","@vscode/vsce","eslint","mocha","typescript"]}},{"id":"uni-typed","title":"uni-typed","icon":"i-hugeicons:typescript-01","description":"为 uni-app 提供 TypeScript 类型定义","npm":{"name":"@uni-helper/uni-app-types","dependencies":[],"devDependencies":["vue"]}},{"id":"uni-devtools","title":"uni-devtools","icon":"i-carbon:executable-program","description":"为 uni-app 提供的开发者工具","npm":{"name":"@uni-helper/devtools","dependencies":["ws","zod","glob","mime","open","sirv","tsup","acorn","execa","json5","polka","consola","fs-extra","local-pkg","acorn-walk","image-meta","body-parser","detect-port","@trpc/client","@trpc/server","magic-string","launch-editor","@vue/compiler-sfc","@vue/devtools-kit","@webviewjs/webview","@uni-helper/uni-env","vite-plugin-inspect","error-stack-parser-es","@uni-helper/devtools-kit","vite-plugin-vue-devtools","@uni-helper/devtools-types","@uni-helper/devtools-shared"],"devDependencies":["vite","unbuild","posthtml","@types/ws","@types/polka","@dcloudio/types","@types/fs-extra","@types/minimist","@types/detect-port"]}},{"id":"uni-use","title":"uni-use","icon":"i-logos:vueuse","description":"为 uni-app 提供的组合式 API","npm":{"name":"@uni-helper/uni-use","dependencies":["@vueuse/core","@dcloudio/types","@dcloudio/uni-app"],"devDependencies":["tsx","vue","taze","vite","bumpp","is-ci","eslint","vitest","publint","ts-node","unbuild","prettier","fast-glob","vitepress","commitizen","typescript","@types/node","lint-staged","concurrently","@commitlint/cli","@tsconfig/node18","simple-git-hooks","@commitlint/prompt","@antfu/eslint-config","@dcloudio/uni-cli-shared","@dcloudio/vite-plugin-uni","@typescript-eslint/parser","@commitlint/config-conventional","@typescript-eslint/eslint-plugin"]}},{"id":"uni-promises","title":"uni-promises","icon":"i-lucide-refresh-ccw-dot","description":"为 uni-app 提供的 Promise 相关 API","npm":{"name":"@uni-helper/uni-promises","dependencies":["@dcloudio/types"],"devDependencies":["tsx","vue","taze","bumpp","is-ci","eslint","publint","ts-node","unbuild","prettier","commitizen","typescript","@types/node","lint-staged","concurrently","@commitlint/cli","@modyqyw/fabric","@tsconfig/node18","markdownlint-cli","simple-git-hooks","@commitlint/prompt","@typescript-eslint/parser","@commitlint/config-conventional","@typescript-eslint/eslint-plugin"]}},{"id":"eslint-config","title":"eslint-config","icon":"i-simple-icons:eslint","description":"为 uni-app 提供的 ESLint 规则","npm":{"name":"@uni-helper/eslint-config","dependencies":["local-pkg","@eslint/eslintrc","@antfu/eslint-config","eslint-flat-config-utils"],"devDependencies":["tsx","bumpp","execa","eslint","tsdown","vitest","fs-extra","fast-glob","typescript","@types/node","@types/fs-extra"]}},{"id":"awesome-uni-app","title":"awesome-uni-app","icon":"i-simple-icons:awesomelists","description":"多端统一开发框架 uni-app 优秀学习资源汇总"},{"id":"uni-env","title":"uni-env","icon":"i-carbon:chart-network","description":"在 uni-app 中优雅地判断当前环境","npm":{"name":"@uni-helper/uni-env","dependencies":["std-env"],"devDependencies":["esno","bumpp","eslint","tsdown","vitest","typescript","@types/node","@antfu/eslint-config"]}},{"id":"uni-deploy","title":"uni-deploy","icon":"i-material-symbols:deployed-code-update-outline-rounded","description":"uni-app 构建工具","npm":{"name":"@uni-helper/uni-deploy","dependencies":["got","pino","dotenv","globby","minidev","p-retry","unconfig","commander","picocolors","pino-pretty","dotenv-expand","miniprogram-ci","update-notifier","strip-json-comments"],"devDependencies":["c8","tsx","vue","husky","is-ci","eslint","lodash","vitest","ts-node","prettier","lodash-es","@vitest/ui","commitizen","release-it","typescript","@babel/core","@types/node","lint-staged","npm-run-all","@types/lodash","@modyqyw/utils","lodash-unified","@commitlint/cli","@modyqyw/fabric","@tsconfig/node18","@types/lodash-es","markdownlint-cli","@commitlint/prompt","@vitest/coverage-c8","@babel/eslint-parser","@types/update-notifier","@typescript-eslint/parser","@commitlint/config-conventional","@typescript-eslint/eslint-plugin"]}},{"id":"hbuilderx-cli","title":"hbuilderx-cli","icon":"i-carbon:build-tool","description":"HBuilderX cli 的 CJS/ESM 包装","npm":{"name":"@uni-helper/hbuilderx-cli","dependencies":["c12","execa","std-env"],"devDependencies":["esno","vite","bumpp","eslint","vitest","unbuild","typescript","@types/node","@vitest/coverage-c8","@antfu/eslint-config"]}},{"id":"hbuilderx-vanilla","title":"hbuilderx-vanilla","icon":"i-carbon:package","description":"优雅地在Linux环境下构建uni-app项目的wgt热更新包"}]