[{"url":"https://github.com/uni-helper/create-uni/releases/tag/mcp-v0.1.8","icon":"i-codicon-package","repo":"uni-helper/create-uni","tag":"mcp-v0.1.8","title":"mcp-v0.1.8","date":"2025-12-22T03:05:50Z","body":{"type":"root","children":[{"type":"element","tag":"p","props":{},"children":[{"type":"element","tag":"em","props":{},"children":[{"type":"text","value":"No significant changes"}]}]},{"type":"element","tag":"h5","props":{"id":"view-changes-on-github"},"children":[{"type":"text","value":"    "},{"type":"element","tag":"a","props":{"href":"https://github.com/uni-helper/create-uni/compare/info-v0.1.9...mcp-v0.1.8","rel":["nofollow"]},"children":[{"type":"text","value":"View changes on GitHub"}]}]}]}},{"url":"https://github.com/uni-helper/create-uni/releases/tag/info-v0.1.9","icon":"i-codicon-package","repo":"uni-helper/create-uni","tag":"info-v0.1.9","title":"info-v0.1.9","date":"2025-12-22T02:01:18Z","body":{"type":"root","children":[{"type":"element","tag":"h3","props":{"id":"bug-fixes"},"children":[{"type":"text","value":"   🐞 Bug Fixes"}]},{"type":"element","tag":"ul","props":{},"children":[{"type":"element","tag":"li","props":{},"children":[{"type":"text","value":"修复依赖信息中未处理空值的问题  -  by @FliPPeDround "},{"type":"element","tag":"a","props":{"href":"https://github.com/uni-helper/create-uni/commit/7b51bec","rel":["nofollow"]},"children":[{"type":"element","tag":"samp","props":{},"children":[{"type":"text","value":"(7b51b)"}]}]}]},{"type":"element","tag":"li","props":{},"children":[{"type":"text","value":"为未安装的依赖添加中文提示  -  by @FliPPeDround "},{"type":"element","tag":"a","props":{"href":"https://github.com/uni-helper/create-uni/commit/d3b0c81","rel":["nofollow"]},"children":[{"type":"element","tag":"samp","props":{},"children":[{"type":"text","value":"(d3b0c)"}]}]}]}]},{"type":"element","tag":"h5","props":{"id":"view-changes-on-github"},"children":[{"type":"text","value":"    "},{"type":"element","tag":"a","props":{"href":"https://github.com/uni-helper/create-uni/compare/core-v2.9.0...info-v0.1.9","rel":["nofollow"]},"children":[{"type":"text","value":"View changes on GitHub"}]}]}]}},{"url":"https://github.com/uni-helper/axios-adapter/releases/tag/v1.5.3","icon":"i-simple-icons:axios","repo":"uni-helper/axios-adapter","tag":"v1.5.3","title":"v1.5.3","date":"2025-12-19T12:40:18Z","body":{"type":"root","children":[{"type":"element","tag":"h3","props":{"id":"bug-fixes"},"children":[{"type":"text","value":"   🐞 Bug Fixes"}]},{"type":"element","tag":"ul","props":{},"children":[{"type":"element","tag":"li","props":{},"children":[{"type":"text","value":"Fix headers parse  -  by @Vanisper in "},{"type":"element","tag":"a","props":{"href":"https://github.com/uni-helper/axios-adapter/issues/42","rel":["nofollow"]},"children":[{"type":"text","value":"https://github.com/uni-helper/axios-adapter/issues/42"}]},{"type":"text","value":" "},{"type":"element","tag":"a","props":{"href":"https://github.com/uni-helper/axios-adapter/commit/1a01a00","rel":["nofollow"]},"children":[{"type":"element","tag":"samp","props":{},"children":[{"type":"text","value":"(1a01a)"}]}]}]},{"type":"element","tag":"li","props":{},"children":[{"type":"text","value":"兼容安卓钉钉返回header格式  -  by @agileago in "},{"type":"element","tag":"a","props":{"href":"https://github.com/uni-helper/axios-adapter/issues/53","rel":["nofollow"]},"children":[{"type":"text","value":"https://github.com/uni-helper/axios-adapter/issues/53"}]},{"type":"text","value":" "},{"type":"element","tag":"a","props":{"href":"https://github.com/uni-helper/axios-adapter/commit/9365032","rel":["nofollow"]},"children":[{"type":"element","tag":"samp","props":{},"children":[{"type":"text","value":"(93650)"}]}]}]},{"type":"element","tag":"li","props":{},"children":[{"type":"element","tag":"strong","props":{},"children":[{"type":"text","value":"deps"}]},{"type":"text","value":":\n"},{"type":"element","tag":"ul","props":{},"children":[{"type":"element","tag":"li","props":{},"children":[{"type":"text","value":"Update @dcloudio to v3.0.0-alpha-3090420231023001  -  in "},{"type":"element","tag":"a","props":{"href":"https://github.com/uni-helper/axios-adapter/issues/19","rel":["nofollow"]},"children":[{"type":"text","value":"https://github.com/uni-helper/axios-adapter/issues/19"}]},{"type":"text","value":" "},{"type":"element","tag":"a","props":{"href":"https://github.com/uni-helper/axios-adapter/commit/f7e06ea","rel":["nofollow"]},"children":[{"type":"element","tag":"samp","props":{},"children":[{"type":"text","value":"(f7e06)"}]}]}]},{"type":"element","tag":"li","props":{},"children":[{"type":"text","value":"Update all non-major dependencies  -  in "},{"type":"element","tag":"a","props":{"href":"https://github.com/uni-helper/axios-adapter/issues/20","rel":["nofollow"]},"children":[{"type":"text","value":"https://github.com/uni-helper/axios-adapter/issues/20"}]},{"type":"text","value":" "},{"type":"element","tag":"a","props":{"href":"https://github.com/uni-helper/axios-adapter/commit/df36022","rel":["nofollow"]},"children":[{"type":"element","tag":"samp","props":{},"children":[{"type":"text","value":"(df360)"}]}]}]},{"type":"element","tag":"li","props":{},"children":[{"type":"text","value":"Update dependency axios to v1.7.4 "},{"type":"element","tag":"span","props":{},"children":[{"type":"text","value":"security"}]},{"type":"text","value":"  -  in "},{"type":"element","tag":"a","props":{"href":"https://github.com/uni-helper/axios-adapter/issues/26","rel":["nofollow"]},"children":[{"type":"text","value":"https://github.com/uni-helper/axios-adapter/issues/26"}]},{"type":"text","value":" "},{"type":"element","tag":"a","props":{"href":"https://github.com/uni-helper/axios-adapter/commit/15e194e","rel":["nofollow"]},"children":[{"type":"element","tag":"samp","props":{},"children":[{"type":"text","value":"(15e19)"}]}]}]},{"type":"element","tag":"li","props":{},"children":[{"type":"text","value":"Update dependency axios to v1.8.2 "},{"type":"element","tag":"span","props":{},"children":[{"type":"text","value":"security"}]},{"type":"text","value":"  -  in "},{"type":"element","tag":"a","props":{"href":"https://github.com/uni-helper/axios-adapter/issues/40","rel":["nofollow"]},"children":[{"type":"text","value":"https://github.com/uni-helper/axios-adapter/issues/40"}]},{"type":"text","value":" "},{"type":"element","tag":"a","props":{"href":"https://github.com/uni-helper/axios-adapter/commit/2075d7c","rel":["nofollow"]},"children":[{"type":"element","tag":"samp","props":{},"children":[{"type":"text","value":"(2075d)"}]}]}]},{"type":"element","tag":"li","props":{},"children":[{"type":"text","value":"Update dependency vue-i18n to v9.14.5 "},{"type":"element","tag":"span","props":{},"children":[{"type":"text","value":"security"}]},{"type":"text","value":"  -  in "},{"type":"element","tag":"a","props":{"href":"https://github.com/uni-helper/axios-adapter/issues/36","rel":["nofollow"]},"children":[{"type":"text","value":"https://github.com/uni-helper/axios-adapter/issues/36"}]},{"type":"text","value":" "},{"type":"element","tag":"a","props":{"href":"https://github.com/uni-helper/axios-adapter/commit/08a4ede","rel":["nofollow"]},"children":[{"type":"element","tag":"samp","props":{},"children":[{"type":"text","value":"(08a4e)"}]}]}]},{"type":"element","tag":"li","props":{},"children":[{"type":"text","value":"Update @dcloudio to v3.0.0-alpha-4080420251023001  -  in "},{"type":"element","tag":"a","props":{"href":"https://github.com/uni-helper/axios-adapter/issues/23","rel":["nofollow"]},"children":[{"type":"text","value":"https://github.com/uni-helper/axios-adapter/issues/23"}]},{"type":"text","value":" "},{"type":"element","tag":"a","props":{"href":"https://github.com/uni-helper/axios-adapter/commit/eebed3f","rel":["nofollow"]},"children":[{"type":"element","tag":"samp","props":{},"children":[{"type":"text","value":"(eebed)"}]}]}]},{"type":"element","tag":"li","props":{},"children":[{"type":"text","value":"Update @dcloudio to v3.0.0-alpha-4080720251125001  -  in "},{"type":"element","tag":"a","props":{"href":"https://github.com/uni-helper/axios-adapter/issues/52","rel":["nofollow"]},"children":[{"type":"text","value":"https://github.com/uni-helper/axios-adapter/issues/52"}]},{"type":"text","value":" "},{"type":"element","tag":"a","props":{"href":"https://github.com/uni-helper/axios-adapter/commit/371bf1e","rel":["nofollow"]},"children":[{"type":"element","tag":"samp","props":{},"children":[{"type":"text","value":"(371bf)"}]}]}]}]}]}]},{"type":"element","tag":"h5","props":{"id":"view-changes-on-github"},"children":[{"type":"text","value":"    "},{"type":"element","tag":"a","props":{"href":"https://github.com/uni-helper/axios-adapter/compare/v1.5.2...v1.5.3","rel":["nofollow"]},"children":[{"type":"text","value":"View changes on GitHub"}]}]}]}},{"url":"https://github.com/uni-helper/uni-network/releases/tag/v0.23.1","icon":"i-carbon-content-delivery-network","repo":"uni-helper/uni-network","tag":"v0.23.1","title":"v0.23.1","date":"2025-12-18T01:21:41Z","body":{"type":"root","children":[{"type":"element","tag":"p","props":{},"children":[{"type":"element","tag":"em","props":{},"children":[{"type":"text","value":"No significant changes"}]}]},{"type":"element","tag":"h5","props":{"id":"view-changes-on-github"},"children":[{"type":"text","value":"    "},{"type":"element","tag":"a","props":{"href":"https://github.com/uni-helper/uni-network/compare/v0.23.0...v0.23.1","rel":["nofollow"]},"children":[{"type":"text","value":"View changes on GitHub"}]}]}]}},{"url":"https://github.com/uni-helper/uni-app-schemas-vscode/releases/tag/v0.9.5","icon":"i-codicon-json","repo":"uni-helper/uni-app-schemas-vscode","tag":"v0.9.5","title":"v0.9.5","date":"2025-12-11T10:32:18Z","body":{"type":"root","children":[{"type":"element","tag":"h3","props":{"id":"bug-fixes"},"children":[{"type":"text","value":"   🐞 Bug Fixes"}]},{"type":"element","tag":"ul","props":{},"children":[{"type":"element","tag":"li","props":{},"children":[{"type":"text","value":"Fix script  -  by @ModyQyW "},{"type":"element","tag":"a","props":{"href":"https://github.com/uni-helper/uni-app-schemas-vscode/commit/f119979","rel":["nofollow"]},"children":[{"type":"element","tag":"samp","props":{},"children":[{"type":"text","value":"(f1199)"}]}]}]}]},{"type":"element","tag":"h5","props":{"id":"view-changes-on-github"},"children":[{"type":"text","value":"    "},{"type":"element","tag":"a","props":{"href":"https://github.com/uni-helper/uni-app-schemas-vscode/compare/v0.9.4...v0.9.5","rel":["nofollow"]},"children":[{"type":"text","value":"View changes on GitHub"}]}]}]}},{"url":"https://github.com/uni-helper/vite-plugin-uni-manifest/releases/tag/v0.2.12","icon":"i-lucide:file-cog","repo":"uni-helper/vite-plugin-uni-manifest","tag":"v0.2.12","title":"v0.2.12","date":"2025-12-11T10:10:32Z","body":{"type":"root","children":[{"type":"element","tag":"h3","props":{"id":"features"},"children":[{"type":"text","value":"   🚀 Features"}]},{"type":"element","tag":"ul","props":{},"children":[{"type":"element","tag":"li","props":{},"children":[{"type":"text","value":"Support custom parsing configuration file path  -  by @GreatAuk in "},{"type":"element","tag":"a","props":{"href":"https://github.com/uni-helper/vite-plugin-uni-manifest/issues/79","rel":["nofollow"]},"children":[{"type":"text","value":"https://github.com/uni-helper/vite-plugin-uni-manifest/issues/79"}]},{"type":"text","value":" "},{"type":"element","tag":"a","props":{"href":"https://github.com/uni-helper/vite-plugin-uni-manifest/commit/c550c4f","rel":["nofollow"]},"children":[{"type":"element","tag":"samp","props":{},"children":[{"type":"text","value":"(c550c)"}]}]}]}]},{"type":"element","tag":"h3","props":{"id":"bug-fixes"},"children":[{"type":"text","value":"   🐞 Bug Fixes"}]},{"type":"element","tag":"ul","props":{},"children":[{"type":"element","tag":"li","props":{},"children":[{"type":"text","value":"Fix versionCode type, bump schemas  -  by @ModyQyW in "},{"type":"element","tag":"a","props":{"href":"https://github.com/uni-helper/vite-plugin-uni-manifest/issues/81","rel":["nofollow"]},"children":[{"type":"text","value":"https://github.com/uni-helper/vite-plugin-uni-manifest/issues/81"}]},{"type":"text","value":" "},{"type":"element","tag":"a","props":{"href":"https://github.com/uni-helper/vite-plugin-uni-manifest/commit/b38633e","rel":["nofollow"]},"children":[{"type":"element","tag":"samp","props":{},"children":[{"type":"text","value":"(b3863)"}]}]}]},{"type":"element","tag":"li","props":{},"children":[{"type":"text","value":"Fix app-plus.distribute.ios.UIBackgroundModes and bump schemas  -  by @ModyQyW in "},{"type":"element","tag":"a","props":{"href":"https://github.com/uni-helper/vite-plugin-uni-manifest/issues/82","rel":["nofollow"]},"children":[{"type":"text","value":"https://github.com/uni-helper/vite-plugin-uni-manifest/issues/82"}]},{"type":"text","value":" "},{"type":"element","tag":"a","props":{"href":"https://github.com/uni-helper/vite-plugin-uni-manifest/commit/15d2c9a","rel":["nofollow"]},"children":[{"type":"element","tag":"samp","props":{},"children":[{"type":"text","value":"(15d2c)"}]}]}]}]},{"type":"element","tag":"h5","props":{"id":"view-changes-on-github"},"children":[{"type":"text","value":"    "},{"type":"element","tag":"a","props":{"href":"https://github.com/uni-helper/vite-plugin-uni-manifest/compare/v0.2.11...v0.2.12","rel":["nofollow"]},"children":[{"type":"text","value":"View changes on GitHub"}]}]}]}},{"url":"https://github.com/uni-helper/eslint-config/releases/tag/v0.6.1","icon":"i-simple-icons:eslint","repo":"uni-helper/eslint-config","tag":"v0.6.1","title":"v0.6.1","date":"2025-12-08T07:24:15Z","body":{"type":"root","children":[{"type":"element","tag":"p","props":{},"children":[{"type":"element","tag":"em","props":{},"children":[{"type":"text","value":"No significant changes"}]}]},{"type":"element","tag":"h5","props":{"id":"view-changes-on-github"},"children":[{"type":"text","value":"    "},{"type":"element","tag":"a","props":{"href":"https://github.com/uni-helper/eslint-config/compare/v0.6.0...v0.6.1","rel":["nofollow"]},"children":[{"type":"text","value":"View changes on GitHub"}]}]}]}},{"url":"https://github.com/uni-helper/eslint-config/releases/tag/v0.6.0","icon":"i-simple-icons:eslint","repo":"uni-helper/eslint-config","tag":"v0.6.0","title":"v0.6.0","date":"2025-12-08T07:14:21Z","body":{"type":"root","children":[{"type":"element","tag":"p","props":{},"children":[{"type":"element","tag":"em","props":{},"children":[{"type":"text","value":"No significant changes"}]}]},{"type":"element","tag":"h5","props":{"id":"view-changes-on-github"},"children":[{"type":"text","value":"    "},{"type":"element","tag":"a","props":{"href":"https://github.com/uni-helper/eslint-config/compare/v0.5.0...v0.6.0","rel":["nofollow"]},"children":[{"type":"text","value":"View changes on GitHub"}]}]}]}},{"url":"https://github.com/uni-helper/uni-use/releases/tag/v0.19.17","icon":"i-logos:vueuse","repo":"uni-helper/uni-use","tag":"v0.19.17","title":"v0.19.17","date":"2025-11-26T07:59:54Z","body":{"type":"root","children":[{"type":"element","tag":"h3","props":{"id":"fixes-缺陷修复"},"children":[{"type":"text","value":"🩹 Fixes 缺陷修复:"}]},{"type":"element","tag":"ul","props":{},"children":[{"type":"element","tag":"li","props":{},"children":[{"type":"text","value":"fix: #52, useRequest的 url 支持 ref，并添加测试用例 - by @edwinhuish (2354168)"}]}]}]}},{"url":"https://github.com/uni-helper/uni-use/releases/tag/v0.19.16","icon":"i-logos:vueuse","repo":"uni-helper/uni-use","tag":"v0.19.16","title":"v0.19.16","date":"2025-11-26T06:15:05Z","body":{"type":"root","children":[{"type":"element","tag":"h3","props":{"id":"fixes-缺陷修复"},"children":[{"type":"text","value":"🩹 Fixes 缺陷修复:"}]},{"type":"element","tag":"ul","props":{},"children":[{"type":"element","tag":"li","props":{},"children":[{"type":"text","value":"fix: 修复 toValue 未定义 - by @edwinhuish (01c3db4)"}]},{"type":"element","tag":"li","props":{},"children":[{"type":"text","value":"fix: #60 修复 vue-demi 缺失报错 - by @edwinhuish (c495732)"}]}]}]}},{"url":"https://github.com/uni-helper/uni-typed/releases/tag/v1.0.0-alpha.7","icon":"i-hugeicons:typescript-01","repo":"uni-helper/uni-typed","tag":"v1.0.0-alpha.7","title":"v1.0.0-alpha.7","date":"2025-11-21T14:12:12Z","body":{"type":"root","children":[{"type":"element","tag":"h3","props":{"id":"features"},"children":[{"type":"text","value":"   🚀 Features"}]},{"type":"element","tag":"ul","props":{},"children":[{"type":"element","tag":"li","props":{},"children":[{"type":"element","tag":"strong","props":{},"children":[{"type":"text","value":"uat"}]},{"type":"text","value":":\n"},{"type":"element","tag":"ul","props":{},"children":[{"type":"element","tag":"li","props":{},"children":[{"type":"text","value":"Input nicknamereview event related  -  by @wtto00 in "},{"type":"element","tag":"a","props":{"href":"https://github.com/uni-helper/uni-typed/issues/24","rel":["nofollow"]},"children":[{"type":"text","value":"https://github.com/uni-helper/uni-typed/issues/24"}]},{"type":"text","value":" "},{"type":"element","tag":"a","props":{"href":"https://github.com/uni-helper/uni-typed/commit/628318f","rel":["nofollow"]},"children":[{"type":"element","tag":"samp","props":{},"children":[{"type":"text","value":"(62831)"}]}]}]},{"type":"element","tag":"li","props":{},"children":[{"type":"text","value":"Add getRealtimePhoneNumber for Button  -  by @wtto00 in "},{"type":"element","tag":"a","props":{"href":"https://github.com/uni-helper/uni-typed/issues/43","rel":["nofollow"]},"children":[{"type":"text","value":"https://github.com/uni-helper/uni-typed/issues/43"}]},{"type":"text","value":" "},{"type":"element","tag":"a","props":{"href":"https://github.com/uni-helper/uni-typed/commit/ae34a4d","rel":["nofollow"]},"children":[{"type":"element","tag":"samp","props":{},"children":[{"type":"text","value":"(ae34a)"}]}]}]}]}]}]},{"type":"element","tag":"h3","props":{"id":"bug-fixes"},"children":[{"type":"text","value":"   🐞 Bug Fixes"}]},{"type":"element","tag":"ul","props":{},"children":[{"type":"element","tag":"li","props":{},"children":[{"type":"text","value":"Textarea 组件 confirm-type 属性支持 return 值  -  by @skiyee in "},{"type":"element","tag":"a","props":{"href":"https://github.com/uni-helper/uni-typed/issues/30","rel":["nofollow"]},"children":[{"type":"text","value":"https://github.com/uni-helper/uni-typed/issues/30"}]},{"type":"text","value":" "},{"type":"element","tag":"a","props":{"href":"https://github.com/uni-helper/uni-typed/commit/65a270a","rel":["nofollow"]},"children":[{"type":"element","tag":"samp","props":{},"children":[{"type":"text","value":"(65a27)"}]}]}]},{"type":"element","tag":"li","props":{},"children":[{"type":"text","value":"Support vue >= 3.4  -  by @ModyQyW "},{"type":"element","tag":"a","props":{"href":"https://github.com/uni-helper/uni-typed/commit/3f18869","rel":["nofollow"]},"children":[{"type":"element","tag":"samp","props":{},"children":[{"type":"text","value":"(3f188)"}]}]}]},{"type":"element","tag":"li","props":{},"children":[{"type":"element","tag":"strong","props":{},"children":[{"type":"text","value":"uat"}]},{"type":"text","value":":\n"},{"type":"element","tag":"ul","props":{},"children":[{"type":"element","tag":"li","props":{},"children":[{"type":"text","value":"修正组件类型定义，去除一系列 JSX.IntrinsicElements 组件类型定义的 DefineComponent 泛型包裹  -  by @Vanisper in "},{"type":"element","tag":"a","props":{"href":"https://github.com/uni-helper/uni-typed/issues/32","rel":["nofollow"]},"children":[{"type":"text","value":"https://github.com/uni-helper/uni-typed/issues/32"}]},{"type":"text","value":" "},{"type":"element","tag":"a","props":{"href":"https://github.com/uni-helper/uni-typed/commit/3626dd8","rel":["nofollow"]},"children":[{"type":"element","tag":"samp","props":{},"children":[{"type":"text","value":"(3626d)"}]}]}]},{"type":"element","tag":"li","props":{},"children":[{"type":"text","value":"Fix uni-app-types "},{"type":"element","tag":"code","props":{"className":[]},"children":[{"type":"text","value":"_LivePusherProps.aspect"}]},{"type":"text","value":"  -  by @Cinea4678 in "},{"type":"element","tag":"a","props":{"href":"https://github.com/uni-helper/uni-typed/issues/42","rel":["nofollow"]},"children":[{"type":"text","value":"https://github.com/uni-helper/uni-typed/issues/42"}]},{"type":"text","value":" "},{"type":"element","tag":"a","props":{"href":"https://github.com/uni-helper/uni-typed/commit/63c2c5b","rel":["nofollow"]},"children":[{"type":"element","tag":"samp","props":{},"children":[{"type":"text","value":"(63c2c)"}]}]}]}]}]},{"type":"element","tag":"li","props":{},"children":[{"type":"element","tag":"strong","props":{},"children":[{"type":"text","value":"uut"}]},{"type":"text","value":":\n"},{"type":"element","tag":"ul","props":{},"children":[{"type":"element","tag":"li","props":{},"children":[{"type":"text","value":"Fix _UniFormsRulesRule  -  by @ModyQyW "},{"type":"element","tag":"a","props":{"href":"https://github.com/uni-helper/uni-typed/commit/59b4c34","rel":["nofollow"]},"children":[{"type":"element","tag":"samp","props":{},"children":[{"type":"text","value":"(59b4c)"}]}]}]}]}]}]},{"type":"element","tag":"h5","props":{"id":"view-changes-on-github"},"children":[{"type":"text","value":"    "},{"type":"element","tag":"a","props":{"href":"https://github.com/uni-helper/uni-typed/compare/v1.0.0-alpha.6...v1.0.0-alpha.7","rel":["nofollow"]},"children":[{"type":"text","value":"View changes on GitHub"}]}]}]}},{"url":"https://github.com/uni-helper/vite-plugin-uni-manifest/releases/tag/v0.2.11","icon":"i-lucide:file-cog","repo":"uni-helper/vite-plugin-uni-manifest","tag":"v0.2.11","title":"v0.2.11","date":"2025-11-18T13:20:54Z","body":{"type":"root","children":[{"type":"element","tag":"p","props":{},"children":[{"type":"element","tag":"em","props":{},"children":[{"type":"text","value":"No significant changes"}]}]},{"type":"element","tag":"h5","props":{"id":"view-changes-on-github"},"children":[{"type":"text","value":"    "},{"type":"element","tag":"a","props":{"href":"https://github.com/uni-helper/vite-plugin-uni-manifest/compare/v0.2.10...v0.2.11","rel":["nofollow"]},"children":[{"type":"text","value":"View changes on GitHub"}]}]}]}},{"url":"https://github.com/uni-helper/vite-plugin-uni-pages/releases/tag/v0.3.22","icon":"i-lucide:file-scan","repo":"uni-helper/vite-plugin-uni-pages","tag":"v0.3.22","title":"v0.3.22","date":"2025-11-13T09:47:11Z","body":{"type":"root","children":[{"type":"element","tag":"h3","props":{"id":"bug-fixes"},"children":[{"type":"text","value":"   🐞 Bug Fixes"}]},{"type":"element","tag":"ul","props":{},"children":[{"type":"element","tag":"li","props":{},"children":[{"type":"element","tag":"strong","props":{},"children":[{"type":"text","value":"types"}]},{"type":"text","value":": 修复未启用 dts 时 virtual:uni-pages 类型错误  -  by @xiaohe0601 in "},{"type":"element","tag":"a","props":{"href":"https://github.com/uni-helper/vite-plugin-uni-pages/issues/263","rel":["nofollow"]},"children":[{"type":"text","value":"https://github.com/uni-helper/vite-plugin-uni-pages/issues/263"}]},{"type":"text","value":" "},{"type":"element","tag":"a","props":{"href":"https://github.com/uni-helper/vite-plugin-uni-pages/commit/5abab33","rel":["nofollow"]},"children":[{"type":"element","tag":"samp","props":{},"children":[{"type":"text","value":"(5abab)"}]}]}]}]},{"type":"element","tag":"h5","props":{"id":"view-changes-on-github"},"children":[{"type":"text","value":"    "},{"type":"element","tag":"a","props":{"href":"https://github.com/uni-helper/vite-plugin-uni-pages/compare/v0.3.21...v0.3.22","rel":["nofollow"]},"children":[{"type":"text","value":"View changes on GitHub"}]}]}]}},{"url":"https://github.com/uni-helper/vite-plugin-uni-manifest/releases/tag/v0.2.10","icon":"i-lucide:file-cog","repo":"uni-helper/vite-plugin-uni-manifest","tag":"v0.2.10","title":"v0.2.10","date":"2025-11-13T09:19:39Z","body":{"type":"root","children":[{"type":"element","tag":"h3","props":{"id":"features"},"children":[{"type":"text","value":"   🚀 Features"}]},{"type":"element","tag":"ul","props":{},"children":[{"type":"element","tag":"li","props":{},"children":[{"type":"text","value":"Add app-harmony and mp-harmony  -  by @Moonofweisheng in "},{"type":"element","tag":"a","props":{"href":"https://github.com/uni-helper/vite-plugin-uni-manifest/issues/77","rel":["nofollow"]},"children":[{"type":"text","value":"https://github.com/uni-helper/vite-plugin-uni-manifest/issues/77"}]},{"type":"text","value":" "},{"type":"element","tag":"a","props":{"href":"https://github.com/uni-helper/vite-plugin-uni-manifest/commit/94621a7","rel":["nofollow"]},"children":[{"type":"element","tag":"samp","props":{},"children":[{"type":"text","value":"(94621)"}]}]}]}]},{"type":"element","tag":"h5","props":{"id":"view-changes-on-github"},"children":[{"type":"text","value":"    "},{"type":"element","tag":"a","props":{"href":"https://github.com/uni-helper/vite-plugin-uni-manifest/compare/v0.2.9...v0.2.10","rel":["nofollow"]},"children":[{"type":"text","value":"View changes on GitHub"}]}]}]}},{"url":"https://github.com/uni-helper/vite-plugin-uni-pages/releases/tag/v0.3.21","icon":"i-lucide:file-scan","repo":"uni-helper/vite-plugin-uni-pages","tag":"v0.3.21","title":"v0.3.21","date":"2025-11-08T02:56:36Z","body":{"type":"root","children":[{"type":"element","tag":"h3","props":{"id":"features"},"children":[{"type":"text","value":"   🚀 Features"}]},{"type":"element","tag":"ul","props":{},"children":[{"type":"element","tag":"li","props":{},"children":[{"type":"text","value":"Filter pages in mergePageMetaData to exclude sub-package pages #258  -  by @hairyf in "},{"type":"element","tag":"a","props":{"href":"https://github.com/uni-helper/vite-plugin-uni-pages/issues/259","rel":["nofollow"]},"children":[{"type":"text","value":"https://github.com/uni-helper/vite-plugin-uni-pages/issues/259"}]},{"type":"text","value":" and "},{"type":"element","tag":"a","props":{"href":"https://github.com/uni-helper/vite-plugin-uni-pages/issues/258","rel":["nofollow"]},"children":[{"type":"text","value":"https://github.com/uni-helper/vite-plugin-uni-pages/issues/258"}]},{"type":"text","value":" "},{"type":"element","tag":"a","props":{"href":"https://github.com/uni-helper/vite-plugin-uni-pages/commit/de38e00","rel":["nofollow"]},"children":[{"type":"element","tag":"samp","props":{},"children":[{"type":"text","value":"(de38e)"}]}]}]}]},{"type":"element","tag":"h3","props":{"id":"bug-fixes"},"children":[{"type":"text","value":"   🐞 Bug Fixes"}]},{"type":"element","tag":"ul","props":{},"children":[{"type":"element","tag":"li","props":{},"children":[{"type":"text","value":"排序 platforms 确保生成 pages.json 的一致性  -  by @gd4Ark "},{"type":"element","tag":"a","props":{"href":"https://github.com/uni-helper/vite-plugin-uni-pages/commit/ecb0d05","rel":["nofollow"]},"children":[{"type":"element","tag":"samp","props":{},"children":[{"type":"text","value":"(ecb0d)"}]}]}]}]},{"type":"element","tag":"h5","props":{"id":"view-changes-on-github"},"children":[{"type":"text","value":"    "},{"type":"element","tag":"a","props":{"href":"https://github.com/uni-helper/vite-plugin-uni-pages/compare/v0.3.20...v0.3.21","rel":["nofollow"]},"children":[{"type":"text","value":"View changes on GitHub"}]}]}]}},{"url":"https://github.com/uni-helper/uni-network/releases/tag/v0.23.0","icon":"i-carbon-content-delivery-network","repo":"uni-helper/uni-network","tag":"v0.23.0","title":"v0.23.0","date":"2025-10-27T11:58:50Z","body":{"type":"root","children":[{"type":"element","tag":"h3","props":{"id":"features"},"children":[{"type":"text","value":"   🚀 Features"}]},{"type":"element","tag":"ul","props":{},"children":[{"type":"element","tag":"li","props":{},"children":[{"type":"text","value":"Support more request options, omit request/upload/download config nullish value  -  by @ModyQyW "},{"type":"element","tag":"a","props":{"href":"https://github.com/uni-helper/uni-network/commit/24f7619","rel":["nofollow"]},"children":[{"type":"element","tag":"samp","props":{},"children":[{"type":"text","value":"(24f76)"}]}]}]}]},{"type":"element","tag":"h5","props":{"id":"view-changes-on-github"},"children":[{"type":"text","value":"    "},{"type":"element","tag":"a","props":{"href":"https://github.com/uni-helper/uni-network/compare/v0.22.0...v0.23.0","rel":["nofollow"]},"children":[{"type":"text","value":"View changes on GitHub"}]}]}]}},{"url":"https://github.com/uni-helper/vite-plugin-uni-pages/releases/tag/v0.3.20","icon":"i-lucide:file-scan","repo":"uni-helper/vite-plugin-uni-pages","tag":"v0.3.20","title":"v0.3.20","date":"2025-10-15T03:50:41Z","body":{"type":"root","children":[{"type":"element","tag":"h3","props":{"id":"performance"},"children":[{"type":"text","value":"   🏎 Performance"}]},{"type":"element","tag":"ul","props":{},"children":[{"type":"element","tag":"li","props":{},"children":[{"type":"text","value":"移除无用的赋值  -  by @edwinhuish "},{"type":"element","tag":"a","props":{"href":"https://github.com/uni-helper/vite-plugin-uni-pages/commit/3e5a814","rel":["nofollow"]},"children":[{"type":"element","tag":"samp","props":{},"children":[{"type":"text","value":"(3e5a8)"}]}]}]},{"type":"element","tag":"li","props":{},"children":[{"type":"text","value":"避免在循环内 JSON.stringify  -  by @edwinhuish "},{"type":"element","tag":"a","props":{"href":"https://github.com/uni-helper/vite-plugin-uni-pages/commit/b318f66","rel":["nofollow"]},"children":[{"type":"element","tag":"samp","props":{},"children":[{"type":"text","value":"(b318f)"}]}]}]}]},{"type":"element","tag":"h5","props":{"id":"view-changes-on-github"},"children":[{"type":"text","value":"    "},{"type":"element","tag":"a","props":{"href":"https://github.com/uni-helper/vite-plugin-uni-pages/compare/v0.3.19...v0.3.20","rel":["nofollow"]},"children":[{"type":"text","value":"View changes on GitHub"}]}]}]}},{"url":"https://github.com/uni-helper/vite-plugin-uni-manifest/releases/tag/v0.2.9","icon":"i-lucide:file-cog","repo":"uni-helper/vite-plugin-uni-manifest","tag":"v0.2.9","title":"v0.2.9","date":"2025-10-13T03:08:20Z","body":{"type":"root","children":[{"type":"element","tag":"h3","props":{"id":"features"},"children":[{"type":"text","value":"   🚀 Features"}]},{"type":"element","tag":"ul","props":{},"children":[{"type":"element","tag":"li","props":{},"children":[{"type":"text","value":"Add insertFinalNewline to UserOptions  -  by @tomgao365 in "},{"type":"element","tag":"a","props":{"href":"https://github.com/uni-helper/vite-plugin-uni-manifest/issues/56","rel":["nofollow"]},"children":[{"type":"text","value":"https://github.com/uni-helper/vite-plugin-uni-manifest/issues/56"}]},{"type":"text","value":" "},{"type":"element","tag":"a","props":{"href":"https://github.com/uni-helper/vite-plugin-uni-manifest/commit/6251784","rel":["nofollow"]},"children":[{"type":"element","tag":"samp","props":{},"children":[{"type":"text","value":"(62517)"}]}]}]}]},{"type":"element","tag":"h3","props":{"id":"bug-fixes"},"children":[{"type":"text","value":"   🐞 Bug Fixes"}]},{"type":"element","tag":"ul","props":{},"children":[{"type":"element","tag":"li","props":{},"children":[{"type":"text","value":"Fix mpAlipay lazyCodeLoading types  -  by @Hellokugou520 in "},{"type":"element","tag":"a","props":{"href":"https://github.com/uni-helper/vite-plugin-uni-manifest/issues/65","rel":["nofollow"]},"children":[{"type":"text","value":"https://github.com/uni-helper/vite-plugin-uni-manifest/issues/65"}]},{"type":"text","value":" "},{"type":"element","tag":"a","props":{"href":"https://github.com/uni-helper/vite-plugin-uni-manifest/commit/7fdcc2c","rel":["nofollow"]},"children":[{"type":"element","tag":"samp","props":{},"children":[{"type":"text","value":"(7fdcc)"}]}]}]},{"type":"element","tag":"li","props":{},"children":[{"type":"element","tag":"strong","props":{},"children":[{"type":"text","value":"deps"}]},{"type":"text","value":":\n"},{"type":"element","tag":"ul","props":{},"children":[{"type":"element","tag":"li","props":{},"children":[{"type":"text","value":"Update @dcloudio  -  in "},{"type":"element","tag":"a","props":{"href":"https://github.com/uni-helper/vite-plugin-uni-manifest/issues/53","rel":["nofollow"]},"children":[{"type":"text","value":"https://github.com/uni-helper/vite-plugin-uni-manifest/issues/53"}]},{"type":"text","value":" "},{"type":"element","tag":"a","props":{"href":"https://github.com/uni-helper/vite-plugin-uni-manifest/commit/af2e69c","rel":["nofollow"]},"children":[{"type":"element","tag":"samp","props":{},"children":[{"type":"text","value":"(af2e6)"}]}]}]},{"type":"element","tag":"li","props":{},"children":[{"type":"text","value":"Update @dcloudio to v3.0.0-alpha-4060720250515001  -  in "},{"type":"element","tag":"a","props":{"href":"https://github.com/uni-helper/vite-plugin-uni-manifest/issues/60","rel":["nofollow"]},"children":[{"type":"text","value":"https://github.com/uni-helper/vite-plugin-uni-manifest/issues/60"}]},{"type":"text","value":" "},{"type":"element","tag":"a","props":{"href":"https://github.com/uni-helper/vite-plugin-uni-manifest/commit/c4a519a","rel":["nofollow"]},"children":[{"type":"element","tag":"samp","props":{},"children":[{"type":"text","value":"(c4a51)"}]}]}]},{"type":"element","tag":"li","props":{},"children":[{"type":"text","value":"Update @dcloudio to v3.0.0-alpha-4070320250627001  -  in "},{"type":"element","tag":"a","props":{"href":"https://github.com/uni-helper/vite-plugin-uni-manifest/issues/61","rel":["nofollow"]},"children":[{"type":"text","value":"https://github.com/uni-helper/vite-plugin-uni-manifest/issues/61"}]},{"type":"text","value":" "},{"type":"element","tag":"a","props":{"href":"https://github.com/uni-helper/vite-plugin-uni-manifest/commit/2bb93c5","rel":["nofollow"]},"children":[{"type":"element","tag":"samp","props":{},"children":[{"type":"text","value":"(2bb93)"}]}]}]},{"type":"element","tag":"li","props":{},"children":[{"type":"text","value":"Update @dcloudio to v3.0.0-alpha-4070620250722001  -  in "},{"type":"element","tag":"a","props":{"href":"https://github.com/uni-helper/vite-plugin-uni-manifest/issues/64","rel":["nofollow"]},"children":[{"type":"text","value":"https://github.com/uni-helper/vite-plugin-uni-manifest/issues/64"}]},{"type":"text","value":" "},{"type":"element","tag":"a","props":{"href":"https://github.com/uni-helper/vite-plugin-uni-manifest/commit/95a64c3","rel":["nofollow"]},"children":[{"type":"element","tag":"samp","props":{},"children":[{"type":"text","value":"(95a64)"}]}]}]},{"type":"element","tag":"li","props":{},"children":[{"type":"text","value":"Update @dcloudio to v3.0.0-alpha-4080120250919001  -  in "},{"type":"element","tag":"a","props":{"href":"https://github.com/uni-helper/vite-plugin-uni-manifest/issues/67","rel":["nofollow"]},"children":[{"type":"text","value":"https://github.com/uni-helper/vite-plugin-uni-manifest/issues/67"}]},{"type":"text","value":" "},{"type":"element","tag":"a","props":{"href":"https://github.com/uni-helper/vite-plugin-uni-manifest/commit/81c6f42","rel":["nofollow"]},"children":[{"type":"element","tag":"samp","props":{},"children":[{"type":"text","value":"(81c6f)"}]}]}]}]}]}]},{"type":"element","tag":"h5","props":{"id":"view-changes-on-github"},"children":[{"type":"text","value":"    "},{"type":"element","tag":"a","props":{"href":"https://github.com/uni-helper/vite-plugin-uni-manifest/compare/v0.2.8...v0.2.9","rel":["nofollow"]},"children":[{"type":"text","value":"View changes on GitHub"}]}]}]}},{"url":"https://github.com/uni-helper/vite-plugin-uni-pages/releases/tag/v0.3.19","icon":"i-lucide:file-scan","repo":"uni-helper/vite-plugin-uni-pages","tag":"v0.3.19","title":"v0.3.19","date":"2025-10-09T16:32:23Z","body":{"type":"root","children":[{"type":"element","tag":"h3","props":{"id":"bug-fixes"},"children":[{"type":"text","value":"   🐞 Bug Fixes"}]},{"type":"element","tag":"ul","props":{},"children":[{"type":"element","tag":"li","props":{},"children":[{"type":"text","value":"修复pages.config.ts中tabbar属性无法正确合并到pages.json中的问题  -  by "},{"type":"element","tag":"strong","props":{},"children":[{"type":"text","value":"blacksharksjc"}]},{"type":"text","value":" "},{"type":"element","tag":"a","props":{"href":"https://github.com/uni-helper/vite-plugin-uni-pages/commit/4d569ed","rel":["nofollow"]},"children":[{"type":"element","tag":"samp","props":{},"children":[{"type":"text","value":"(4d569)"}]}]}]}]},{"type":"element","tag":"h3","props":{"id":"performance"},"children":[{"type":"text","value":"   🏎 Performance"}]},{"type":"element","tag":"ul","props":{},"children":[{"type":"element","tag":"li","props":{},"children":[{"type":"text","value":"#243 优化性能  -  by @edwinhuish in "},{"type":"element","tag":"a","props":{"href":"https://github.com/uni-helper/vite-plugin-uni-pages/issues/243","rel":["nofollow"]},"children":[{"type":"text","value":"https://github.com/uni-helper/vite-plugin-uni-pages/issues/243"}]},{"type":"text","value":" "},{"type":"element","tag":"a","props":{"href":"https://github.com/uni-helper/vite-plugin-uni-pages/commit/df3db65","rel":["nofollow"]},"children":[{"type":"element","tag":"samp","props":{},"children":[{"type":"text","value":"(df3db)"}]}]}]},{"type":"element","tag":"li","props":{},"children":[{"type":"text","value":"优化合并 pagesJson 的逻辑  -  by @edwinhuish "},{"type":"element","tag":"a","props":{"href":"https://github.com/uni-helper/vite-plugin-uni-pages/commit/9dfd5ad","rel":["nofollow"]},"children":[{"type":"element","tag":"samp","props":{},"children":[{"type":"text","value":"(9dfd5)"}]}]}]},{"type":"element","tag":"li","props":{},"children":[{"type":"text","value":"删除无用函数  -  by @edwinhuish "},{"type":"element","tag":"a","props":{"href":"https://github.com/uni-helper/vite-plugin-uni-pages/commit/5c4144f","rel":["nofollow"]},"children":[{"type":"element","tag":"samp","props":{},"children":[{"type":"text","value":"(5c414)"}]}]}]}]},{"type":"element","tag":"h5","props":{"id":"view-changes-on-github"},"children":[{"type":"text","value":"    "},{"type":"element","tag":"a","props":{"href":"https://github.com/uni-helper/vite-plugin-uni-pages/compare/v0.3.18...v0.3.19","rel":["nofollow"]},"children":[{"type":"text","value":"View changes on GitHub"}]}]}]}},{"url":"https://github.com/uni-helper/vite-plugin-uni-pages/releases/tag/v0.3.18","icon":"i-lucide:file-scan","repo":"uni-helper/vite-plugin-uni-pages","tag":"v0.3.18","title":"v0.3.18","date":"2025-10-09T14:18:38Z","body":{"type":"root","children":[{"type":"element","tag":"h3","props":{"id":"bug-fixes"},"children":[{"type":"text","value":"   🐞 Bug Fixes"}]},{"type":"element","tag":"ul","props":{},"children":[{"type":"element","tag":"li","props":{},"children":[{"type":"text","value":"#250 setTimeout is not defined  -  by @edwinhuish in "},{"type":"element","tag":"a","props":{"href":"https://github.com/uni-helper/vite-plugin-uni-pages/issues/250","rel":["nofollow"]},"children":[{"type":"text","value":"https://github.com/uni-helper/vite-plugin-uni-pages/issues/250"}]},{"type":"text","value":" "},{"type":"element","tag":"a","props":{"href":"https://github.com/uni-helper/vite-plugin-uni-pages/commit/cdbd5d9","rel":["nofollow"]},"children":[{"type":"element","tag":"samp","props":{},"children":[{"type":"text","value":"(cdbd5)"}]}]}]}]},{"type":"element","tag":"h3","props":{"id":"performance"},"children":[{"type":"text","value":"   🏎 Performance"}]},{"type":"element","tag":"ul","props":{},"children":[{"type":"element","tag":"li","props":{},"children":[{"type":"text","value":"将 execScript 改为 parseCode,  -  by @edwinhuish "},{"type":"element","tag":"a","props":{"href":"https://github.com/uni-helper/vite-plugin-uni-pages/commit/caea8f7","rel":["nofollow"]},"children":[{"type":"element","tag":"samp","props":{},"children":[{"type":"text","value":"(caea8)"}]}]}]}]},{"type":"element","tag":"h5","props":{"id":"view-changes-on-github"},"children":[{"type":"text","value":"    "},{"type":"element","tag":"a","props":{"href":"https://github.com/uni-helper/vite-plugin-uni-pages/compare/v0.3.17...v0.3.18","rel":["nofollow"]},"children":[{"type":"text","value":"View changes on GitHub"}]}]}]}}]