[{"title":"全部项目","_path":"/packages","icon":"ri-menu-2-fill","fullpage":true},{"title":"项目关系","_path":"/relations","fullpage":true},{"title":"更新日志","_path":"/changelog","icon":"ri-menu-2-fill","fullpage":true},{"title":"Awesome uni-app","_path":"/awesome-uni-app","children":[{"title":"Awesome uni-app","_path":"/awesome-uni-app","icon":"simple-icons:awesomelists","navTruncate":false,"badges":[{"value":"source","icon":"lucide:code","to":"https://github.com/uni-helper/awesome-uni-app","target":"_blank"}]}],"icon":"simple-icons:awesomelists","navTruncate":false,"badges":[{"value":"source","icon":"lucide:code","to":"https://github.com/uni-helper/awesome-uni-app","target":"_blank"}]},{"title":"axios-adapter","_path":"/axios-adapter","children":[{"title":"axios-adapter","_path":"/axios-adapter","icon":"i-simple-icons:axios","navTruncate":false,"badges":[{"value":"npm","to":"https://www.npmjs.com/package/@uni-helper/axios-adapter","target":"_blank"},{"value":"source","icon":"lucide:code","to":"https://github.com/uni-helper/axios-adapter","target":"_blank"},{"value":"赞助","icon":"lucide:coffee","to":"https://afdian.com/a/kejun","target":"_blank"}]}],"icon":"i-simple-icons:axios","navTruncate":false,"badges":[{"value":"npm","to":"https://www.npmjs.com/package/@uni-helper/axios-adapter","target":"_blank"},{"value":"source","icon":"lucide:code","to":"https://github.com/uni-helper/axios-adapter","target":"_blank"},{"value":"赞助","icon":"lucide:coffee","to":"https://afdian.com/a/kejun","target":"_blank"}],"toc":{"links":[{"title":"点亮星星","icon":"lucide:star","to":"https://github.com/uni-helper/axios-adapter","target":"_blank"},{"title":"反馈问题","icon":"lucide:github","to":"https://github.com/uni-helper/axios-adapter/issues","target":"_blank"}]},"collapse":false},{"title":"create-uni","_path":"/create-uni","children":[{"title":"uni-app 脚手架","_path":"/create-uni/core","icon":"ic:round-terminal","navTruncate":false,"badges":[{"value":"npm","to":"https://www.npmjs.com/package/create-uni","target":"_blank"},{"value":"source","icon":"lucide:code","to":"https://github.com/uni-helper/create-uni","target":"_blank"},{"value":"赞助","icon":"lucide:coffee","to":"https://afdian.com/a/flippedround","target":"_blank"}]},{"title":"图形化界面","_path":"/create-uni/gui","icon":"lucide:app-window","navBadges":[{"value":"New","type":"lime"}],"navTruncate":false,"badges":[{"value":"npm","to":"https://www.npmjs.com/package/create-uni","target":"_blank"},{"value":"source","icon":"lucide:code","to":"https://github.com/uni-helper/create-uni","target":"_blank"},{"value":"赞助","icon":"lucide:coffee","to":"https://afdian.com/a/flippedround","target":"_blank"}]},{"title":"环境信息","_path":"/create-uni/info","icon":"ri:info-card-line","navTruncate":false,"badges":[{"value":"npm","to":"https://www.npmjs.com/package/create-uni","target":"_blank"},{"value":"source","icon":"lucide:code","to":"https://github.com/uni-helper/create-uni","target":"_blank"},{"value":"赞助","icon":"lucide:coffee","to":"https://afdian.com/a/flippedround","target":"_blank"}]},{"title":"MCP服务","_path":"/create-uni/mcp","icon":"lucide:mouse-pointer-click","navBadges":[{"value":"New","type":"lime"}],"navTruncate":false,"badges":[{"value":"npm","to":"https://www.npmjs.com/package/create-uni","target":"_blank"},{"value":"source","icon":"lucide:code","to":"https://github.com/uni-helper/create-uni","target":"_blank"},{"value":"赞助","icon":"lucide:coffee","to":"https://afdian.com/a/flippedround","target":"_blank"}]}],"toc":{"links":[{"title":"点亮星星","icon":"lucide:star","to":"https://github.com/uni-helper/create-uni","target":"_blank"},{"title":"反馈问题","icon":"lucide:github","to":"https://github.com/uni-helper/create-uni/issues","target":"_blank"}]},"collapse":false,"redirect":"/create-uni/core"},{"title":"eslint-config","_path":"/eslint-config","children":[{"title":"eslint-config","_path":"/eslint-config","icon":"simple-icons:eslint","navTruncate":false,"badges":[{"value":"npm","to":"https://www.npmjs.com/package/@uni-helper/eslint-config","target":"_blank"},{"value":"source","icon":"lucide:code","to":"https://github.com/uni-helper/eslint-config","target":"_blank"}]}],"icon":"simple-icons:eslint","navTruncate":false,"badges":[{"value":"npm","to":"https://www.npmjs.com/package/@uni-helper/eslint-config","target":"_blank"},{"value":"source","icon":"lucide:code","to":"https://github.com/uni-helper/eslint-config","target":"_blank"}]},{"title":"hbuilderx-cli","_path":"/hbuilderx-cli","children":[{"title":"hbuilderx-cli","_path":"/hbuilderx-cli","icon":"carbon:chart-network","navTruncate":false,"badges":[{"value":"npm","to":"https://www.npmjs.com/package/@uni-helper/hbuilderx-cli","target":"_blank"},{"value":"source","icon":"lucide:code","to":"https://github.com/uni-helper/hbuilderx-cli","target":"_blank"}]}],"icon":"carbon:chart-network","navTruncate":false,"badges":[{"value":"npm","to":"https://www.npmjs.com/package/@uni-helper/hbuilderx-cli","target":"_blank"},{"value":"source","icon":"lucide:code","to":"https://github.com/uni-helper/hbuilderx-cli","target":"_blank"}]},{"title":"hbuilderx-vanilla","_path":"/hbuilderx-vanilla","children":[{"title":"项目介绍","_path":"/hbuilderx-vanilla/introduction","icon":"carbon:package","navTruncate":false,"badges":[{"value":"docker","icon":"simple-icons:docker","to":"https://hub.docker.com/r/flymyd114/hbuilderx-vanilla","target":"_blank"},{"value":"source","icon":"lucide:code","to":"https://github.com/uni-helper/hbuilderx-vanilla","target":"_blank"}]},{"title":"API 接口","_path":"/hbuilderx-vanilla/api","icon":"ant-design:api-outlined","navTruncate":false,"badges":[{"value":"docker","icon":"simple-icons:docker","to":"https://hub.docker.com/r/flymyd114/hbuilderx-vanilla","target":"_blank"},{"value":"source","icon":"lucide:code","to":"https://github.com/uni-helper/hbuilderx-vanilla","target":"_blank"}]},{"title":"自行构建","_path":"/hbuilderx-vanilla/build","icon":"lucide:hammer","navTruncate":false,"badges":[{"value":"docker","icon":"simple-icons:docker","to":"https://hub.docker.com/r/flymyd114/hbuilderx-vanilla","target":"_blank"},{"value":"source","icon":"lucide:code","to":"https://github.com/uni-helper/hbuilderx-vanilla","target":"_blank"}]}],"toc":{"links":[{"title":"点亮星星","icon":"lucide:star","to":"https://github.com/uni-helper/hbuilderx-vanilla","target":"_blank"},{"title":"反馈问题","icon":"lucide:github","to":"https://github.com/uni-helper/hbuilderx-vanilla/issues","target":"_blank"},{"title":"Docker Hub","icon":"simple-icons:docker","to":"https://hub.docker.com/r/flymyd114/hbuilderx-vanilla","target":"_blank"}]},"collapse":false,"redirect":"/hbuilderx-vanilla/introduction"},{"title":"plugin-uni","_path":"/plugin-uni","children":[{"title":"plugin-uni","_path":"/plugin-uni","icon":"lucide:rocket","navTruncate":false,"badges":[{"value":"npm","to":"https://www.npmjs.com/package/@uni-helper/plugin-uni","target":"_blank"},{"value":"source","icon":"lucide:code","to":"https://github.com/uni-helper/plugin-uni","target":"_blank"},{"value":"赞助","icon":"lucide:coffee","to":"https://afdian.com/a/flippedround","target":"_blank"}]}],"icon":"lucide:rocket","navTruncate":false,"badges":[{"value":"npm","to":"https://www.npmjs.com/package/@uni-helper/plugin-uni","target":"_blank"},{"value":"source","icon":"lucide:code","to":"https://github.com/uni-helper/plugin-uni","target":"_blank"},{"value":"赞助","icon":"lucide:coffee","to":"https://afdian.com/a/flippedround","target":"_blank"}],"toc":{"links":[{"title":"点亮星星","icon":"lucide:star","to":"https://github.com/uni-helper/plugin-uni","target":"_blank"},{"title":"反馈问题","icon":"lucide:github","to":"https://github.com/uni-helper/plugin-uni/issues","target":"_blank"}]},"collapse":false},{"title":"unh","_path":"/unh","children":[{"title":"安装","_path":"/unh/installation","icon":"lucide:mouse-pointer-click","navTruncate":false,"badges":[{"value":"npm","to":"https://www.npmjs.com/package/@uni-helper/unh","target":"_blank"},{"value":"source","icon":"lucide:code","to":"https://github.com/uni-helper/unh","target":"_blank"}]},{"title":"平台别名","_path":"/unh/alias","icon":"oui:token-alias","navTruncate":false,"badges":[{"value":"npm","to":"https://www.npmjs.com/package/@uni-helper/unh","target":"_blank"},{"value":"source","icon":"lucide:code","to":"https://github.com/uni-helper/unh","target":"_blank"}]},{"title":"自定义Hooks","_path":"/unh/hooks","icon":"carbon:webhook","navTruncate":false,"badges":[{"value":"npm","to":"https://www.npmjs.com/package/@uni-helper/unh","target":"_blank"},{"value":"source","icon":"lucide:code","to":"https://github.com/uni-helper/unh","target":"_blank"}]},{"title":"自动生成配置","_path":"/unh/auto-generate","icon":"carbon:document-add","navTruncate":false,"badges":[{"value":"npm","to":"https://www.npmjs.com/package/@uni-helper/unh","target":"_blank"},{"value":"source","icon":"lucide:code","to":"https://github.com/uni-helper/unh","target":"_blank"}]},{"title":"小程序开发者工具","_path":"/unh/devtools","icon":"carbon:development","navTruncate":false,"badges":[{"value":"npm","to":"https://www.npmjs.com/package/@uni-helper/unh","target":"_blank"},{"value":"source","icon":"lucide:code","to":"https://github.com/uni-helper/unh","target":"_blank"}]},{"title":"环境变量配置","_path":"/unh/env","icon":"lucide:chevrons-left-right-ellipsis","navTruncate":false,"badges":[{"value":"npm","to":"https://www.npmjs.com/package/@uni-helper/unh","target":"_blank"},{"value":"source","icon":"lucide:code","to":"https://github.com/uni-helper/unh","target":"_blank"}]}],"toc":{"links":[{"title":"点亮星星","icon":"lucide:star","to":"https://github.com/uni-helper/unh","target":"_blank"},{"title":"反馈问题","icon":"lucide:github","to":"https://github.com/uni-helper/unh/issues","target":"_blank"}]},"collapse":false,"redirect":"/unh/installation"},{"title":"uni-deploy","_path":"/uni-deploy","children":[{"title":"uni-deploy","_path":"/uni-deploy","icon":"carbon:chart-network","navTruncate":false,"badges":[{"value":"npm","to":"https://www.npmjs.com/package/@uni-helper/uni-deploy","target":"_blank"},{"value":"source","icon":"lucide:code","to":"https://github.com/uni-helper/uni-deploy","target":"_blank"}]}],"icon":"carbon:chart-network","navTruncate":false,"badges":[{"value":"npm","to":"https://www.npmjs.com/package/@uni-helper/uni-deploy","target":"_blank"},{"value":"source","icon":"lucide:code","to":"https://github.com/uni-helper/uni-deploy","target":"_blank"}]},{"title":"uni-devtools","_path":"/uni-devtools","children":[{"title":"uni-devtools","_path":"/uni-devtools","icon":"carbon:executable-program","navTruncate":false,"badges":[{"value":"npm","to":"https://www.npmjs.com/package/@uni-helper/devtools","target":"_blank"},{"value":"source","icon":"lucide:code","to":"https://github.com/uni-helper/devtools","target":"_blank"}]}],"icon":"carbon:executable-program","navTruncate":false,"badges":[{"value":"npm","to":"https://www.npmjs.com/package/@uni-helper/devtools","target":"_blank"},{"value":"source","icon":"lucide:code","to":"https://github.com/uni-helper/devtools","target":"_blank"}]},{"title":"uni-env","_path":"/uni-env","children":[{"title":"uni-env","_path":"/uni-env","icon":"carbon:chart-network","navTruncate":false,"badges":[{"value":"npm","to":"https://www.npmjs.com/package/@uni-helper/uni-env","target":"_blank"},{"value":"source","icon":"lucide:code","to":"https://github.com/uni-helper/uni-env","target":"_blank"}]}],"icon":"carbon:chart-network","navTruncate":false,"badges":[{"value":"npm","to":"https://www.npmjs.com/package/@uni-helper/uni-env","target":"_blank"},{"value":"source","icon":"lucide:code","to":"https://github.com/uni-helper/uni-env","target":"_blank"}]},{"title":"uni-network","_path":"/uni-network","children":[{"title":"指南","_path":"/uni-network/guide","children":[{"title":"介绍","_path":"/uni-network/guide/introduction","icon":"lucide:notebook-text"},{"title":"起步","_path":"/uni-network/guide/installation","icon":"lucide:rocket","navTruncate":false},{"title":"基本用例","_path":"/uni-network/guide/example","icon":"material-symbols:developer-guide-outline-rounded","navTruncate":false}],"collapse":false},{"title":"API","_path":"/uni-network/api","children":[{"title":"API","_path":"/uni-network/api/introduction","icon":"ant-design:api-outlined","navTruncate":false},{"title":"实例","_path":"/uni-network/api/instance","icon":"lucide:inspection-panel","navTruncate":false},{"title":"请求配置","_path":"/uni-network/api/request-config","icon":"lucide:chevrons-left-right","navTruncate":false},{"title":"响应结构","_path":"/uni-network/api/response-schema","icon":"material-symbols:schema-outline-rounded","navTruncate":false},{"title":"默认配置","_path":"/uni-network/api/config-defaults","icon":"lucide:chevrons-left-right-ellipsis","navTruncate":false}],"collapse":false},{"title":"进阶","_path":"/uni-network/advanced","children":[{"title":"拦截器","_path":"/uni-network/advanced/interceptors","icon":"arcticons:intercepter-ng","navTruncate":false},{"title":"错误处理","_path":"/uni-network/advanced/handling-errors","icon":"material-symbols:error-circle-rounded-outline-sharp","navTruncate":false},{"title":"取消请求","_path":"/uni-network/advanced/cancellation","icon":"material-symbols:cancel-outline-rounded","navTruncate":false},{"title":"TypeScript 支持","_path":"/uni-network/advanced/typescript-support","icon":"i-hugeicons:typescript-01","navTruncate":false},{"title":"高级功能","_path":"/uni-network/advanced/enhancements","icon":"lucide:bookmark-plus","navTruncate":false},{"title":"组合式函数","_path":"/uni-network/advanced/composition-api","icon":"icon-park-outline:composition","navTruncate":false}],"collapse":false},{"title":"其他","_path":"/uni-network/other","children":[{"title":"构建与环境支持","_path":"/uni-network/other/build","icon":"material-symbols:build-outline-rounded","navTruncate":false},{"title":"比较","_path":"/uni-network/other/comparison","icon":"material-symbols:compare-arrows-rounded","navTruncate":false},{"title":"致谢","_path":"/uni-network/other/thank","icon":"ic:outline-handshake","navTruncate":false}],"collapse":false}],"toc":{"links":[{"title":"点亮星星","icon":"lucide:star","to":"https://github.com/uni-helper/uni-network","target":"_blank"},{"title":"反馈问题","icon":"lucide:github","to":"https://github.com/uni-helper/uni-network/issues","target":"_blank"}]},"collapse":false,"redirect":"/uni-network/guide/introduction"},{"title":"uni-promises","_path":"/uni-promises","children":[{"title":"uni-promises","_path":"/uni-promises","icon":"eos-icons:action-chains-outlined","navTruncate":false,"badges":[{"value":"npm","to":"https://www.npmjs.com/package/@uni-helper/uni-promises","target":"_blank"},{"value":"source","icon":"lucide:code","to":"https://github.com/uni-helper/uni-promises","target":"_blank"}]}],"icon":"eos-icons:action-chains-outlined","navTruncate":false,"badges":[{"value":"npm","to":"https://www.npmjs.com/package/@uni-helper/uni-promises","target":"_blank"},{"value":"source","icon":"lucide:code","to":"https://github.com/uni-helper/uni-promises","target":"_blank"}]},{"title":"uni-typed","_path":"/uni-typed","children":[{"title":"指南","_path":"/uni-typed/guide","children":[{"title":"为什么？","_path":"/uni-typed/guide/why","icon":"material-symbols:question-mark-rounded","navTruncate":false,"badges":[{"value":"npm","to":"https://www.npmjs.com/package/@uni-helper/uni-typed","target":"_blank"},{"value":"source","icon":"lucide:code","to":"https://github.com/uni-helper/uni-typed","target":"_blank"}]},{"title":"起步","_path":"/uni-typed/guide/getting-started","icon":"lucide:rocket","navTruncate":false,"badges":[{"value":"npm","to":"https://www.npmjs.com/package/@uni-helper/uni-typed","target":"_blank"},{"value":"source","icon":"lucide:code","to":"https://github.com/uni-helper/uni-typed","target":"_blank"}]},{"title":"uni-app-types","_path":"/uni-typed/guide/uni-app-types","icon":"hugeicons:typescript-01","navTruncate":false,"badges":[{"value":"npm","to":"https://www.npmjs.com/package/@uni-helper/uni-app-types","target":"_blank"},{"value":"source","icon":"lucide:code","to":"https://github.com/uni-helper/uni-typed","target":"_blank"}]},{"title":"uni-cloud-types","_path":"/uni-typed/guide/uni-cloud-types","icon":"hugeicons:typescript-01","navTruncate":false,"badges":[{"value":"npm","to":"https://www.npmjs.com/package/@uni-helper//uni-cloud-types","target":"_blank"},{"value":"source","icon":"lucide:code","to":"https://github.com/uni-helper/uni-typed","target":"_blank"}]},{"title":"uni-ui-types","_path":"/uni-typed/guide/uni-ui-types","icon":"hugeicons:typescript-01","navTruncate":false,"badges":[{"value":"npm","to":"https://www.npmjs.com/package/@uni-helper/uni-ui-types","target":"_blank"},{"value":"source","icon":"lucide:code","to":"https://github.com/uni-helper/uni-typed","target":"_blank"}]},{"title":"uni-types","_path":"/uni-typed/guide/uni-types","icon":"hugeicons:typescript-01","navTruncate":false,"badges":[{"value":"npm","to":"https://www.npmjs.com/package/@uni-helper/uni-types","target":"_blank"},{"value":"source","icon":"lucide:code","to":"https://github.com/uni-helper/uni-typed","target":"_blank"}]},{"title":"uni-app-components","_path":"/uni-typed/guide/uni-app-components","icon":"hugeicons:typescript-01","navTruncate":false,"badges":[{"value":"npm","to":"https://www.npmjs.com/package/@uni-helper/uni-types","target":"_blank"},{"value":"source","icon":"lucide:code","to":"https://github.com/uni-helper/uni-typed","target":"_blank"}]},{"title":"uni-cloud-components","_path":"/uni-typed/guide/uni-cloud-components","icon":"hugeicons:typescript-01","navTruncate":false,"badges":[{"value":"npm","to":"https://www.npmjs.com/package/@uni-helper/uni-types","target":"_blank"},{"value":"source","icon":"lucide:code","to":"https://github.com/uni-helper/uni-typed","target":"_blank"}]},{"title":"uni-ui-components","_path":"/uni-typed/guide/uni-ui-components","icon":"hugeicons:typescript-01","navTruncate":false,"badges":[{"value":"npm","to":"https://www.npmjs.com/package/@uni-helper/uni-types","target":"_blank"},{"value":"source","icon":"lucide:code","to":"https://github.com/uni-helper/uni-typed","target":"_blank"}]},{"title":"uni-components","_path":"/uni-typed/guide/uni-components","icon":"hugeicons:typescript-01","navTruncate":false,"badges":[{"value":"npm","to":"https://www.npmjs.com/package/@uni-helper/uni-types","target":"_blank"},{"value":"source","icon":"lucide:code","to":"https://github.com/uni-helper/uni-typed","target":"_blank"}]}],"collapse":false},{"title":"其他","_path":"/uni-typed/other","children":[{"title":"常见问题","_path":"/uni-typed/other/faq","icon":"qlementine-icons:faq-16","navTruncate":false,"badges":[{"value":"npm","to":"https://www.npmjs.com/package/@uni-helper/uni-types","target":"_blank"},{"value":"source","icon":"lucide:code","to":"https://github.com/uni-helper/uni-typed","target":"_blank"}]},{"title":"从 v0 迁移到 v1","_path":"/uni-typed/other/migrate-v0-to-v1","icon":"carbon:migrate","navTruncate":false,"badges":[{"value":"npm","to":"https://www.npmjs.com/package/@uni-helper/uni-types","target":"_blank"},{"value":"source","icon":"lucide:code","to":"https://github.com/uni-helper/uni-typed","target":"_blank"}]}],"collapse":false}],"toc":{"links":[{"title":"点亮星星","icon":"lucide:star","to":"https://github.com/uni-helper/uni-typed","target":"_blank"},{"title":"反馈问题","icon":"lucide:github","to":"https://github.com/uni-helper/uni-typed/issues","target":"_blank"}]},"collapse":false,"redirect":"/uni-typed/guide/getting-started"},{"title":"uni-use","_path":"/uni-use","children":[{"title":"快速开始","_path":"/uni-use/guide","children":[{"title":"uni-use","_path":"/uni-use/guide/installation","icon":"lucide:rocket","navTruncate":false,"badges":[{"value":"npm","to":"https://www.npmjs.com/package/@uni-helper/uni-use","target":"_blank"},{"value":"source","icon":"lucide:code","to":"https://github.com/uni-helper/uni-use","target":"_blank"}]},{"title":"注意事项","_path":"/uni-use/guide/notice","icon":"lucide:info","navTruncate":false,"badges":[{"value":"npm","to":"https://www.npmjs.com/package/@uni-helper/uni-use","target":"_blank"},{"value":"source","icon":"lucide:code","to":"https://github.com/uni-helper/uni-use","target":"_blank"}]}],"collapse":false},{"title":"API文档","_path":"/uni-use/api","children":[{"title":"tryOnBackPress","_path":"/uni-use/api/tryonbackpress"},{"title":"tryOnHide","_path":"/uni-use/api/tryonhide"},{"title":"tryOnInit","_path":"/uni-use/api/tryoninit"},{"title":"tryOnLoad","_path":"/uni-use/api/tryonload"},{"title":"tryOnReady","_path":"/uni-use/api/tryonready"},{"title":"tryOnScopeDispose","_path":"/uni-use/api/tryonscopedispose"},{"title":"tryOnShow","_path":"/uni-use/api/tryonshow"},{"title":"tryOnUnload","_path":"/uni-use/api/tryonunload"},{"title":"useActionSheet","_path":"/uni-use/api/useactionsheet"},{"title":"useClipboardData","_path":"/uni-use/api/useclipboarddata"},{"title":"useDownloadFile","_path":"/uni-use/api/usedownloadfile"},{"title":"useGlobalData","_path":"/uni-use/api/useglobaldata"},{"title":"useInterceptor","_path":"/uni-use/api/useinterceptor"},{"title":"useLoading","_path":"/uni-use/api/useloading"},{"title":"useModal","_path":"/uni-use/api/usemodal"},{"title":"useNetwork","_path":"/uni-use/api/usenetwork"},{"title":"useOnline","_path":"/uni-use/api/useonline"},{"title":"usePage","_path":"/uni-use/api/usepage"},{"title":"usePages","_path":"/uni-use/api/usepages"},{"title":"usePageScroll","_path":"/uni-use/api/usepagescroll"},{"title":"usePreferredDark","_path":"/uni-use/api/usepreferreddark"},{"title":"usePreferredLanguage","_path":"/uni-use/api/usepreferredlanguage"},{"title":"usePrevPage","_path":"/uni-use/api/useprevpage"},{"title":"usePrevRoute","_path":"/uni-use/api/useprevroute"},{"title":"useProvider","_path":"/uni-use/api/useprovider"},{"title":"useQuery","_path":"/uni-use/api/usequery"},{"title":"useRequest","_path":"/uni-use/api/userequest"},{"title":"useRoute","_path":"/uni-use/api/useroute"},{"title":"useRouter","_path":"/uni-use/api/userouter"},{"title":"useScanCode","_path":"/uni-use/api/usescancode"},{"title":"useScreenBrightness","_path":"/uni-use/api/usescreenbrightness"},{"title":"useSelectorQuery","_path":"/uni-use/api/useselectorquery"},{"title":"useSocket","_path":"/uni-use/api/usesocket"},{"title":"useStorage","_path":"/uni-use/api/usestorage"},{"title":"useStorageAsync (废弃，请使用 useStorage)","_path":"/uni-use/api/usestorageasync"},{"title":"useStorageSync","_path":"/uni-use/api/usestoragesync"},{"title":"useToast","_path":"/uni-use/api/usetoast"},{"title":"useUploadFile","_path":"/uni-use/api/useuploadfile"},{"title":"useVisible","_path":"/uni-use/api/usevisible"}],"collapse":false}],"toc":{"links":[{"title":"Star on Github","icon":"lucide:star","to":"https://github.com/uni-helper/uni-use","target":"_blank"},{"title":"反馈问题","icon":"lucide:github","to":"https://github.com/uni-helper/uni-use/issues","target":"_blank"}]},"collapse":false,"redirect":"/uni-use/guide/installation"},{"title":"unocss-preset-uni","_path":"/unocss-preset-uni","children":[{"title":"unocss-preset-uni","_path":"/unocss-preset-uni","icon":"logos:unocss","navTruncate":false,"badges":[{"value":"npm","to":"https://www.npmjs.com/package/@uni-helper/unocss-preset-uni","target":"_blank"},{"value":"source","icon":"lucide:code","to":"https://github.com/uni-helper/unocss-preset-uni","target":"_blank"}]}],"icon":"logos:unocss","navTruncate":false,"badges":[{"value":"npm","to":"https://www.npmjs.com/package/@uni-helper/unocss-preset-uni","target":"_blank"},{"value":"source","icon":"lucide:code","to":"https://github.com/uni-helper/unocss-preset-uni","target":"_blank"}],"toc":{"links":[{"title":"点亮星星","icon":"lucide:star","to":"https://github.com/uni-helper/unocss-preset-uni","target":"_blank"},{"title":"反馈问题","icon":"lucide:github","to":"https://github.com/uni-helper/unocss-preset-uni/issues","target":"_blank"}]},"collapse":false},{"title":"plugin-uni-components","_path":"/vite-plugin-uni-components","children":[{"title":"vite-plugin-uni-components","_path":"/vite-plugin-uni-components","icon":"carbon:workspace-import","navTruncate":false,"badges":[{"value":"npm","to":"https://www.npmjs.com/package/@uni-helper/vite-plugin-uni-components","target":"_blank"},{"value":"source","icon":"lucide:code","to":"https://github.com/uni-helper/vite-plugin-uni-components","target":"_blank"}]}],"icon":"carbon:workspace-import","navTruncate":false,"badges":[{"value":"npm","to":"https://www.npmjs.com/package/@uni-helper/vite-plugin-uni-components","target":"_blank"},{"value":"source","icon":"lucide:code","to":"https://github.com/uni-helper/vite-plugin-uni-components","target":"_blank"}],"toc":{"links":[{"title":"点亮星星","icon":"lucide:star","to":"https://github.com/uni-helper/vite-plugin-uni-components","target":"_blank"},{"title":"反馈问题","icon":"lucide:github","to":"https://github.com/uni-helper/vite-plugin-uni-components/issues","target":"_blank"}]},"collapse":false},{"title":"plugin-uni-layouts","_path":"/vite-plugin-uni-layouts","children":[{"title":"vite-plugin-uni-layouts","_path":"/vite-plugin-uni-layouts","icon":"lucide:layout-dashboard","navTruncate":false,"badges":[{"value":"npm","to":"https://www.npmjs.com/package/@uni-helper/vite-plugin-uni-layouts","target":"_blank"},{"value":"source","icon":"lucide:code","to":"https://github.com/uni-helper/vite-plugin-uni-layouts","target":"_blank"}]}],"icon":"lucide:layout-dashboard","navTruncate":false,"badges":[{"value":"npm","to":"https://www.npmjs.com/package/@uni-helper/vite-plugin-uni-layouts","target":"_blank"},{"value":"source","icon":"lucide:code","to":"https://github.com/uni-helper/vite-plugin-uni-layouts","target":"_blank"}],"toc":{"links":[{"title":"点亮星星","icon":"lucide:star","to":"https://github.com/uni-helper/vite-plugin-uni-layouts","target":"_blank"},{"title":"反馈问题","icon":"lucide:github","to":"https://github.com/uni-helper/vite-plugin-uni-layouts/issues","target":"_blank"}]},"collapse":false},{"title":"plugin-uni-manifest","_path":"/vite-plugin-uni-manifest","children":[{"title":"vite-plugin-uni-manifest","_path":"/vite-plugin-uni-manifest","icon":"lucide:file-cog","navTruncate":false,"badges":[{"value":"npm","to":"https://www.npmjs.com/package/@uni-helper/vite-plugin-uni-manifest","target":"_blank"},{"value":"source","icon":"lucide:code","to":"https://github.com/uni-helper/vite-plugin-uni-manifest","target":"_blank"}]}],"icon":"lucide:file-cog","navTruncate":false,"badges":[{"value":"npm","to":"https://www.npmjs.com/package/@uni-helper/vite-plugin-uni-manifest","target":"_blank"},{"value":"source","icon":"lucide:code","to":"https://github.com/uni-helper/vite-plugin-uni-manifest","target":"_blank"}],"toc":{"links":[{"title":"点亮星星","icon":"lucide:star","to":"https://github.com/uni-helper/vite-plugin-uni-manifest","target":"_blank"},{"title":"反馈问题","icon":"lucide:github","to":"https://github.com/uni-helper/vite-plugin-uni-manifest/issues","target":"_blank"}]},"collapse":false},{"title":"plugin-uni-middleware","_path":"/vite-plugin-uni-middleware","children":[{"title":"vite-plugin-uni-middleware","_path":"/vite-plugin-uni-middleware","icon":"mdi:middleware","navTruncate":false,"badges":[{"value":"npm","to":"https://www.npmjs.com/package/@uni-helper/vite-plugin-uni-middleware","target":"_blank"},{"value":"source","icon":"lucide:code","to":"https://github.com/uni-helper/vite-plugin-uni-middleware","target":"_blank"}]}],"icon":"mdi:middleware","navTruncate":false,"badges":[{"value":"npm","to":"https://www.npmjs.com/package/@uni-helper/vite-plugin-uni-middleware","target":"_blank"},{"value":"source","icon":"lucide:code","to":"https://github.com/uni-helper/vite-plugin-uni-middleware","target":"_blank"}],"toc":{"links":[{"title":"点亮星星","icon":"lucide:star","to":"https://github.com/uni-helper/vite-plugin-uni-middleware","target":"_blank"},{"title":"反馈问题","icon":"lucide:github","to":"https://github.com/uni-helper/vite-plugin-uni-middleware/issues","target":"_blank"}]},"collapse":false},{"title":"plugin-uni-pages","_path":"/vite-plugin-uni-pages","children":[{"title":"起步","_path":"/vite-plugin-uni-pages/guide","icon":"lucide:rocket","navTruncate":false,"badges":[{"value":"npm","to":"https://www.npmjs.com/package/@uni-helper/vite-plugin-uni-pages","target":"_blank"},{"value":"source","icon":"lucide:code","to":"https://github.com/uni-helper/vite-plugin-uni-pages","target":"_blank"}]},{"title":"definePage","_path":"/vite-plugin-uni-pages/definepage","icon":"material-symbols:macro-auto-rounded","navBadges":[{"value":"New","type":"lime"}],"navTruncate":false,"badges":[{"value":"npm","to":"https://www.npmjs.com/package/@uni-helper/vite-plugin-uni-pages","target":"_blank"},{"value":"source","icon":"lucide:code","to":"https://github.com/uni-helper/vite-plugin-uni-pages","target":"_blank"}]},{"title":"配置","_path":"/vite-plugin-uni-pages/option","icon":"lucide:option","navTruncate":false,"badges":[{"value":"npm","to":"https://www.npmjs.com/package/@uni-helper/vite-plugin-uni-pages","target":"_blank"},{"value":"source","icon":"lucide:code","to":"https://github.com/uni-helper/vite-plugin-uni-pages","target":"_blank"}]},{"title":"扩展","_path":"/vite-plugin-uni-pages/extension","icon":"gg:extension-add","navTruncate":false}],"icon":"i-lucide:file-scan","toc":{"links":[{"title":"点亮星星","icon":"lucide:star","to":"https://github.com/uni-helper/vite-plugin-uni-pages","target":"_blank"},{"title":"反馈问题","icon":"lucide:github","to":"https://github.com/uni-helper/vite-plugin-uni-pages/issues","target":"_blank"}]},"collapse":false,"redirect":"/vite-plugin-uni-pages/guide"},{"title":"plugin-uni-platform-modifier","_path":"/vite-plugin-uni-platform-modifier","children":[{"title":"vite-plugin-uni-platform-modifier","_path":"/vite-plugin-uni-platform-modifier","icon":"octicon:diff-modified-16","navTruncate":false,"badges":[{"value":"npm","to":"https://www.npmjs.com/package/@uni-helper/vite-plugin-uni-platform-modifier","target":"_blank"},{"value":"source","icon":"lucide:code","to":"https://github.com/uni-helper/vite-plugin-uni-platform-modifier","target":"_blank"}]}],"icon":"octicon:diff-modified-16","navTruncate":false,"badges":[{"value":"npm","to":"https://www.npmjs.com/package/@uni-helper/vite-plugin-uni-platform-modifier","target":"_blank"},{"value":"source","icon":"lucide:code","to":"https://github.com/uni-helper/vite-plugin-uni-platform-modifier","target":"_blank"}],"toc":{"links":[{"title":"点亮星星","icon":"lucide:star","to":"https://github.com/uni-helper/vite-plugin-uni-platform-modifier","target":"_blank"},{"title":"反馈问题","icon":"lucide:github","to":"https://github.com/uni-helper/vite-plugin-uni-platform-modifier/issues","target":"_blank"}]},"collapse":false},{"title":"plugin-uni-platform","_path":"/vite-plugin-uni-platform","children":[{"title":"vite-plugin-uni-platform","_path":"/vite-plugin-uni-platform","icon":"carbon:platforms","navTruncate":false,"badges":[{"value":"npm","to":"https://www.npmjs.com/package/@uni-helper/vite-plugin-uni-platform","target":"_blank"},{"value":"source","icon":"lucide:code","to":"https://github.com/uni-helper/vite-plugin-uni-platform","target":"_blank"}]}],"icon":"carbon:platforms","navTruncate":false,"badges":[{"value":"npm","to":"https://www.npmjs.com/package/@uni-helper/vite-plugin-uni-platform","target":"_blank"},{"value":"source","icon":"lucide:code","to":"https://github.com/uni-helper/vite-plugin-uni-platform","target":"_blank"}],"toc":{"links":[{"title":"点亮星星","icon":"lucide:star","to":"https://github.com/uni-helper/vite-plugin-uni-platform","target":"_blank"},{"title":"反馈问题","icon":"lucide:github","to":"https://github.com/uni-helper/vite-plugin-uni-platform/issues","target":"_blank"}]},"collapse":false},{"title":"vitesse-uni-app","_path":"/vitesse-uni-app","children":[{"title":"快速开始","_path":"/vitesse-uni-app/getting-started","children":[{"title":"介绍","_path":"/vitesse-uni-app/getting-started/introduction","icon":"lucide:notebook-text"},{"title":"起步","_path":"/vitesse-uni-app/getting-started/installation","icon":"lucide:rocket","navTruncate":false},{"title":"视图","_path":"/vitesse-uni-app/getting-started/views","icon":"lucide:component","navTruncate":true},{"title":"样式","_path":"/vitesse-uni-app/getting-started/styling","icon":"vscode-icons:file-type-unocss","navTruncate":false},{"title":"数据获取","_path":"/vitesse-uni-app/getting-started/data-fetching","icon":"simple-icons:axios","navTruncate":false},{"title":"状态管理","_path":"/vitesse-uni-app/getting-started/state-management","icon":"lucide:archive-restore","navTruncate":false},{"title":"部署","_path":"/vitesse-uni-app/getting-started/deployment","icon":"material-symbols:deployed-code-update-outline-rounded","navTruncate":false}],"collapse":false,"redirect":"/vitesse-uni-app/getting-started/introduction"},{"title":"指南","_path":"/vitesse-uni-app/guide","children":[{"title":"自动导入","_path":"/vitesse-uni-app/guide/auto-imports","icon":"material-symbols:auto-fix-outline","navTruncate":false},{"title":"uni-app 开发","_path":"/vitesse-uni-app/guide/uniapp-development","icon":"ri:tools-line","navTruncate":false},{"title":"TypeScript","_path":"/vitesse-uni-app/guide/typescript","icon":"hugeicons:typescript-01","navTruncate":false}],"collapse":false,"redirect":"/vitesse-uni-app/guide/auto-imports"}],"toc":{"links":[{"title":"点亮星星","icon":"lucide:star","to":"https://github.com/uni-helper/vitesse-uni-app","target":"_blank"},{"title":"反馈问题","icon":"lucide:github","to":"https://github.com/uni-helper/vitesse-uni-app/issues","target":"_blank"}]},"collapse":false,"redirect":"/vitesse-uni-app/getting-started/introduction"},{"title":"vscode 插件","_path":"/vs-code","children":[{"title":"uni-helper-vscode","_path":"/vs-code/uni-helper-vscode","icon":"codicon-package","navTruncate":false,"badges":[{"value":"marketplace","to":"https://marketplace.visualstudio.com/items?itemName=uni-helper.uni-helper-vscode","target":"_blank"},{"value":"source","icon":"lucide:code","to":"https://github.com/uni-helper/uni-helper-vscode","target":"_blank"}]},{"title":"uni-highlight-vscode","_path":"/vs-code/uni-highlight-vscode","icon":"carbon:text-highlight","navTruncate":false,"badges":[{"value":"marketplace","to":"https://marketplace.visualstudio.com/items?itemName=uni-helper.uni-highlight-vscode","target":"_blank"},{"value":"source","icon":"lucide:code","to":"https://github.com/uni-helper/uni-highlight-vscode","target":"_blank"}]},{"title":"uni-app-schemas-vscode","_path":"/vs-code/uni-app-schemas-vscode","icon":"codicon:json","navTruncate":false,"badges":[{"value":"marketplace","to":"https://marketplace.visualstudio.com/items?itemName=uni-helper.uni-app-schemas-vscode","target":"_blank"},{"value":"source","icon":"lucide:code","to":"https://github.com/uni-helper/uni-app-schemas-vscode","target":"_blank"}]},{"title":"uni-app-snippets-vscode","_path":"/vs-code/uni-app-snippets-vscode","icon":"ic:outline-snippet-folder","navTruncate":false,"badges":[{"value":"marketplace","to":"https://marketplace.visualstudio.com/items?itemName=uni-helper.uni-app-snippets-vscode","target":"_blank"},{"value":"source","icon":"lucide:code","to":"https://github.com/uni-helper/uni-app-snippets-vscode","target":"_blank"}]},{"title":"uni-ui-snippets-vscode","_path":"/vs-code/uni-ui-snippets-vscode","icon":"ic:outline-snippet-folder","navTruncate":false,"badges":[{"value":"marketplace","to":"https://marketplace.visualstudio.com/items?itemName=uni-helper.uni-ui-snippets-vscode","target":"_blank"},{"value":"source","icon":"lucide:code","to":"https://github.com/uni-helper/uni-ui-snippets-vscode","target":"_blank"}]},{"title":"uni-cloud-snippets-vscode","_path":"/vs-code/uni-cloud-snippets-vscode","icon":"ic:outline-snippet-folder","navTruncate":false,"badges":[{"value":"marketplace","to":"https://marketplace.visualstudio.com/items?itemName=uni-helper.uni-cloud-snippets-vscode","target":"_blank"},{"value":"source","icon":"lucide:code","to":"https://github.com/uni-helper/uni-cloud-snippets-vscode","target":"_blank"}]},{"title":"uni-create-view","_path":"/vs-code/uni-create-view","icon":"ic:outline-create-new-folder","navTruncate":false,"badges":[{"value":"marketplace","to":"https://marketplace.visualstudio.com/items?itemName=mrmaoddxxaa.create-uniapp-view","target":"_blank"},{"value":"source","icon":"lucide:code","to":"https://github.com/uni-helper/uni-create-view","target":"_blank"}]}],"toc":{"links":[{"title":"点亮星星","icon":"lucide:star","to":"https://github.com/uni-helper/uni-helper-vscode","target":"_blank"},{"title":"反馈问题","icon":"lucide:github","to":"https://github.com/uni-helper/uni-helper-vscode/issues","target":"_blank"},{"title":"安装插件","icon":"lucide:download","to":"https://marketplace.visualstudio.com/items?itemName=uni-helper.uni-helper-vscode","target":"_blank"}]},"collapse":false}]